order_id,order_date,revenue,cost,satisfaction_score,shipping_days,category,region
ORD-000000,2023-01-01,102.36,41.24,4,4.68,gadgets,south
ORD-000001,2023-01-01,108.61,36.26,1,1.82,gadgets,south
ORD-000002,2023-01-01,71.16,53.43,2,3.48,widgets,east
ORD-000003,2023-01-01,99.91,47.76,4,3.79,widgets,south
ORD-000004,2023-01-01,113.44,52.62,4,3.7,accessories,north
ORD-000005,2023-01-02,79.12,39.42,3,5.04,gadgets,west
ORD-000006,2023-01-02,102.36,44.77,3,2.87,accessories,east
ORD-000007,2023-01-02,80.69,49.43,4,2.61,accessories,west
ORD-000008,2023-01-02,85.07,19.94,4,3.29,tools,west
ORD-000009,2023-01-02,88.66,5.0,5,3.71,accessories,west
ORD-000010,2023-01-02,71.51,40.71,4,3.5,accessories,west
ORD-000011,2023-01-03,96.28,71.79,5,1.86,widgets,north
ORD-000012,2023-01-03,111.51,62.45,1,5.14,widgets,east
ORD-000013,2023-01-03,103.06,10.93,2,3.07,accessories,north
ORD-000014,2023-01-03,88.07,35.28,5,4.17,gadgets,south
ORD-000015,2023-01-03,108.79,44.52,3,2.8,accessories,west
ORD-000016,2023-01-04,136.66,18.73,5,2.09,accessories,east
ORD-000017,2023-01-04,125.75,70.9,2,3.59,tools,west
ORD-000018,2023-01-04,128.14,36.57,5,2.63,gadgets,north
ORD-000019,2023-01-04,140.91,35.77,4,3.54,accessories,east
ORD-000020,2023-01-05,106.46,31.93,1,3.62,widgets,east
ORD-000021,2023-01-05,119.69,62.02,2,3.84,widgets,east
ORD-000022,2023-01-05,96.68,77.21,4,2.41,widgets,north
ORD-000023,2023-01-05,85.97,44.58,3,3.1,accessories,south
ORD-000024,2023-01-05,83.83,53.36,1,2.8,gadgets,south
ORD-000025,2023-01-06,28.04,23.08,3,3.19,gadgets,west
ORD-000026,2023-01-06,57.79,51.1,3,4.85,accessories,west
ORD-000027,2023-01-06,60.81,22.36,5,4.24,widgets,south
ORD-000028,2023-01-06,69.52,48.89,3,4.32,tools,north
ORD-000029,2023-01-06,50.2,80.19,5,3.37,accessories,north
ORD-000030,2023-01-06,41.69,54.04,5,4.86,gadgets,north
ORD-000031,2023-01-06,34.82,47.94,1,1.51,gadgets,south
ORD-000032,2023-01-06,77.39,39.3,3,3.24,gadgets,north
ORD-000033,2023-01-06,49.61,24.64,1,2.9,gadgets,south
ORD-000034,2023-01-06,56.21,37.71,2,7.19,tools,north
ORD-000035,2023-01-07,82.43,36.36,1,2.66,accessories,west
ORD-000036,2023-01-07,85.32,5.0,2,1.4,accessories,east
ORD-000037,2023-01-07,100.3,66.02,2,2.68,widgets,west
ORD-000038,2023-01-07,85.35,18.61,4,2.13,accessories,north
ORD-000039,2023-01-07,73.61,36.44,3,2.82,tools,east
ORD-000040,2023-01-07,81.64,45.34,3,3.49,accessories,south
ORD-000041,2023-01-08,75.7,42.25,3,4.92,widgets,south
ORD-000042,2023-01-08,101.41,28.98,3,2.61,gadgets,west
ORD-000043,2023-01-08,66.15,29.37,2,3.89,tools,north
ORD-000044,2023-01-08,47.76,39.18,5,2.57,tools,east
ORD-000045,2023-01-08,73.24,18.86,2,2.86,accessories,north
ORD-000046,2023-01-08,53.17,24.25,4,3.87,accessories,west
ORD-000047,2023-01-08,92.23,53.13,5,1.71,tools,east
ORD-000048,2023-01-08,55.98,37.52,3,2.23,widgets,north
ORD-000049,2023-01-09,90.34,51.8,2,2.09,widgets,east
ORD-000050,2023-01-09,61.04,47.58,5,3.52,widgets,north
ORD-000051,2023-01-09,82.03,5.0,2,1.63,widgets,south
ORD-000052,2023-01-09,52.7,17.66,3,1.97,gadgets,east
ORD-000053,2023-01-09,59.21,18.31,5,2.96,accessories,west
ORD-000054,2023-01-09,72.17,77.84,4,6.34,widgets,north
ORD-000055,2023-01-09,76.53,39.97,1,3.46,widgets,north
ORD-000056,2023-01-09,60.5,33.19,5,2.53,widgets,west
ORD-000057,2023-01-10,113.94,32.78,5,4.51,accessories,south
ORD-000058,2023-01-10,105.21,19.59,3,1.75,tools,west
ORD-000059,2023-01-10,116.13,72.53,2,2.83,gadgets,south
ORD-000060,2023-01-10,129.09,47.45,2,1.72,accessories,east
ORD-000061,2023-01-10,114.3,54.74,3,5.58,widgets,north
ORD-000062,2023-01-11,105.1,32.05,1,2.28,widgets,west
ORD-000063,2023-01-11,101.67,56.73,2,3.11,gadgets,south
ORD-000064,2023-01-11,90.59,55.41,1,3.19,tools,east
ORD-000065,2023-01-11,85.93,23.94,5,4.03,gadgets,south
ORD-000066,2023-01-11,76.92,28.77,4,3.91,tools,north
ORD-000067,2023-01-11,101.12,62.48,2,5.02,accessories,west
ORD-000068,2023-01-12,93.11,68.24,2,2.7,accessories,north
ORD-000069,2023-01-12,132.31,58.47,1,1.26,tools,north
ORD-000070,2023-01-12,99.86,54.21,1,3.21,tools,west
ORD-000071,2023-01-12,118.33,35.17,1,7.26,tools,west
ORD-000072,2023-01-12,98.17,74.7,5,4.82,accessories,east
ORD-000073,2023-01-13,100.29,24.64,5,1.88,gadgets,south
ORD-000074,2023-01-13,84.56,78.46,3,1.66,widgets,north
ORD-000075,2023-01-13,102.65,23.13,1,5.71,gadgets,north
ORD-000076,2023-01-13,101.16,24.14,1,1.58,gadgets,west
ORD-000077,2023-01-13,94.43,29.77,3,2.46,widgets,east
ORD-000078,2023-01-14,84.33,24.12,1,7.43,widgets,south
ORD-000079,2023-01-14,64.3,27.11,5,2.94,accessories,south
ORD-000080,2023-01-14,60.31,47.34,2,2.8,gadgets,south
ORD-000081,2023-01-14,81.4,44.8,4,2.64,tools,west
ORD-000082,2023-01-14,103.75,32.68,4,3.21,gadgets,north
ORD-000083,2023-01-14,90.96,33.41,3,2.12,widgets,north
ORD-000084,2023-01-15,128.63,62.17,4,1.27,widgets,south
ORD-000085,2023-01-15,134.91,48.14,3,1.82,gadgets,east
ORD-000086,2023-01-15,145.98,57.12,3,2.67,gadgets,west
ORD-000087,2023-01-15,141.97,37.9,2,6.25,gadgets,north
ORD-000088,2023-01-16,86.91,42.53,1,3.07,gadgets,west
ORD-000089,2023-01-16,76.53,61.43,1,2.96,gadgets,north
ORD-000090,2023-01-16,93.06,41.76,1,3.03,gadgets,east
ORD-000091,2023-01-16,109.49,29.53,2,3.78,accessories,west
ORD-000092,2023-01-16,76.28,43.67,3,1.65,accessories,south
ORD-000093,2023-01-16,108.39,75.56,4,2.71,widgets,east
ORD-000094,2023-01-16,73.45,30.87,2,2.38,accessories,south
ORD-000095,2023-01-17,126.9,51.15,4,2.95,accessories,south
ORD-000096,2023-01-17,96.6,5.0,3,5.78,widgets,west
ORD-000097,2023-01-17,126.1,39.02,1,2.71,widgets,north
ORD-000098,2023-01-17,118.08,27.99,2,2.55,accessories,west
ORD-000099,2023-01-17,114.62,36.16,3,1.85,widgets,east
ORD-000100,2023-01-18,116.3,5.0,4,3.45,gadgets,east
ORD-000101,2023-01-18,85.05,46.85,5,3.18,gadgets,east
ORD-000102,2023-01-18,103.19,20.75,2,1.64,tools,south
ORD-000103,2023-01-18,96.67,29.18,3,4.32,gadgets,south
ORD-000104,2023-01-18,81.22,29.82,3,2.41,tools,north
ORD-000105,2023-01-18,88.02,23.08,1,2.05,widgets,west
ORD-000106,2023-01-19,122.19,52.9,1,2.72,tools,west
ORD-000107,2023-01-19,91.02,43.08,3,1.9,accessories,north
ORD-000108,2023-01-19,93.88,47.71,2,4.18,widgets,south
ORD-000109,2023-01-19,116.4,54.06,3,3.33,gadgets,east
ORD-000110,2023-01-19,100.58,35.32,5,2.42,accessories,south
ORD-000111,2023-01-20,192.4,23.9,5,4.17,gadgets,north
ORD-000112,2023-01-20,177.31,64.87,1,5.05,tools,south
ORD-000113,2023-01-20,191.37,86.32,4,2.46,widgets,south
ORD-000114,2023-01-21,50.72,50.78,4,2.19,widgets,east
ORD-000115,2023-01-21,55.22,32.36,1,2.66,widgets,east
ORD-000116,2023-01-21,77.75,27.74,2,2.52,widgets,west
ORD-000117,2023-01-21,68.49,24.68,2,3.22,tools,west
ORD-000118,2023-01-21,47.94,32.46,2,4.07,accessories,west
ORD-000119,2023-01-21,50.54,25.21,5,2.76,tools,west
ORD-000120,2023-01-21,83.8,25.22,5,1.48,widgets,north
ORD-000121,2023-01-21,62.52,77.43,2,3.03,accessories,west
ORD-000122,2023-01-21,31.37,33.44,1,4.54,tools,south
ORD-000123,2023-01-22,159.2,36.7,3,2.45,gadgets,east
ORD-000124,2023-01-22,101.79,52.34,3,2.93,gadgets,west
ORD-000125,2023-01-22,127.24,41.28,1,3.5,gadgets,east
ORD-000126,2023-01-22,119.97,43.15,5,3.52,accessories,east
ORD-000127,2023-01-22,101.54,27.8,3,2.25,accessories,west
ORD-000128,2023-01-23,92.63,21.46,3,2.94,widgets,west
ORD-000129,2023-01-23,65.4,23.72,5,2.95,tools,north
ORD-000130,2023-01-23,82.61,34.08,4,2.84,gadgets,south
ORD-000131,2023-01-23,92.54,64.19,1,2.52,widgets,north
ORD-000132,2023-01-23,66.64,49.75,2,1.08,accessories,west
ORD-000133,2023-01-23,71.79,25.04,1,2.98,gadgets,north
ORD-000134,2023-01-23,95.95,48.24,1,2.67,gadgets,west
ORD-000135,2023-01-24,146.18,57.75,2,3.85,gadgets,west
ORD-000136,2023-01-24,155.76,64.8,4,2.97,tools,south
ORD-000137,2023-01-24,130.74,57.16,5,2.68,widgets,north
ORD-000138,2023-01-24,144.06,45.05,3,1.67,widgets,east
ORD-000139,2023-01-25,97.48,49.04,2,4.16,tools,east
ORD-000140,2023-01-25,108.87,58.19,4,2.57,widgets,east
ORD-000141,2023-01-25,96.7,5.0,1,3.47,accessories,west
ORD-000142,2023-01-25,79.63,37.12,5,3.25,accessories,west
ORD-000143,2023-01-25,95.96,40.53,3,3.98,tools,east
ORD-000144,2023-01-25,102.72,53.11,4,2.07,gadgets,west
ORD-000145,2023-01-26,82.26,39.7,1,3.0,tools,south
ORD-000146,2023-01-26,89.32,36.29,3,4.27,gadgets,north
ORD-000147,2023-01-26,101.75,15.72,1,1.59,accessories,west
ORD-000148,2023-01-26,99.05,42.38,4,1.14,gadgets,east
ORD-000149,2023-01-26,110.66,34.76,3,2.56,accessories,south
ORD-000150,2023-01-26,70.89,71.12,2,3.14,widgets,east
ORD-000151,2023-01-27,70.01,34.69,1,3.37,widgets,west
ORD-000152,2023-01-27,71.22,50.76,1,2.6,accessories,east
ORD-000153,2023-01-27,76.75,26.45,4,2.8,accessories,south
ORD-000154,2023-01-27,85.16,31.24,1,1.79,gadgets,north
ORD-000155,2023-01-27,75.86,63.92,2,2.1,tools,south
ORD-000156,2023-01-27,77.33,32.79,3,1.22,tools,east
ORD-000157,2023-01-27,60.26,46.93,3,2.2,widgets,east
ORD-000158,2023-01-27,46.2,42.08,5,5.05,widgets,east
ORD-000159,2023-01-28,147.0,40.0,4,3.42,gadgets,south
ORD-000160,2023-01-28,146.53,78.98,1,2.52,widgets,west
ORD-000161,2023-01-28,140.11,54.25,4,1.72,widgets,north
ORD-000162,2023-01-28,150.41,62.67,2,3.84,accessories,south
ORD-000163,2023-01-29,83.03,17.43,2,2.81,widgets,south
ORD-000164,2023-01-29,87.88,60.89,4,6.7,tools,west
ORD-000165,2023-01-29,76.99,22.21,2,2.24,accessories,north
ORD-000166,2023-01-29,83.88,44.66,1,3.4,accessories,east
ORD-000167,2023-01-29,82.73,58.43,1,4.02,accessories,west
ORD-000168,2023-01-29,83.0,16.22,4,1.3,accessories,north
ORD-000169,2023-01-29,98.21,37.23,1,4.22,gadgets,south
ORD-000170,2023-01-30,72.61,70.12,5,3.68,widgets,north
ORD-000171,2023-01-30,97.6,29.15,1,5.47,tools,west
ORD-000172,2023-01-30,78.82,43.04,5,1.53,gadgets,west
ORD-000173,2023-01-30,67.91,47.57,5,3.64,gadgets,west
ORD-000174,2023-01-30,74.75,46.54,1,3.84,tools,west
ORD-000175,2023-01-30,110.93,70.6,3,1.57,widgets,north
ORD-000176,2023-01-30,85.12,34.3,4,2.2,widgets,north
ORD-000177,2023-01-30,64.74,57.94,4,2.11,tools,east
ORD-000178,2023-01-31,150.42,24.99,4,8.28,tools,west
ORD-000179,2023-01-31,142.05,30.32,2,2.16,accessories,east
ORD-000180,2023-01-31,159.65,53.24,1,1.38,gadgets,west
ORD-000181,2023-01-31,170.14,38.48,2,2.74,widgets,east
ORD-000182,2023-02-01,64.87,30.25,2,4.44,accessories,east
ORD-000183,2023-02-01,69.33,29.15,3,1.92,accessories,west
ORD-000184,2023-02-01,73.97,51.14,5,2.6,accessories,south
ORD-000185,2023-02-01,70.3,51.77,1,1.14,gadgets,south
ORD-000186,2023-02-01,56.38,35.98,5,3.31,tools,south
ORD-000187,2023-02-01,67.85,55.84,1,4.26,accessories,south
ORD-000188,2023-02-01,73.96,10.92,5,2.26,widgets,south
ORD-000189,2023-02-01,61.17,59.42,4,2.05,accessories,south
ORD-000190,2023-02-01,81.95,40.81,5,1.72,tools,west
ORD-000191,2023-02-02,133.68,75.49,4,2.4,widgets,east
ORD-000192,2023-02-02,138.79,63.69,1,2.59,widgets,south
ORD-000193,2023-02-02,153.35,31.0,5,3.09,gadgets,east
ORD-000194,2023-02-02,151.52,26.73,4,5.19,accessories,north
ORD-000195,2023-02-03,84.58,52.74,3,2.05,gadgets,west
ORD-000196,2023-02-03,98.02,31.43,4,1.39,widgets,north
ORD-000197,2023-02-03,87.29,12.62,2,3.27,gadgets,east
ORD-000198,2023-02-03,105.06,47.17,2,4.85,tools,west
ORD-000199,2023-02-03,85.93,57.29,3,2.69,gadgets,south
ORD-000200,2023-02-03,79.97,38.86,4,4.08,accessories,east
ORD-000201,2023-02-04,52.81,48.46,5,3.52,tools,west
ORD-000202,2023-02-04,46.87,37.11,4,1.92,tools,south
ORD-000203,2023-02-04,69.53,44.38,1,4.01,tools,west
ORD-000204,2023-02-04,56.96,25.36,1,3.27,widgets,south
ORD-000205,2023-02-04,65.42,14.74,1,2.76,gadgets,west
ORD-000206,2023-02-04,69.81,18.4,5,1.94,tools,east
ORD-000207,2023-02-04,52.99,19.02,3,1.51,widgets,south
ORD-000208,2023-02-04,60.91,32.96,2,5.04,gadgets,east
ORD-000209,2023-02-04,39.07,7.31,1,2.36,tools,east
ORD-000210,2023-02-05,127.24,54.86,1,2.39,widgets,north
ORD-000211,2023-02-05,107.91,70.99,1,2.85,gadgets,north
ORD-000212,2023-02-05,109.72,48.59,2,1.46,widgets,south
ORD-000213,2023-02-05,105.16,71.03,5,3.41,accessories,south
ORD-000214,2023-02-05,112.73,20.19,4,2.41,widgets,south
ORD-000215,2023-02-06,104.27,56.78,2,2.8,widgets,south
ORD-000216,2023-02-06,74.69,57.81,1,2.9,gadgets,south
ORD-000217,2023-02-06,83.36,67.68,2,2.41,gadgets,south
ORD-000218,2023-02-06,100.92,25.1,3,2.54,gadgets,north
ORD-000219,2023-02-06,106.59,25.49,3,7.67,gadgets,west
ORD-000220,2023-02-06,86.32,66.83,5,3.71,accessories,east
ORD-000221,2023-02-06,75.81,30.85,5,5.45,widgets,east
ORD-000222,2023-02-07,65.31,35.33,2,3.16,accessories,east
ORD-000223,2023-02-07,100.13,44.54,5,2.11,accessories,north
ORD-000224,2023-02-07,58.17,25.57,2,4.04,gadgets,west
ORD-000225,2023-02-07,64.81,52.71,5,2.62,tools,west
ORD-000226,2023-02-07,62.11,35.37,2,2.5,widgets,north
ORD-000227,2023-02-07,83.92,59.24,4,4.79,gadgets,east
ORD-000228,2023-02-07,67.0,56.17,3,2.9,accessories,north
ORD-000229,2023-02-07,65.99,49.09,2,3.92,widgets,east
ORD-000230,2023-02-08,81.75,54.12,5,5.89,gadgets,east
ORD-000231,2023-02-08,90.39,48.43,3,2.55,gadgets,east
ORD-000232,2023-02-08,60.69,65.98,3,3.09,accessories,east
ORD-000233,2023-02-08,69.71,26.52,2,4.18,tools,south
ORD-000234,2023-02-08,76.01,30.06,1,2.39,tools,north
ORD-000235,2023-02-08,66.07,20.31,4,2.99,accessories,east
ORD-000236,2023-02-08,77.67,60.73,3,4.53,gadgets,north
ORD-000237,2023-02-08,88.77,33.65,4,3.36,gadgets,south
ORD-000238,2023-02-09,92.66,36.4,3,2.42,gadgets,west
ORD-000239,2023-02-09,91.26,64.87,3,3.28,widgets,west
ORD-000240,2023-02-09,99.45,47.04,5,2.06,widgets,west
ORD-000241,2023-02-09,102.06,36.65,1,2.32,accessories,west
ORD-000242,2023-02-09,91.65,15.05,2,2.36,widgets,south
ORD-000243,2023-02-09,89.29,42.53,5,1.92,gadgets,south
ORD-000244,2023-02-10,105.1,46.3,4,2.26,widgets,south
ORD-000245,2023-02-10,141.96,55.83,3,1.72,widgets,north
ORD-000246,2023-02-10,108.51,75.9,1,4.42,accessories,north
ORD-000247,2023-02-10,109.28,55.56,5,3.29,widgets,north
ORD-000248,2023-02-10,124.16,39.73,3,2.43,accessories,east
ORD-000249,2023-02-11,122.21,66.96,3,2.95,widgets,east
ORD-000250,2023-02-11,101.1,30.73,2,1.96,gadgets,south
ORD-000251,2023-02-11,96.85,70.97,4,3.37,accessories,north
ORD-000252,2023-02-11,68.7,25.16,1,3.85,gadgets,north
ORD-000253,2023-02-11,101.24,49.78,1,1.38,tools,east
ORD-000254,2023-02-11,89.8,39.39,4,6.2,tools,west
ORD-000255,2023-02-12,213.47,47.9,3,3.16,tools,east
ORD-000256,2023-02-12,196.48,26.4,3,3.0,tools,south
ORD-000257,2023-02-12,205.59,48.92,3,3.11,accessories,east
ORD-000258,2023-02-13,107.47,9.61,5,5.79,gadgets,east
ORD-000259,2023-02-13,73.77,78.24,1,2.54,tools,north
ORD-000260,2023-02-13,101.49,61.4,1,2.85,widgets,south
ORD-000261,2023-02-13,82.31,22.43,5,4.03,gadgets,east
ORD-000262,2023-02-13,99.04,41.59,1,1.73,gadgets,south
ORD-000263,2023-02-13,93.25,5.0,4,4.71,accessories,south
ORD-000264,2023-02-13,104.66,58.0,5,2.4,widgets,south
ORD-000265,2023-02-14,121.19,38.49,3,3.19,widgets,south
ORD-000266,2023-02-14,122.26,57.74,2,2.75,gadgets,west
ORD-000267,2023-02-14,123.82,16.87,3,3.09,accessories,north
ORD-000268,2023-02-14,136.99,39.57,2,2.18,widgets,north
ORD-000269,2023-02-14,142.91,25.93,4,1.91,accessories,east
ORD-000270,2023-02-15,76.69,36.93,5,2.51,gadgets,south
ORD-000271,2023-02-15,155.75,20.73,3,4.05,accessories,north
ORD-000272,2023-02-15,140.43,5.56,5,3.83,widgets,south
ORD-000273,2023-02-15,128.49,36.27,5,4.77,accessories,south
ORD-000274,2023-02-15,133.06,54.72,4,2.35,gadgets,south
ORD-000275,2023-02-16,118.7,38.22,3,2.98,accessories,south
ORD-000276,2023-02-16,93.75,61.68,3,1.86,gadgets,west
ORD-000277,2023-02-16,125.64,30.6,1,3.81,accessories,north
ORD-000278,2023-02-16,106.97,60.67,5,3.33,widgets,east
ORD-000279,2023-02-16,110.28,9.92,5,1.45,accessories,west
ORD-000280,2023-02-17,74.14,42.99,4,3.2,widgets,south
ORD-000281,2023-02-17,74.33,41.62,5,3.04,widgets,north
ORD-000282,2023-02-17,79.43,30.43,4,2.74,tools,north
ORD-000283,2023-02-17,108.56,55.37,3,3.88,tools,east
ORD-000284,2023-02-17,77.35,5.0,2,3.31,widgets,south
ORD-000285,2023-02-17,72.39,38.25,5,2.11,accessories,west
ORD-000286,2023-02-17,69.09,57.83,4,3.4,widgets,west
ORD-000287,2023-02-17,109.03,35.84,4,3.42,gadgets,south
ORD-000288,2023-02-18,141.21,48.7,5,2.05,tools,west
ORD-000289,2023-02-18,136.0,34.93,5,2.61,tools,west
ORD-000290,2023-02-18,136.97,28.63,1,1.71,accessories,west
ORD-000291,2023-02-18,146.44,67.3,2,2.04,gadgets,north
ORD-000292,2023-02-18,92.8,12.83,5,2.66,tools,north
ORD-000293,2023-02-19,81.39,53.6,3,3.3,widgets,north
ORD-000294,2023-02-19,82.43,45.1,5,3.58,gadgets,east
ORD-000295,2023-02-19,65.99,37.62,3,3.6,tools,east
ORD-000296,2023-02-19,80.58,50.45,2,4.79,gadgets,south
ORD-000297,2023-02-19,85.78,16.23,1,1.78,accessories,west
ORD-000298,2023-02-19,80.54,79.24,3,2.71,accessories,east
ORD-000299,2023-02-19,86.49,49.43,4,2.46,widgets,north
ORD-000300,2023-02-20,160.28,68.47,4,5.78,gadgets,south
ORD-000301,2023-02-20,167.79,36.76,2,4.16,tools,north
ORD-000302,2023-02-20,172.98,30.98,4,3.21,accessories,south
ORD-000303,2023-02-20,152.89,71.22,3,3.23,widgets,south
ORD-000304,2023-02-21,96.53,36.18,4,4.84,widgets,east
ORD-000305,2023-02-21,87.83,52.22,1,3.5,gadgets,south
ORD-000306,2023-02-21,70.18,48.77,3,2.34,gadgets,south
ORD-000307,2023-02-21,101.65,38.58,3,2.39,gadgets,east
ORD-000308,2023-02-21,79.88,17.36,3,4.55,tools,south
ORD-000309,2023-02-21,106.73,15.09,1,2.35,accessories,south
ORD-000310,2023-02-21,88.03,40.84,5,4.13,widgets,east
ORD-000311,2023-02-22,92.85,47.33,1,8.72,tools,east
ORD-000312,2023-02-22,92.59,63.37,3,4.92,widgets,east
ORD-000313,2023-02-22,102.76,43.85,2,4.65,widgets,east
ORD-000314,2023-02-22,97.12,65.06,5,4.55,tools,east
ORD-000315,2023-02-22,89.18,5.0,1,2.61,accessories,west
ORD-000316,2023-02-22,77.57,36.87,5,3.49,tools,west
ORD-000317,2023-02-22,79.34,39.66,1,2.86,gadgets,south
ORD-000318,2023-02-22,69.16,37.05,4,2.67,accessories,east
ORD-000319,2023-02-23,149.19,49.14,5,3.49,gadgets,north
ORD-000320,2023-02-23,157.56,67.47,2,3.06,accessories,west
ORD-000321,2023-02-23,172.85,32.75,4,3.02,tools,south
ORD-000322,2023-02-23,156.43,13.57,3,5.67,widgets,west
ORD-000323,2023-02-24,162.79,62.98,4,3.57,widgets,east
ORD-000324,2023-02-24,164.77,29.93,3,2.93,tools,east
ORD-000325,2023-02-24,149.62,60.39,1,2.38,tools,east
ORD-000326,2023-02-24,154.69,58.48,1,2.9,accessories,east
ORD-000327,2023-02-25,85.23,37.14,3,6.39,gadgets,west
ORD-000328,2023-02-25,91.89,51.56,3,2.58,gadgets,west
ORD-000329,2023-02-25,119.64,41.23,2,3.73,gadgets,west
ORD-000330,2023-02-25,69.94,42.81,3,3.46,accessories,south
ORD-000331,2023-02-25,107.39,45.0,5,2.4,gadgets,south
ORD-000332,2023-02-25,97.83,27.2,3,3.11,accessories,north
ORD-000333,2023-02-26,89.14,33.3,5,3.89,gadgets,south
ORD-000334,2023-02-26,56.55,56.49,1,3.08,tools,east
ORD-000335,2023-02-26,61.35,17.11,1,2.49,gadgets,south
ORD-000336,2023-02-26,67.59,51.94,1,4.92,gadgets,east
ORD-000337,2023-02-26,71.41,45.63,4,3.76,widgets,west
ORD-000338,2023-02-26,90.54,33.55,3,1.88,accessories,north
ORD-000339,2023-02-26,72.09,19.27,5,4.13,tools,west
ORD-000340,2023-02-26,85.86,35.25,1,3.92,tools,north
ORD-000341,2023-02-26,86.0,73.24,5,3.17,widgets,north
ORD-000342,2023-02-27,95.66,19.87,4,3.05,gadgets,south
ORD-000343,2023-02-27,111.39,46.64,3,4.12,tools,east
ORD-000344,2023-02-27,80.84,5.0,5,3.51,widgets,north
ORD-000345,2023-02-27,81.12,14.08,5,2.45,accessories,south
ORD-000346,2023-02-27,84.79,56.2,2,3.48,accessories,south
ORD-000347,2023-02-27,134.7,71.09,5,7.45,tools,south
ORD-000348,2023-02-27,118.44,43.76,3,4.23,gadgets,east
ORD-000349,2023-02-28,240.74,59.42,4,2.76,gadgets,south
ORD-000350,2023-02-28,230.04,75.71,1,2.06,gadgets,south
ORD-000351,2023-02-28,264.47,66.74,2,2.34,tools,east
ORD-000352,2023-03-01,94.0,52.13,1,2.78,tools,east
ORD-000353,2023-03-01,97.74,37.01,1,2.56,gadgets,north
ORD-000354,2023-03-01,96.68,57.83,1,2.64,gadgets,west
ORD-000355,2023-03-01,90.48,33.62,2,1.86,widgets,north
ORD-000356,2023-03-01,76.8,29.16,3,3.38,gadgets,west
ORD-000357,2023-03-01,112.45,33.85,1,9.7,tools,north
ORD-000358,2023-03-01,77.22,32.77,5,2.0,gadgets,north
ORD-000359,2023-03-02,105.89,5.0,1,2.05,gadgets,west
ORD-000360,2023-03-02,81.54,17.02,4,4.68,widgets,north
ORD-000361,2023-03-02,89.86,16.36,3,3.94,gadgets,west
ORD-000362,2023-03-02,103.74,49.2,2,4.56,gadgets,east
ORD-000363,2023-03-02,118.93,39.88,4,3.64,tools,south
ORD-000364,2023-03-02,80.16,13.15,5,3.07,accessories,west
ORD-000365,2023-03-02,78.6,5.0,2,1.06,accessories,north
ORD-000366,2023-03-03,89.05,40.56,1,1.89,tools,north
ORD-000367,2023-03-03,83.56,32.03,1,2.26,widgets,south
ORD-000368,2023-03-03,100.83,24.42,4,2.72,tools,south
ORD-000369,2023-03-03,90.18,34.32,5,4.65,gadgets,east
ORD-000370,2023-03-03,73.99,61.43,2,2.57,gadgets,north
ORD-000371,2023-03-03,70.36,77.98,4,2.64,gadgets,west
ORD-000372,2023-03-03,88.75,45.17,1,2.62,tools,south
ORD-000373,2023-03-04,75.48,6.78,2,4.27,gadgets,north
ORD-000374,2023-03-04,92.86,5.0,3,4.45,tools,south
ORD-000375,2023-03-04,73.78,35.34,3,3.41,accessories,north
ORD-000376,2023-03-04,98.15,74.81,3,4.83,accessories,west
ORD-000377,2023-03-04,69.59,48.93,5,6.14,tools,south
ORD-000378,2023-03-04,105.27,70.82,1,1.9,gadgets,east
ORD-000379,2023-03-04,82.93,59.47,4,3.63,widgets,south
ORD-000380,2023-03-05,67.08,10.66,5,3.44,widgets,north
ORD-000381,2023-03-05,55.94,21.33,5,4.79,widgets,west
ORD-000382,2023-03-05,78.29,18.11,1,4.3,widgets,south
ORD-000383,2023-03-05,70.1,39.81,1,2.09,accessories,south
ORD-000384,2023-03-05,102.07,55.11,4,4.79,tools,north
ORD-000385,2023-03-05,54.39,47.74,2,4.07,accessories,east
ORD-000386,2023-03-05,84.94,5.0,5,1.73,gadgets,south
ORD-000387,2023-03-05,80.95,37.08,2,1.93,accessories,west
ORD-000388,2023-03-05,72.0,53.52,1,1.16,tools,west
ORD-000389,2023-03-06,87.65,49.03,5,2.19,gadgets,north
ORD-000390,2023-03-06,80.32,43.57,3,3.01,widgets,west
ORD-000391,2023-03-06,65.3,40.15,1,2.5,widgets,east
ORD-000392,2023-03-06,73.66,32.27,4,1.98,tools,north
ORD-000393,2023-03-06,49.22,24.72,3,6.87,tools,north
ORD-000394,2023-03-06,65.55,53.75,4,3.49,tools,south
ORD-000395,2023-03-06,43.62,50.15,1,2.32,tools,north
ORD-000396,2023-03-06,66.5,5.0,3,2.7,widgets,west
ORD-000397,2023-03-06,56.81,44.35,1,3.75,widgets,west
ORD-000398,2023-03-06,68.37,40.49,2,6.49,widgets,east
ORD-000399,2023-03-06,43.08,18.85,2,4.29,gadgets,east
ORD-000400,2023-03-06,62.38,19.78,5,3.06,accessories,north
ORD-000401,2023-03-07,65.39,23.83,3,3.07,accessories,east
ORD-000402,2023-03-07,84.49,51.53,1,2.17,accessories,west
ORD-000403,2023-03-07,88.21,36.68,5,2.34,tools,west
ORD-000404,2023-03-07,87.38,73.8,5,2.74,gadgets,south
ORD-000405,2023-03-07,65.99,40.41,3,4.19,gadgets,south
ORD-000406,2023-03-07,109.12,35.65,4,4.64,tools,south
ORD-000407,2023-03-07,84.5,63.02,5,2.4,gadgets,east
ORD-000408,2023-03-07,84.1,21.31,4,4.55,accessories,south
ORD-000409,2023-03-08,135.05,70.58,1,4.84,widgets,south
ORD-000410,2023-03-08,136.19,19.55,2,1.64,gadgets,west
ORD-000411,2023-03-08,142.6,35.12,1,1.72,accessories,north
ORD-000412,2023-03-08,134.68,76.68,5,4.05,widgets,south
ORD-000413,2023-03-08,135.15,59.63,4,4.89,accessories,east
ORD-000414,2023-03-09,134.67,70.71,3,1.04,tools,east
ORD-000415,2023-03-09,114.88,72.31,1,2.59,gadgets,north
ORD-000416,2023-03-09,113.02,45.23,3,2.89,accessories,west
ORD-000417,2023-03-09,136.45,76.3,4,3.93,gadgets,east
ORD-000418,2023-03-09,139.2,49.17,2,2.08,accessories,west
ORD-000419,2023-03-10,64.63,16.03,4,2.31,tools,west
ORD-000420,2023-03-10,105.48,47.15,1,3.36,gadgets,east
ORD-000421,2023-03-10,82.66,31.29,3,1.94,accessories,west
ORD-000422,2023-03-10,92.65,53.81,3,4.48,gadgets,east
ORD-000423,2023-03-10,71.65,52.84,2,1.93,widgets,north
ORD-000424,2023-03-10,84.41,54.62,1,1.29,accessories,north
ORD-000425,2023-03-10,97.88,17.08,3,2.13,accessories,east
ORD-000426,2023-03-11,114.36,47.06,1,1.99,widgets,west
ORD-000427,2023-03-11,134.0,43.38,2,1.82,widgets,north
ORD-000428,2023-03-11,117.3,50.33,4,2.13,tools,north
ORD-000429,2023-03-11,98.61,26.1,2,3.63,widgets,east
ORD-000430,2023-03-11,127.87,24.91,3,3.51,tools,south
ORD-000431,2023-03-11,118.52,16.58,2,4.19,accessories,north
ORD-000432,2023-03-12,358.34,81.39,2,2.4,gadgets,east
ORD-000433,2023-03-12,351.83,74.56,3,2.57,accessories,south
ORD-000434,2023-03-13,101.24,35.27,4,2.23,tools,south
ORD-000435,2023-03-13,116.27,77.03,1,4.64,gadgets,west
ORD-000436,2023-03-13,143.39,75.77,4,3.04,accessories,south
ORD-000437,2023-03-13,116.22,18.53,2,1.46,widgets,north
ORD-000438,2023-03-13,121.67,91.08,1,2.81,widgets,west
ORD-000439,2023-03-13,141.66,74.53,1,3.31,widgets,east
ORD-000440,2023-03-14,135.48,47.56,4,2.23,widgets,north
ORD-000441,2023-03-14,132.54,35.71,2,2.31,gadgets,north
ORD-000442,2023-03-14,145.6,23.9,4,2.37,widgets,east
ORD-000443,2023-03-14,150.28,56.58,1,3.16,tools,south
ORD-000444,2023-03-14,155.55,47.92,2,4.56,accessories,west
ORD-000445,2023-03-15,153.06,52.24,1,2.34,widgets,west
ORD-000446,2023-03-15,146.46,49.37,3,1.42,tools,east
ORD-000447,2023-03-15,136.66,57.43,4,4.34,gadgets,north
ORD-000448,2023-03-15,135.22,10.38,4,4.18,accessories,south
ORD-000449,2023-03-15,118.73,36.36,1,2.87,widgets,north
ORD-000450,2023-03-16,142.74,58.0,4,2.41,gadgets,east
ORD-000451,2023-03-16,132.84,37.0,3,2.36,gadgets,north
ORD-000452,2023-03-16,129.3,32.48,3,1.8,gadgets,east
ORD-000453,2023-03-16,121.33,25.45,3,4.15,accessories,north
ORD-000454,2023-03-16,148.43,54.82,5,2.23,tools,west
ORD-000455,2023-03-17,125.94,43.41,1,1.58,gadgets,west
ORD-000456,2023-03-17,137.67,47.15,4,2.53,widgets,east
ORD-000457,2023-03-17,135.98,39.38,5,1.53,accessories,south
ORD-000458,2023-03-17,119.29,70.2,3,2.18,accessories,east
ORD-000459,2023-03-17,115.06,65.96,3,2.6,accessories,east
ORD-000460,2023-03-18,92.39,44.29,3,3.62,widgets,west
ORD-000461,2023-03-18,80.12,43.56,3,1.81,tools,west
ORD-000462,2023-03-18,98.0,55.65,3,5.2,accessories,west
ORD-000463,2023-03-18,118.88,32.98,4,3.09,gadgets,east
ORD-000464,2023-03-18,106.12,44.2,2,1.99,accessories,east
ORD-000465,2023-03-18,109.82,63.69,1,2.92,gadgets,east
ORD-000466,2023-03-18,100.29,71.7,4,3.07,accessories,west
ORD-000467,2023-03-19,73.79,66.51,1,2.13,gadgets,south
ORD-000468,2023-03-19,91.19,40.41,1,5.77,gadgets,south
ORD-000469,2023-03-19,42.33,64.01,4,5.25,gadgets,south
ORD-000470,2023-03-19,90.18,56.2,2,2.08,accessories,east
ORD-000471,2023-03-19,95.23,61.72,4,2.08,gadgets,west
ORD-000472,2023-03-19,90.0,36.14,3,3.75,widgets,east
ORD-000473,2023-03-19,106.03,34.22,3,2.06,tools,south
ORD-000474,2023-03-19,77.41,25.64,3,2.71,accessories,west
ORD-000475,2023-03-20,103.06,19.03,5,3.22,accessories,south
ORD-000476,2023-03-20,93.52,32.75,3,4.19,gadgets,south
ORD-000477,2023-03-20,71.12,44.34,5,3.77,widgets,west
ORD-000478,2023-03-20,91.04,39.66,2,3.31,gadgets,north
ORD-000479,2023-03-20,87.64,5.78,4,2.16,gadgets,east
ORD-000480,2023-03-20,87.71,39.37,2,1.86,widgets,south
ORD-000481,2023-03-20,102.83,66.08,4,2.13,widgets,west
ORD-000482,2023-03-20,115.03,23.07,1,2.12,accessories,north
ORD-000483,2023-03-21,124.71,39.09,2,2.24,widgets,east
ORD-000484,2023-03-21,100.16,67.27,5,1.54,tools,north
ORD-000485,2023-03-21,96.84,46.92,3,2.85,tools,east
ORD-000486,2023-03-21,136.57,29.95,4,6.2,widgets,west
ORD-000487,2023-03-21,101.43,48.03,2,3.12,gadgets,east
ORD-000488,2023-03-21,106.08,46.81,1,2.87,widgets,south
ORD-000489,2023-03-21,86.96,50.46,4,1.81,widgets,east
ORD-000490,2023-03-22,75.07,56.03,2,1.9,tools,west
ORD-000491,2023-03-22,80.88,50.27,1,2.41,tools,south
ORD-000492,2023-03-22,93.96,25.98,5,3.61,widgets,west
ORD-000493,2023-03-22,96.56,54.93,2,5.56,gadgets,west
ORD-000494,2023-03-22,121.95,15.94,1,3.73,tools,north
ORD-000495,2023-03-22,101.08,46.73,3,5.68,widgets,south
ORD-000496,2023-03-22,78.12,38.22,2,2.36,tools,east
ORD-000497,2023-03-22,112.09,35.91,1,5.07,accessories,west
ORD-000498,2023-03-23,126.26,50.28,4,2.91,gadgets,east
ORD-000499,2023-03-23,113.05,44.36,5,4.75,widgets,north
ORD-000500,2023-03-23,118.25,54.79,4,2.21,widgets,north
ORD-000501,2023-03-23,113.22,21.76,3,3.54,tools,north
ORD-000502,2023-03-23,81.84,77.53,1,2.37,gadgets,east
ORD-000503,2023-03-23,124.93,24.84,4,2.95,accessories,north
ORD-000504,2023-03-24,87.36,84.6,1,3.0,tools,west
ORD-000505,2023-03-24,84.54,32.6,5,3.85,widgets,north
ORD-000506,2023-03-24,94.99,49.71,2,2.2,gadgets,south
ORD-000507,2023-03-24,83.78,59.3,1,2.9,gadgets,west
ORD-000508,2023-03-24,102.54,50.68,5,3.62,accessories,south
ORD-000509,2023-03-24,87.07,51.22,2,3.0,gadgets,west
ORD-000510,2023-03-24,82.06,42.47,1,3.45,gadgets,south
ORD-000511,2023-03-24,88.61,44.62,1,3.71,tools,east
ORD-000512,2023-03-25,173.96,27.14,3,2.26,tools,west
ORD-000513,2023-03-25,175.06,42.85,1,1.38,gadgets,east
ORD-000514,2023-03-25,174.33,33.67,2,2.91,accessories,south
ORD-000515,2023-03-25,187.76,73.52,3,2.87,widgets,east
ORD-000516,2023-03-26,66.46,15.44,3,4.85,tools,south
ORD-000517,2023-03-26,91.67,6.08,2,2.36,widgets,west
ORD-000518,2023-03-26,89.32,59.41,3,4.64,widgets,south
ORD-000519,2023-03-26,88.92,41.54,2,2.88,tools,east
ORD-000520,2023-03-26,75.83,56.23,2,2.23,tools,east
ORD-000521,2023-03-26,64.06,66.61,5,1.67,tools,west
ORD-000522,2023-03-26,62.89,38.52,2,4.92,widgets,west
ORD-000523,2023-03-26,94.74,58.07,2,2.73,widgets,east
ORD-000524,2023-03-26,74.4,36.12,1,3.26,accessories,north
ORD-000525,2023-03-27,182.5,59.1,2,1.74,tools,south
ORD-000526,2023-03-27,180.45,50.76,5,4.88,accessories,east
ORD-000527,2023-03-27,198.62,33.06,1,3.67,gadgets,east
ORD-000528,2023-03-27,183.33,57.24,2,3.52,gadgets,east
ORD-000529,2023-03-28,255.28,34.54,4,2.62,gadgets,east
ORD-000530,2023-03-28,269.11,53.45,1,4.59,widgets,east
ORD-000531,2023-03-28,250.56,90.58,5,1.56,widgets,south
ORD-000532,2023-03-29,196.38,50.93,3,3.9,gadgets,south
ORD-000533,2023-03-29,178.97,52.4,4,3.61,accessories,south
ORD-000534,2023-03-29,166.88,57.3,5,2.12,gadgets,north
ORD-000535,2023-03-29,176.2,75.9,3,3.59,tools,east
ORD-000536,2023-03-30,188.47,34.96,5,2.97,tools,east
ORD-000537,2023-03-30,176.24,13.82,1,2.98,gadgets,south
ORD-000538,2023-03-30,164.3,60.56,2,3.22,widgets,north
ORD-000539,2023-03-30,150.55,24.24,4,2.44,tools,north
ORD-000540,2023-03-31,89.68,40.02,4,3.21,tools,north
ORD-000541,2023-03-31,97.09,40.85,1,2.46,widgets,south
ORD-000542,2023-03-31,96.82,22.96,1,3.21,tools,north
ORD-000543,2023-03-31,84.39,30.76,1,5.44,widgets,east
ORD-000544,2023-03-31,101.17,56.45,3,3.77,widgets,south
ORD-000545,2023-03-31,78.32,49.37,3,2.31,accessories,east
ORD-000546,2023-03-31,98.74,49.05,5,2.97,tools,south
ORD-000547,2023-03-31,102.84,52.68,2,4.13,gadgets,east
ORD-000548,2023-04-01,103.89,44.68,2,3.18,tools,north
ORD-000549,2023-04-01,87.16,41.0,4,2.94,accessories,north
ORD-000550,2023-04-01,82.89,44.0,4,2.55,tools,north
ORD-000551,2023-04-01,109.71,58.25,4,2.59,tools,west
ORD-000552,2023-04-01,111.27,34.69,4,3.64,gadgets,west
ORD-000553,2023-04-01,107.69,29.04,2,4.63,gadgets,south
ORD-000554,2023-04-01,109.1,38.4,3,2.13,gadgets,west
ORD-000555,2023-04-02,126.77,48.34,1,2.57,accessories,north
ORD-000556,2023-04-02,118.8,58.76,3,3.58,accessories,east
ORD-000557,2023-04-02,100.87,28.81,2,2.34,gadgets,east
ORD-000558,2023-04-02,127.19,38.64,3,5.68,tools,south
ORD-000559,2023-04-02,111.18,37.89,3,3.58,gadgets,north
ORD-000560,2023-04-02,120.27,46.55,2,2.51,gadgets,south
ORD-000561,2023-04-02,112.65,34.03,5,2.65,gadgets,east
ORD-000562,2023-04-03,104.16,59.0,4,3.09,gadgets,west
ORD-000563,2023-04-03,142.33,5.0,5,6.36,accessories,south
ORD-000564,2023-04-03,111.69,53.98,2,2.45,accessories,north
ORD-000565,2023-04-03,122.46,54.21,1,1.82,accessories,south
ORD-000566,2023-04-03,136.24,53.39,5,4.62,accessories,west
ORD-000567,2023-04-03,124.89,46.55,4,3.21,tools,south
ORD-000568,2023-04-04,182.59,62.98,5,2.49,tools,west
ORD-000569,2023-04-04,194.51,58.32,2,2.54,widgets,east
ORD-000570,2023-04-04,196.46,76.98,4,2.23,gadgets,north
ORD-000571,2023-04-04,212.04,50.89,1,3.0,gadgets,west
ORD-000572,2023-04-05,94.05,58.75,4,1.96,tools,west
ORD-000573,2023-04-05,83.79,49.83,3,4.12,gadgets,north
ORD-000574,2023-04-05,95.99,70.37,4,1.38,accessories,south
ORD-000575,2023-04-05,111.32,30.21,1,2.89,widgets,west
ORD-000576,2023-04-05,117.09,35.09,5,5.18,accessories,east
ORD-000577,2023-04-05,89.09,27.53,3,2.34,accessories,north
ORD-000578,2023-04-05,83.41,59.33,3,4.47,tools,south
ORD-000579,2023-04-06,153.9,21.7,2,2.28,widgets,east
ORD-000580,2023-04-06,125.52,40.19,2,5.1,accessories,north
ORD-000581,2023-04-06,128.72,86.34,1,4.24,accessories,east
ORD-000582,2023-04-06,121.38,33.52,3,1.19,gadgets,north
ORD-000583,2023-04-06,141.46,47.8,3,4.09,accessories,south
ORD-000584,2023-04-06,123.45,55.75,5,3.03,tools,east
ORD-000585,2023-04-07,102.46,59.78,1,5.92,accessories,east
ORD-000586,2023-04-07,91.56,19.5,5,1.9,gadgets,east
ORD-000587,2023-04-07,82.79,34.64,4,4.05,gadgets,east
ORD-000588,2023-04-07,49.84,14.86,5,2.45,gadgets,east
ORD-000589,2023-04-07,96.18,17.45,4,3.58,tools,east
ORD-000590,2023-04-07,81.7,5.0,1,1.51,accessories,west
ORD-000591,2023-04-07,81.3,37.6,2,2.58,tools,north
ORD-000592,2023-04-07,91.11,26.92,3,3.18,accessories,north
ORD-000593,2023-04-08,186.94,28.89,1,3.29,accessories,east
ORD-000594,2023-04-08,190.34,59.07,2,2.04,widgets,east
ORD-000595,2023-04-08,187.99,79.14,3,3.69,tools,east
ORD-000596,2023-04-08,171.0,46.54,4,2.55,tools,west
ORD-000597,2023-04-09,113.91,7.89,5,1.81,tools,east
ORD-000598,2023-04-09,85.47,45.08,1,4.36,gadgets,east
ORD-000599,2023-04-09,121.49,58.4,2,4.9,tools,north
ORD-000600,2023-04-09,118.0,18.17,3,5.57,widgets,east
ORD-000601,2023-04-09,135.22,48.14,5,2.17,widgets,east
ORD-000602,2023-04-09,133.2,38.64,2,1.86,gadgets,north
ORD-000603,2023-04-10,94.08,28.39,1,0.84,accessories,south
ORD-000604,2023-04-10,77.18,63.86,3,5.12,accessories,north
ORD-000605,2023-04-10,80.99,45.04,3,1.34,widgets,west
ORD-000606,2023-04-10,77.49,32.16,3,1.9,gadgets,east
ORD-000607,2023-04-10,98.6,37.72,3,5.33,widgets,north
ORD-000608,2023-04-10,90.93,44.74,2,3.35,tools,east
ORD-000609,2023-04-10,92.52,76.22,1,4.05,gadgets,east
ORD-000610,2023-04-10,82.62,49.54,1,5.05,accessories,west
ORD-000611,2023-04-11,75.45,56.31,3,5.49,tools,north
ORD-000612,2023-04-11,77.21,24.58,4,3.83,widgets,north
ORD-000613,2023-04-11,44.58,70.48,3,3.72,accessories,west
ORD-000614,2023-04-11,89.18,49.61,3,2.71,tools,east
ORD-000615,2023-04-11,71.76,25.94,4,3.63,widgets,east
ORD-000616,2023-04-11,71.39,9.83,2,3.88,accessories,north
ORD-000617,2023-04-11,63.66,30.45,4,2.3,gadgets,south
ORD-000618,2023-04-11,74.64,30.79,4,1.68,tools,south
ORD-000619,2023-04-11,82.28,59.23,2,2.76,accessories,south
ORD-000620,2023-04-11,74.13,5.0,1,9.73,gadgets,north
ORD-000621,2023-04-11,81.16,29.31,1,3.26,gadgets,north
ORD-000622,2023-04-12,139.11,72.23,5,2.54,accessories,east
ORD-000623,2023-04-12,158.33,37.86,3,4.25,accessories,south
ORD-000624,2023-04-12,128.9,52.69,4,4.43,gadgets,south
ORD-000625,2023-04-12,153.13,49.61,2,2.44,gadgets,south
ORD-000626,2023-04-12,171.0,64.54,2,3.8,accessories,east
ORD-000627,2023-04-13,246.73,32.61,1,3.68,gadgets,north
ORD-000628,2023-04-13,258.18,37.28,5,1.32,accessories,west
ORD-000629,2023-04-13,235.35,25.87,4,2.33,gadgets,east
ORD-000630,2023-04-14,158.36,52.45,3,3.11,widgets,west
ORD-000631,2023-04-14,147.27,31.14,2,2.51,widgets,west
ORD-000632,2023-04-14,135.99,56.69,3,4.29,widgets,east
ORD-000633,2023-04-14,146.21,9.52,4,3.42,accessories,south
ORD-000634,2023-04-14,154.9,29.1,4,3.25,accessories,south
ORD-000635,2023-04-15,60.54,54.88,2,4.74,accessories,west
ORD-000636,2023-04-15,82.8,5.0,4,2.59,gadgets,east
ORD-000637,2023-04-15,81.74,44.96,2,3.01,gadgets,west
ORD-000638,2023-04-15,85.27,40.16,4,2.0,gadgets,north
ORD-000639,2023-04-15,85.7,17.68,3,1.72,widgets,south
ORD-000640,2023-04-15,86.12,27.73,5,4.38,tools,north
ORD-000641,2023-04-15,81.52,47.28,5,2.75,widgets,east
ORD-000642,2023-04-15,92.59,28.27,2,4.36,widgets,south
ORD-000643,2023-04-15,73.42,45.68,4,1.89,tools,east
ORD-000644,2023-04-16,117.48,74.9,4,2.2,gadgets,north
ORD-000645,2023-04-16,130.34,44.24,5,4.57,tools,north
ORD-000646,2023-04-16,124.23,46.01,5,4.86,accessories,north
ORD-000647,2023-04-16,135.92,62.17,1,2.24,tools,west
ORD-000648,2023-04-16,146.05,13.85,4,1.86,gadgets,north
ORD-000649,2023-04-16,141.86,38.47,2,3.91,accessories,west
ORD-000650,2023-04-17,257.55,37.41,4,2.36,tools,south
ORD-000651,2023-04-17,273.14,68.4,5,3.97,gadgets,north
ORD-000652,2023-04-17,264.44,65.63,4,2.28,gadgets,north
ORD-000653,2023-04-18,152.3,28.41,1,4.01,tools,south
ORD-000654,2023-04-18,176.27,57.85,5,4.2,widgets,west
ORD-000655,2023-04-18,179.35,50.5,1,4.0,tools,south
ORD-000656,2023-04-18,180.73,54.99,2,2.31,gadgets,west
ORD-000657,2023-04-18,136.96,103.16,4,2.41,gadgets,north
ORD-000658,2023-04-19,166.39,59.01,1,1.24,accessories,east
ORD-000659,2023-04-19,174.37,68.97,2,4.34,accessories,north
ORD-000660,2023-04-19,166.75,24.76,5,3.84,accessories,south
ORD-000661,2023-04-19,151.82,42.76,5,3.33,tools,south
ORD-000662,2023-04-19,144.4,68.43,1,1.95,accessories,west
ORD-000663,2023-04-20,111.85,45.17,2,3.61,widgets,north
ORD-000664,2023-04-20,116.8,38.28,5,2.19,tools,south
ORD-000665,2023-04-20,122.54,34.46,5,3.96,widgets,east
ORD-000666,2023-04-20,127.12,39.85,3,1.48,gadgets,east
ORD-000667,2023-04-20,138.91,46.25,4,7.03,accessories,north
ORD-000668,2023-04-20,123.47,19.71,2,3.15,accessories,west
ORD-000669,2023-04-21,132.51,54.0,1,4.19,tools,east
ORD-000670,2023-04-21,190.23,67.36,3,4.5,widgets,north
ORD-000671,2023-04-21,149.04,48.13,5,6.48,gadgets,north
ORD-000672,2023-04-21,161.05,57.0,5,2.53,widgets,west
ORD-000673,2023-04-21,133.49,43.38,2,3.09,widgets,east
ORD-000674,2023-04-22,172.51,54.16,3,3.62,tools,north
ORD-000675,2023-04-22,173.8,8.27,1,3.28,gadgets,west
ORD-000676,2023-04-22,208.36,38.39,4,2.05,widgets,south
ORD-000677,2023-04-22,186.74,58.38,2,2.38,accessories,east
ORD-000678,2023-04-23,89.5,61.65,1,1.43,accessories,north
ORD-000679,2023-04-23,95.03,31.16,3,5.51,gadgets,south
ORD-000680,2023-04-23,117.91,52.57,2,5.22,widgets,east
ORD-000681,2023-04-23,139.26,51.59,1,1.94,widgets,east
ORD-000682,2023-04-23,121.73,61.54,4,4.5,gadgets,east
ORD-000683,2023-04-23,113.45,57.78,2,4.25,accessories,south
ORD-000684,2023-04-23,128.43,5.0,1,3.31,accessories,east
ORD-000685,2023-04-24,89.4,47.52,4,4.02,accessories,west
ORD-000686,2023-04-24,112.8,60.92,2,5.49,tools,north
ORD-000687,2023-04-24,76.52,25.11,4,2.06,widgets,north
ORD-000688,2023-04-24,83.46,25.92,3,3.62,widgets,east
ORD-000689,2023-04-24,115.71,51.93,1,1.66,accessories,east
ORD-000690,2023-04-24,102.42,19.06,4,6.0,gadgets,north
ORD-000691,2023-04-24,75.32,52.84,1,5.55,accessories,west
ORD-000692,2023-04-24,87.38,52.22,2,5.46,tools,north
ORD-000693,2023-04-25,117.59,17.21,5,2.67,widgets,east
ORD-000694,2023-04-25,115.59,63.91,2,1.87,widgets,east
ORD-000695,2023-04-25,97.8,58.07,2,4.33,widgets,north
ORD-000696,2023-04-25,79.72,46.44,5,3.58,gadgets,east
ORD-000697,2023-04-25,105.76,34.61,2,3.21,widgets,south
ORD-000698,2023-04-25,113.57,46.19,4,7.74,tools,south
ORD-000699,2023-04-25,114.0,44.06,5,5.26,gadgets,south
ORD-000700,2023-04-25,107.18,54.68,5,2.67,gadgets,east
ORD-000701,2023-04-26,148.7,47.43,2,1.18,accessories,north
ORD-000702,2023-04-26,130.57,28.59,5,3.21,tools,west
ORD-000703,2023-04-26,151.56,38.3,2,2.7,widgets,east
ORD-000704,2023-04-26,132.85,71.24,3,3.54,widgets,south
ORD-000705,2023-04-26,144.32,45.83,5,5.8,gadgets,east
ORD-000706,2023-04-26,138.85,22.26,4,2.28,accessories,south
ORD-000707,2023-04-27,117.69,32.55,1,3.73,widgets,south
ORD-000708,2023-04-27,120.01,34.76,5,3.83,tools,east
ORD-000709,2023-04-27,122.38,38.2,1,4.12,tools,east
ORD-000710,2023-04-27,130.8,56.18,4,2.63,gadgets,south
ORD-000711,2023-04-27,131.56,24.68,3,6.09,widgets,east
ORD-000712,2023-04-27,108.67,41.42,1,2.84,tools,south
ORD-000713,2023-04-28,145.63,43.35,5,2.74,accessories,west
ORD-000714,2023-04-28,168.29,59.64,3,3.2,widgets,south
ORD-000715,2023-04-28,147.14,27.7,1,2.96,widgets,east
ORD-000716,2023-04-28,146.81,44.86,4,5.45,tools,west
ORD-000717,2023-04-28,140.86,34.23,3,2.11,tools,south
ORD-000718,2023-04-29,130.26,60.18,3,3.59,gadgets,south
ORD-000719,2023-04-29,124.83,5.0,1,3.16,widgets,west
ORD-000720,2023-04-29,107.13,71.04,5,6.83,tools,east
ORD-000721,2023-04-29,126.29,29.93,2,1.97,tools,west
ORD-000722,2023-04-29,94.88,37.4,5,2.49,tools,south
ORD-000723,2023-04-29,102.75,45.09,3,1.53,widgets,east
ORD-000724,2023-04-29,103.48,42.55,2,3.58,gadgets,west
ORD-000725,2023-04-30,223.94,54.22,3,2.19,accessories,north
ORD-000726,2023-04-30,215.12,65.84,3,4.72,gadgets,south
ORD-000727,2023-04-30,203.56,87.57,3,2.86,tools,north
ORD-000728,2023-04-30,196.58,42.85,3,3.38,tools,east
ORD-000729,2023-05-01,274.71,73.84,2,2.91,widgets,south
ORD-000730,2023-05-01,251.99,38.81,3,1.47,gadgets,north
ORD-000731,2023-05-01,246.77,15.58,5,1.45,gadgets,south
ORD-000732,2023-05-02,113.03,52.55,1,1.75,tools,west
ORD-000733,2023-05-02,98.05,71.5,4,2.38,gadgets,south
ORD-000734,2023-05-02,109.7,37.68,3,2.97,accessories,south
ORD-000735,2023-05-02,101.08,33.72,4,4.24,accessories,west
ORD-000736,2023-05-02,120.9,31.73,3,2.01,accessories,south
ORD-000737,2023-05-02,130.83,53.92,3,4.64,gadgets,north
ORD-000738,2023-05-02,135.36,53.46,3,2.02,tools,west
ORD-000739,2023-05-03,124.93,73.1,3,1.15,widgets,west
ORD-000740,2023-05-03,125.66,33.12,3,2.65,accessories,south
ORD-000741,2023-05-03,148.89,53.99,5,4.75,tools,east
ORD-000742,2023-05-03,128.68,46.59,1,3.06,accessories,south
ORD-000743,2023-05-03,142.38,42.38,3,3.29,tools,west
ORD-000744,2023-05-03,147.6,34.78,1,2.85,gadgets,west
ORD-000745,2023-05-04,183.51,62.16,4,3.73,gadgets,west
ORD-000746,2023-05-04,186.62,22.31,2,5.46,tools,north
ORD-000747,2023-05-04,202.44,55.42,4,2.39,widgets,north
ORD-000748,2023-05-04,188.87,73.3,3,2.02,gadgets,south
ORD-000749,2023-05-05,131.85,42.01,5,5.57,tools,south
ORD-000750,2023-05-05,134.81,78.97,2,1.63,widgets,east
ORD-000751,2023-05-05,118.35,50.79,2,3.01,widgets,east
ORD-000752,2023-05-05,115.99,50.82,2,2.39,gadgets,east
ORD-000753,2023-05-05,138.68,16.78,3,1.89,tools,south
ORD-000754,2023-05-05,124.06,24.61,2,2.46,widgets,north
ORD-000755,2023-05-06,178.14,28.33,4,3.07,tools,west
ORD-000756,2023-05-06,138.09,51.54,1,3.03,widgets,west
ORD-000757,2023-05-06,169.55,57.94,2,2.48,gadgets,north
ORD-000758,2023-05-06,158.67,45.51,3,6.11,accessories,south
ORD-000759,2023-05-06,174.56,50.56,3,2.36,tools,south
ORD-000760,2023-05-07,258.52,55.52,1,5.57,widgets,north
ORD-000761,2023-05-07,280.83,53.62,2,1.72,accessories,north
ORD-000762,2023-05-07,293.03,77.21,4,3.99,widgets,north
ORD-000763,2023-05-08,204.3,61.56,4,1.91,gadgets,west
ORD-000764,2023-05-08,206.78,48.85,5,3.12,tools,west
ORD-000765,2023-05-08,209.46,71.99,1,2.68,tools,east
ORD-000766,2023-05-08,197.55,64.45,4,3.59,accessories,west
ORD-000767,2023-05-09,96.35,24.63,2,3.41,tools,south
ORD-000768,2023-05-09,78.25,79.5,5,2.84,gadgets,south
ORD-000769,2023-05-09,90.96,26.01,5,4.53,gadgets,north
ORD-000770,2023-05-09,102.38,58.27,3,2.27,widgets,south
ORD-000771,2023-05-09,84.22,29.73,4,2.93,widgets,north
ORD-000772,2023-05-09,119.08,25.71,2,4.64,tools,south
ORD-000773,2023-05-09,108.49,27.17,4,2.25,widgets,south
ORD-000774,2023-05-09,88.81,29.9,3,1.85,gadgets,west
ORD-000775,2023-05-09,120.51,23.77,1,2.74,widgets,south
ORD-000776,2023-05-10,137.21,42.6,5,2.21,accessories,north
ORD-000777,2023-05-10,146.19,37.32,2,4.63,gadgets,west
ORD-000778,2023-05-10,118.68,68.38,3,1.97,widgets,west
ORD-000779,2023-05-10,125.06,69.3,4,1.76,tools,north
ORD-000780,2023-05-10,150.65,69.83,3,3.98,tools,north
ORD-000781,2023-05-10,145.52,37.8,2,4.07,accessories,north
ORD-000782,2023-05-11,134.9,45.49,2,2.61,widgets,south
ORD-000783,2023-05-11,145.9,38.89,4,4.23,gadgets,west
ORD-000784,2023-05-11,122.14,26.14,3,3.51,gadgets,south
ORD-000785,2023-05-11,127.68,39.45,4,2.82,widgets,east
ORD-000786,2023-05-11,154.36,26.91,5,3.02,accessories,east
ORD-000787,2023-05-11,139.82,48.96,4,1.48,gadgets,south
ORD-000788,2023-05-12,97.25,33.28,5,1.57,gadgets,north
ORD-000789,2023-05-12,107.4,22.85,5,5.03,tools,west
ORD-000790,2023-05-12,106.31,65.42,1,4.73,accessories,north
ORD-000791,2023-05-12,99.85,59.98,5,3.99,tools,east
ORD-000792,2023-05-12,94.63,45.5,2,3.32,gadgets,west
ORD-000793,2023-05-12,125.62,51.34,4,2.59,widgets,west
ORD-000794,2023-05-12,91.39,7.79,2,7.04,tools,north
ORD-000795,2023-05-12,92.79,41.13,4,4.71,accessories,south
ORD-000796,2023-05-13,97.94,23.76,3,3.06,tools,west
ORD-000797,2023-05-13,98.53,43.99,4,2.39,accessories,west
ORD-000798,2023-05-13,105.88,43.11,4,2.69,gadgets,north
ORD-000799,2023-05-13,87.42,30.21,4,3.4,accessories,east
ORD-000800,2023-05-13,86.36,41.08,3,3.17,gadgets,south
ORD-000801,2023-05-13,124.21,27.65,5,3.22,tools,east
ORD-000802,2023-05-13,105.33,49.75,4,1.58,gadgets,north
ORD-000803,2023-05-13,65.25,21.07,2,1.41,accessories,south
ORD-000804,2023-05-14,249.85,99.44,3,3.74,gadgets,east
ORD-000805,2023-05-14,292.71,33.68,1,3.72,widgets,east
ORD-000806,2023-05-14,282.65,25.23,4,1.94,gadgets,north
ORD-000807,2023-05-15,114.8,10.47,1,2.77,accessories,south
ORD-000808,2023-05-15,94.59,20.23,1,4.08,tools,east
ORD-000809,2023-05-15,111.65,39.25,2,1.56,widgets,east
ORD-000810,2023-05-15,98.37,41.92,2,2.3,accessories,north
ORD-000811,2023-05-15,104.37,6.76,3,1.67,accessories,west
ORD-000812,2023-05-15,95.37,23.42,2,1.47,widgets,west
ORD-000813,2023-05-15,81.23,35.96,1,2.36,tools,north
ORD-000814,2023-05-15,95.46,42.36,5,1.58,widgets,west
ORD-000815,2023-05-16,110.56,15.18,3,6.19,widgets,south
ORD-000816,2023-05-16,111.11,36.48,1,1.84,tools,east
ORD-000817,2023-05-16,111.09,30.33,5,2.23,tools,west
ORD-000818,2023-05-16,102.92,48.59,1,3.87,gadgets,east
ORD-000819,2023-05-16,102.32,72.94,2,2.71,accessories,east
ORD-000820,2023-05-16,133.76,51.82,4,2.81,gadgets,west
ORD-000821,2023-05-16,120.91,17.17,2,4.25,accessories,east
ORD-000822,2023-05-16,122.54,72.4,1,1.9,accessories,east
ORD-000823,2023-05-17,277.1,30.73,2,3.09,gadgets,east
ORD-000824,2023-05-17,289.35,54.12,5,2.21,tools,east
ORD-000825,2023-05-17,279.34,97.48,1,3.54,widgets,west
ORD-000826,2023-05-18,147.15,41.63,3,2.23,accessories,west
ORD-000827,2023-05-18,133.77,40.67,2,2.91,tools,west
ORD-000828,2023-05-18,110.87,46.29,3,3.96,widgets,south
ORD-000829,2023-05-18,136.72,25.4,4,3.32,widgets,west
ORD-000830,2023-05-18,150.3,27.46,4,2.43,tools,south
ORD-000831,2023-05-18,128.87,33.94,3,2.16,gadgets,south
ORD-000832,2023-05-19,160.55,55.07,5,4.24,tools,east
ORD-000833,2023-05-19,174.27,51.36,1,3.68,accessories,north
ORD-000834,2023-05-19,172.21,44.19,4,5.36,accessories,south
ORD-000835,2023-05-19,160.65,36.24,1,2.7,accessories,north
ORD-000836,2023-05-19,189.27,47.89,3,1.07,gadgets,north
ORD-000837,2023-05-20,133.3,54.18,4,7.34,accessories,south
ORD-000838,2023-05-20,145.85,40.66,4,3.35,gadgets,west
ORD-000839,2023-05-20,137.07,49.5,4,3.41,gadgets,south
ORD-000840,2023-05-20,132.08,52.29,1,1.99,tools,north
ORD-000841,2023-05-20,106.73,59.2,1,2.47,widgets,south
ORD-000842,2023-05-20,124.18,45.47,4,1.89,accessories,north
ORD-000843,2023-05-20,134.01,9.28,2,6.25,tools,east
ORD-000844,2023-05-21,176.26,51.86,3,2.71,widgets,west
ORD-000845,2023-05-21,152.77,58.07,5,3.71,widgets,east
ORD-000846,2023-05-21,166.79,64.68,1,2.44,widgets,east
ORD-000847,2023-05-21,179.56,22.98,1,2.28,widgets,east
ORD-000848,2023-05-21,168.94,10.39,1,2.33,gadgets,north
ORD-000849,2023-05-22,97.37,27.28,4,3.8,widgets,north
ORD-000850,2023-05-22,113.9,45.42,5,3.06,tools,north
ORD-000851,2023-05-22,86.45,53.45,4,3.08,widgets,west
ORD-000852,2023-05-22,74.79,43.77,3,1.66,gadgets,north
ORD-000853,2023-05-22,77.51,28.93,1,3.19,accessories,south
ORD-000854,2023-05-22,91.75,62.2,5,2.07,accessories,east
ORD-000855,2023-05-22,81.65,47.65,3,1.99,widgets,east
ORD-000856,2023-05-22,87.23,39.68,1,2.96,accessories,north
ORD-000857,2023-05-22,85.9,78.18,1,1.93,widgets,west
ORD-000858,2023-05-22,88.47,22.39,1,5.82,tools,east
ORD-000859,2023-05-23,99.53,24.94,4,2.47,gadgets,west
ORD-000860,2023-05-23,98.24,31.19,2,4.64,accessories,south
ORD-000861,2023-05-23,78.82,21.33,4,2.34,accessories,south
ORD-000862,2023-05-23,103.79,59.5,4,3.49,accessories,south
ORD-000863,2023-05-23,103.84,74.76,2,0.87,tools,east
ORD-000864,2023-05-23,96.97,49.43,2,5.17,tools,east
ORD-000865,2023-05-23,94.61,45.95,2,2.21,accessories,west
ORD-000866,2023-05-23,68.11,24.2,2,2.34,tools,east
ORD-000867,2023-05-23,92.56,66.2,5,7.05,tools,north
ORD-000868,2023-05-24,137.51,29.66,1,3.86,gadgets,north
ORD-000869,2023-05-24,139.78,84.29,2,5.62,tools,south
ORD-000870,2023-05-24,149.36,60.78,2,3.15,accessories,east
ORD-000871,2023-05-24,146.15,29.08,5,4.6,tools,west
ORD-000872,2023-05-24,152.56,25.6,4,2.13,widgets,north
ORD-000873,2023-05-24,128.33,50.27,3,3.66,widgets,west
ORD-000874,2023-05-25,135.81,79.38,4,2.8,accessories,east
ORD-000875,2023-05-25,142.9,51.47,1,1.8,widgets,east
ORD-000876,2023-05-25,112.01,79.15,2,3.1,widgets,north
ORD-000877,2023-05-25,110.42,52.36,4,1.6,widgets,south
ORD-000878,2023-05-25,114.93,61.11,4,1.72,tools,east
ORD-000879,2023-05-25,104.92,48.5,5,2.49,accessories,south
ORD-000880,2023-05-25,110.01,30.62,1,2.41,accessories,east
ORD-000881,2023-05-26,295.17,43.41,3,3.22,accessories,south
ORD-000882,2023-05-26,299.61,55.46,2,2.82,widgets,north
ORD-000883,2023-05-26,292.33,100.88,5,2.24,widgets,east
ORD-000884,2023-05-27,77.53,20.37,5,2.32,widgets,north
ORD-000885,2023-05-27,98.55,43.12,2,2.5,accessories,east
ORD-000886,2023-05-27,116.8,46.69,4,3.09,accessories,north
ORD-000887,2023-05-27,100.48,61.32,5,3.36,widgets,west
ORD-000888,2023-05-27,132.83,50.84,3,2.72,gadgets,east
ORD-000889,2023-05-27,99.83,68.5,5,3.96,widgets,west
ORD-000890,2023-05-27,77.56,25.76,2,1.77,tools,south
ORD-000891,2023-05-27,95.81,55.35,3,2.03,gadgets,north
ORD-000892,2023-05-27,101.86,36.54,4,1.49,tools,south
ORD-000893,2023-05-28,95.97,54.28,1,3.49,widgets,south
ORD-000894,2023-05-28,109.36,57.66,5,4.65,widgets,west
ORD-000895,2023-05-28,90.48,64.46,2,1.98,widgets,north
ORD-000896,2023-05-28,120.02,29.24,4,1.68,widgets,north
ORD-000897,2023-05-28,105.85,27.59,3,2.17,accessories,east
ORD-000898,2023-05-28,109.12,35.2,3,4.8,tools,south
ORD-000899,2023-05-28,119.37,47.83,5,3.0,accessories,north
ORD-000900,2023-05-28,90.52,19.4,3,2.2,accessories,north
ORD-000901,2023-05-29,451.62,90.5,5,2.98,tools,west
ORD-000902,2023-05-29,446.7,111.16,1,2.22,tools,north
ORD-000903,2023-05-30,216.08,66.72,5,3.81,widgets,east
ORD-000904,2023-05-30,233.9,43.55,1,4.72,accessories,east
ORD-000905,2023-05-30,219.36,58.01,4,0.95,gadgets,north
ORD-000906,2023-05-30,237.68,50.58,5,3.66,widgets,west
ORD-000907,2023-05-31,140.32,17.98,3,2.25,gadgets,west
ORD-000908,2023-05-31,127.44,59.39,1,2.28,tools,south
ORD-000909,2023-05-31,93.54,5.0,3,1.98,gadgets,east
ORD-000910,2023-05-31,161.99,26.39,5,4.15,widgets,west
ORD-000911,2023-05-31,121.56,58.1,1,3.0,tools,west
ORD-000912,2023-05-31,124.97,46.71,3,5.26,tools,east
ORD-000913,2023-05-31,123.3,29.8,5,3.57,tools,east
ORD-000914,2023-06-01,220.14,23.89,2,2.07,accessories,north
ORD-000915,2023-06-01,216.5,70.29,5,4.25,widgets,east
ORD-000916,2023-06-01,234.84,66.64,2,1.46,accessories,west
ORD-000917,2023-06-01,244.01,33.05,5,3.05,tools,west
ORD-000918,2023-06-02,172.9,12.5,5,4.38,widgets,east
ORD-000919,2023-06-02,177.44,50.31,4,2.85,gadgets,west
ORD-000920,2023-06-02,183.18,42.46,1,5.12,accessories,west
ORD-000921,2023-06-02,178.56,42.52,1,2.62,accessories,east
ORD-000922,2023-06-02,178.93,55.26,5,2.69,tools,north
ORD-000923,2023-06-03,302.78,65.13,1,2.25,tools,north
ORD-000924,2023-06-03,280.45,87.7,2,2.86,gadgets,east
ORD-000925,2023-06-03,289.67,64.75,2,2.56,gadgets,west
ORD-000926,2023-06-04,202.85,33.75,2,4.23,widgets,south
ORD-000927,2023-06-04,192.44,43.78,2,2.72,widgets,north
ORD-000928,2023-06-04,175.95,49.55,1,1.99,widgets,south
ORD-000929,2023-06-04,213.11,78.29,2,3.69,gadgets,north
ORD-000930,2023-06-04,186.71,51.52,5,2.35,tools,south
ORD-000931,2023-06-05,148.97,65.95,3,3.89,tools,north
ORD-000932,2023-06-05,173.47,42.7,2,4.54,accessories,east
ORD-000933,2023-06-05,130.53,82.42,1,6.38,accessories,west
ORD-000934,2023-06-05,130.01,44.3,3,2.81,accessories,west
ORD-000935,2023-06-05,168.47,18.16,3,4.15,tools,south
ORD-000936,2023-06-05,158.37,15.35,4,6.46,tools,south
ORD-000937,2023-06-06,100.1,73.07,5,3.77,accessories,north
ORD-000938,2023-06-06,143.23,41.05,4,4.09,widgets,west
ORD-000939,2023-06-06,105.09,17.78,2,5.39,accessories,east
ORD-000940,2023-06-06,101.86,34.72,4,2.26,tools,south
ORD-000941,2023-06-06,110.78,34.29,1,3.04,accessories,north
ORD-000942,2023-06-06,117.36,73.63,2,2.2,gadgets,west
ORD-000943,2023-06-06,142.17,76.43,4,1.93,accessories,east
ORD-000944,2023-06-06,117.83,53.19,3,2.78,tools,east
ORD-000945,2023-06-07,305.36,65.28,5,4.64,tools,west
ORD-000946,2023-06-07,321.57,83.96,4,5.79,gadgets,south
ORD-000947,2023-06-07,283.25,41.23,3,3.12,accessories,south
ORD-000948,2023-06-08,119.71,63.67,5,3.15,widgets,south
ORD-000949,2023-06-08,111.77,53.82,4,2.53,accessories,east
ORD-000950,2023-06-08,126.33,30.18,4,2.87,gadgets,south
ORD-000951,2023-06-08,123.35,57.02,5,2.24,tools,east
ORD-000952,2023-06-08,141.03,74.07,4,2.68,accessories,south
ORD-000953,2023-06-08,145.15,31.25,3,7.76,accessories,east
ORD-000954,2023-06-08,136.18,10.13,2,2.71,accessories,south
ORD-000955,2023-06-09,111.61,33.24,2,2.82,gadgets,east
ORD-000956,2023-06-09,114.37,20.67,3,2.63,gadgets,east
ORD-000957,2023-06-09,100.72,53.87,5,3.18,tools,west
ORD-000958,2023-06-09,128.15,13.38,2,2.64,tools,west
ORD-000959,2023-06-09,148.3,43.05,4,2.05,gadgets,west
ORD-000960,2023-06-09,111.1,67.29,2,4.81,accessories,east
ORD-000961,2023-06-09,129.67,79.1,2,2.61,gadgets,east
ORD-000962,2023-06-09,115.89,20.48,5,3.77,tools,east
ORD-000963,2023-06-10,117.42,62.25,2,3.87,gadgets,north
ORD-000964,2023-06-10,131.58,36.77,3,1.65,accessories,south
ORD-000965,2023-06-10,106.97,44.39,3,5.21,accessories,west
ORD-000966,2023-06-10,122.2,41.62,2,2.03,gadgets,west
ORD-000967,2023-06-10,115.23,25.89,1,1.91,gadgets,east
ORD-000968,2023-06-10,114.47,58.26,4,1.9,accessories,east
ORD-000969,2023-06-10,120.61,70.2,2,3.01,gadgets,east
ORD-000970,2023-06-11,76.53,27.6,3,3.67,tools,east
ORD-000971,2023-06-11,101.27,57.94,4,9.95,tools,south
ORD-000972,2023-06-11,103.66,48.88,5,2.86,gadgets,west
ORD-000973,2023-06-11,92.48,17.55,4,3.07,tools,west
ORD-000974,2023-06-11,84.35,73.15,4,3.89,tools,east
ORD-000975,2023-06-11,99.16,40.53,2,2.53,widgets,south
ORD-000976,2023-06-11,97.12,29.19,4,1.47,accessories,west
ORD-000977,2023-06-11,100.22,42.23,2,1.69,tools,east
ORD-000978,2023-06-11,78.66,82.6,4,3.57,widgets,east
ORD-000979,2023-06-12,314.71,80.69,1,2.72,accessories,west
ORD-000980,2023-06-12,326.34,76.13,3,3.53,accessories,west
ORD-000981,2023-06-12,325.85,70.53,4,4.65,widgets,north
ORD-000982,2023-06-13,215.4,58.43,3,3.48,gadgets,east
ORD-000983,2023-06-13,219.89,81.78,4,2.47,accessories,west
ORD-000984,2023-06-13,227.98,54.07,4,3.24,gadgets,east
ORD-000985,2023-06-13,222.55,64.9,5,2.81,accessories,west
ORD-000986,2023-06-14,201.45,43.55,5,2.87,widgets,west
ORD-000987,2023-06-14,187.17,48.86,4,2.26,widgets,west
ORD-000988,2023-06-14,184.45,46.8,4,4.09,tools,north
ORD-000989,2023-06-14,200.19,58.85,3,3.14,tools,east
ORD-000990,2023-06-14,211.72,36.75,3,2.97,widgets,south
ORD-000991,2023-06-15,199.78,23.76,4,2.89,widgets,north
ORD-000992,2023-06-15,173.66,43.06,3,1.98,widgets,north
ORD-000993,2023-06-15,168.06,41.24,1,2.14,gadgets,north
ORD-000994,2023-06-15,182.08,40.1,4,1.92,gadgets,north
ORD-000995,2023-06-15,184.66,45.77,4,4.03,gadgets,east
ORD-000996,2023-06-16,224.66,55.28,2,2.99,gadgets,east
ORD-000997,2023-06-16,237.35,61.26,2,2.93,accessories,east
ORD-000998,2023-06-16,221.91,49.09,3,4.17,accessories,west
ORD-000999,2023-06-16,232.64,49.27,5,2.44,tools,north
ORD-001000,2023-06-17,225.24,43.03,2,0.89,widgets,north
ORD-001001,2023-06-17,229.8,66.77,5,1.51,accessories,west
ORD-001002,2023-06-17,236.13,50.27,4,4.2,accessories,south
ORD-001003,2023-06-17,228.12,52.38,4,4.73,widgets,east
ORD-001004,2023-06-18,241.28,51.49,1,3.06,gadgets,south
ORD-001005,2023-06-18,227.32,57.77,5,4.1,tools,north
ORD-001006,2023-06-18,233.76,72.85,5,5.07,accessories,south
ORD-001007,2023-06-18,257.08,54.05,5,2.23,gadgets,east
ORD-001008,2023-06-19,87.61,38.1,2,2.21,tools,south
ORD-001009,2023-06-19,102.93,43.8,5,3.96,gadgets,west
ORD-001010,2023-06-19,107.88,15.82,1,3.93,widgets,south
ORD-001011,2023-06-19,64.92,42.24,5,2.87,widgets,west
ORD-001012,2023-06-19,69.29,9.32,1,4.13,widgets,east
ORD-001013,2023-06-19,113.39,73.73,3,2.9,accessories,east
ORD-001014,2023-06-19,93.36,44.37,5,7.25,tools,north
ORD-001015,2023-06-19,75.77,50.6,5,3.15,gadgets,north
ORD-001016,2023-06-19,97.72,17.7,4,3.36,widgets,north
ORD-001017,2023-06-19,102.39,41.9,5,1.97,tools,east
ORD-001018,2023-06-19,86.65,24.96,3,4.12,gadgets,east
ORD-001019,2023-06-20,272.05,67.89,3,2.02,widgets,west
ORD-001020,2023-06-20,259.18,47.87,4,2.43,tools,west
ORD-001021,2023-06-20,241.9,89.0,3,1.4,widgets,east
ORD-001022,2023-06-20,244.19,76.25,2,3.74,widgets,east
ORD-001023,2023-06-21,160.42,55.34,2,3.05,gadgets,east
ORD-001024,2023-06-21,186.68,45.74,2,4.57,accessories,south
ORD-001025,2023-06-21,178.5,51.82,1,3.97,accessories,south
ORD-001026,2023-06-21,165.1,43.17,5,1.74,widgets,west
ORD-001027,2023-06-21,186.94,8.56,2,4.05,tools,south
ORD-001028,2023-06-22,330.02,51.92,4,3.17,gadgets,east
ORD-001029,2023-06-22,323.22,61.75,2,4.87,gadgets,west
ORD-001030,2023-06-22,343.95,33.9,2,3.28,gadgets,north
ORD-001031,2023-06-23,296.02,69.32,4,3.17,widgets,east
ORD-001032,2023-06-23,326.39,63.81,1,2.11,widgets,south
ORD-001033,2023-06-23,302.44,45.46,2,3.43,widgets,north
ORD-001034,2023-06-24,155.44,59.58,3,2.7,gadgets,south
ORD-001035,2023-06-24,154.31,44.91,2,2.36,accessories,north
ORD-001036,2023-06-24,162.15,14.98,2,2.14,gadgets,east
ORD-001037,2023-06-24,180.59,31.34,2,2.4,tools,south
ORD-001038,2023-06-24,147.86,59.48,2,2.55,accessories,east
ORD-001039,2023-06-24,121.44,47.13,4,1.63,gadgets,east
ORD-001040,2023-06-25,180.01,51.25,3,3.03,widgets,south
ORD-001041,2023-06-25,185.37,58.23,4,4.62,accessories,south
ORD-001042,2023-06-25,183.74,37.7,3,2.89,tools,west
ORD-001043,2023-06-25,182.37,41.22,5,2.76,tools,south
ORD-001044,2023-06-25,204.69,74.8,1,2.16,widgets,north
ORD-001045,2023-06-26,88.83,52.52,3,2.4,accessories,west
ORD-001046,2023-06-26,93.03,55.23,5,1.42,accessories,east
ORD-001047,2023-06-26,95.8,46.96,4,3.1,tools,north
ORD-001048,2023-06-26,72.89,5.0,4,2.74,tools,east
ORD-001049,2023-06-26,76.04,25.46,2,3.3,widgets,north
ORD-001050,2023-06-26,84.0,26.26,1,1.9,accessories,north
ORD-001051,2023-06-26,64.28,41.64,2,4.38,widgets,north
ORD-001052,2023-06-26,63.91,52.42,5,5.55,tools,east
ORD-001053,2023-06-26,92.95,37.75,1,1.33,accessories,west
ORD-001054,2023-06-26,106.73,59.99,5,3.77,gadgets,north
ORD-001055,2023-06-26,69.65,55.3,5,2.4,gadgets,east
ORD-001056,2023-06-26,86.27,66.97,3,2.53,accessories,north
ORD-001057,2023-06-27,77.98,59.73,3,3.34,gadgets,south
ORD-001058,2023-06-27,149.23,34.41,4,5.18,gadgets,west
ORD-001059,2023-06-27,124.3,43.75,5,4.47,tools,west
ORD-001060,2023-06-27,139.51,61.65,4,6.14,gadgets,south
ORD-001061,2023-06-27,104.81,64.96,4,3.94,tools,west
ORD-001062,2023-06-27,129.45,53.99,4,5.82,tools,north
ORD-001063,2023-06-27,133.22,64.19,3,2.27,gadgets,north
ORD-001064,2023-06-27,130.63,42.7,2,2.12,widgets,north
ORD-001065,2023-06-28,181.64,38.79,3,1.76,accessories,north
ORD-001066,2023-06-28,177.03,42.08,4,3.86,accessories,east
ORD-001067,2023-06-28,194.12,46.89,3,2.78,widgets,west
ORD-001068,2023-06-28,185.96,75.81,3,4.35,tools,west
ORD-001069,2023-06-28,181.68,20.53,1,1.98,tools,east
ORD-001070,2023-06-29,112.41,35.95,4,2.57,gadgets,north
ORD-001071,2023-06-29,125.39,28.24,1,3.27,tools,west
ORD-001072,2023-06-29,114.51,25.76,5,4.93,gadgets,east
ORD-001073,2023-06-29,137.57,43.53,4,1.56,accessories,west
ORD-001074,2023-06-29,138.83,37.25,5,2.31,widgets,north
ORD-001075,2023-06-29,130.15,16.18,1,2.53,widgets,west
ORD-001076,2023-06-29,124.36,70.31,1,3.81,tools,west
ORD-001077,2023-06-29,117.9,47.71,4,3.55,gadgets,west
ORD-001078,2023-06-30,143.73,46.85,1,1.85,widgets,south
ORD-001079,2023-06-30,152.53,60.59,4,4.0,gadgets,south
ORD-001080,2023-06-30,118.28,26.91,5,3.89,widgets,north
ORD-001081,2023-06-30,111.77,24.37,5,2.1,accessories,north
ORD-001082,2023-06-30,143.12,57.53,5,5.26,gadgets,west
ORD-001083,2023-06-30,148.87,26.61,5,3.65,widgets,north
ORD-001084,2023-06-30,144.23,65.93,1,7.02,tools,north
ORD-001085,2023-07-01,168.86,59.2,3,1.77,tools,west
ORD-001086,2023-07-01,151.58,48.99,4,2.8,accessories,west
ORD-001087,2023-07-01,159.11,40.32,4,2.3,gadgets,west
ORD-001088,2023-07-01,148.82,32.78,2,2.93,widgets,west
ORD-001089,2023-07-01,142.09,56.46,2,2.89,widgets,west
ORD-001090,2023-07-01,151.98,49.93,4,9.47,tools,east
ORD-001091,2023-07-02,188.19,67.04,3,2.17,gadgets,west
ORD-001092,2023-07-02,182.12,61.57,4,2.54,gadgets,west
ORD-001093,2023-07-02,193.09,32.25,3,2.63,tools,west
ORD-001094,2023-07-02,177.57,47.6,4,5.64,gadgets,east
ORD-001095,2023-07-02,192.21,57.67,3,3.39,tools,west
ORD-001096,2023-07-03,226.89,51.62,5,7.13,accessories,east
ORD-001097,2023-07-03,235.27,52.75,4,5.87,accessories,north
ORD-001098,2023-07-03,249.02,74.51,1,3.74,widgets,east
ORD-001099,2023-07-03,218.47,77.75,5,3.73,widgets,south
ORD-001100,2023-07-04,322.58,78.85,2,4.04,widgets,north
ORD-001101,2023-07-04,350.36,53.71,3,1.34,accessories,north
ORD-001102,2023-07-04,333.21,74.67,1,5.05,accessories,south
ORD-001103,2023-07-05,195.41,41.03,1,3.37,tools,south
ORD-001104,2023-07-05,193.87,20.61,4,5.25,tools,west
ORD-001105,2023-07-05,208.82,39.42,3,3.74,tools,west
ORD-001106,2023-07-05,219.56,45.81,2,2.27,accessories,north
ORD-001107,2023-07-05,215.14,66.1,4,5.29,gadgets,east
ORD-001108,2023-07-06,146.53,33.47,4,2.23,widgets,north
ORD-001109,2023-07-06,162.94,29.97,4,4.76,tools,north
ORD-001110,2023-07-06,183.4,35.44,5,1.22,accessories,north
ORD-001111,2023-07-06,146.41,54.82,4,2.81,widgets,east
ORD-001112,2023-07-06,149.14,52.11,1,1.58,accessories,south
ORD-001113,2023-07-06,153.82,65.15,4,3.29,tools,north
ORD-001114,2023-07-07,341.35,76.83,4,4.47,widgets,east
ORD-001115,2023-07-07,315.43,28.41,2,4.98,widgets,south
ORD-001116,2023-07-07,307.65,64.23,4,5.16,tools,south
ORD-001117,2023-07-08,191.66,65.94,3,2.47,widgets,east
ORD-001118,2023-07-08,182.62,75.9,2,3.03,accessories,east
ORD-001119,2023-07-08,199.85,32.16,4,2.29,accessories,west
ORD-001120,2023-07-08,185.86,22.84,3,1.88,widgets,north
ORD-001121,2023-07-08,159.69,72.67,4,4.53,gadgets,east
ORD-001122,2023-07-09,168.75,35.22,1,3.43,tools,west
ORD-001123,2023-07-09,189.78,44.66,2,3.51,accessories,north
ORD-001124,2023-07-09,175.19,37.32,2,4.26,accessories,east
ORD-001125,2023-07-09,181.26,59.81,5,4.94,gadgets,east
ORD-001126,2023-07-09,201.69,58.2,2,2.24,widgets,west
ORD-001127,2023-07-10,98.38,69.91,2,3.73,gadgets,east
ORD-001128,2023-07-10,100.29,53.35,4,2.9,tools,south
ORD-001129,2023-07-10,107.7,33.31,1,2.9,accessories,west
ORD-001130,2023-07-10,115.52,38.52,4,3.37,accessories,north
ORD-001131,2023-07-10,99.04,18.55,2,3.3,accessories,south
ORD-001132,2023-07-10,110.12,52.26,4,1.55,widgets,east
ORD-001133,2023-07-10,94.54,30.13,2,3.91,accessories,south
ORD-001134,2023-07-10,116.54,48.36,2,6.94,tools,west
ORD-001135,2023-07-10,117.21,59.59,4,4.35,accessories,east
ORD-001136,2023-07-10,89.53,37.71,3,1.67,tools,west
ORD-001137,2023-07-11,128.5,25.91,4,3.87,tools,north
ORD-001138,2023-07-11,123.99,40.95,1,7.71,widgets,north
ORD-001139,2023-07-11,106.18,37.01,5,4.08,widgets,west
ORD-001140,2023-07-11,144.47,40.64,3,3.75,accessories,east
ORD-001141,2023-07-11,125.1,80.37,4,3.45,accessories,west
ORD-001142,2023-07-11,146.7,44.96,4,4.22,accessories,east
ORD-001143,2023-07-11,104.75,7.29,1,4.79,gadgets,south
ORD-001144,2023-07-11,99.87,35.52,3,3.57,gadgets,west
ORD-001145,2023-07-12,132.85,44.67,1,7.16,gadgets,east
ORD-001146,2023-07-12,112.37,41.1,2,3.59,gadgets,east
ORD-001147,2023-07-12,113.64,27.3,5,2.79,gadgets,south
ORD-001148,2023-07-12,121.98,26.03,4,2.81,gadgets,east
ORD-001149,2023-07-12,137.5,39.48,3,5.65,widgets,west
ORD-001150,2023-07-12,144.24,33.98,1,6.24,widgets,south
ORD-001151,2023-07-12,126.46,42.81,5,3.95,tools,north
ORD-001152,2023-07-12,100.73,23.77,3,3.46,tools,west
ORD-001153,2023-07-13,134.58,41.63,4,1.54,gadgets,east
ORD-001154,2023-07-13,149.16,42.32,2,4.66,tools,south
ORD-001155,2023-07-13,145.7,46.69,5,3.98,tools,west
ORD-001156,2023-07-13,135.05,72.86,5,3.69,gadgets,south
ORD-001157,2023-07-13,127.16,48.9,2,2.56,widgets,west
ORD-001158,2023-07-13,136.48,45.68,1,4.09,accessories,north
ORD-001159,2023-07-13,137.16,36.74,2,7.58,tools,south
ORD-001160,2023-07-14,187.29,58.38,5,1.13,gadgets,south
ORD-001161,2023-07-14,209.86,42.35,4,2.1,accessories,north
ORD-001162,2023-07-14,191.08,64.48,4,3.56,gadgets,south
ORD-001163,2023-07-14,215.26,10.71,5,2.51,widgets,west
ORD-001164,2023-07-14,218.82,47.64,3,2.14,accessories,south
ORD-001165,2023-07-15,130.32,53.03,3,5.61,tools,north
ORD-001166,2023-07-15,107.97,8.16,4,2.12,widgets,south
ORD-001167,2023-07-15,138.02,82.78,5,2.77,gadgets,south
ORD-001168,2023-07-15,126.46,24.16,5,2.87,widgets,east
ORD-001169,2023-07-15,128.13,21.08,3,2.5,tools,north
ORD-001170,2023-07-15,138.81,38.72,2,3.3,tools,west
ORD-001171,2023-07-15,98.79,39.64,4,2.48,widgets,north
ORD-001172,2023-07-15,153.19,91.93,4,3.52,accessories,north
ORD-001173,2023-07-16,143.37,77.01,4,6.51,tools,south
ORD-001174,2023-07-16,147.72,33.86,4,2.7,tools,north
ORD-001175,2023-07-16,150.82,71.87,2,1.15,gadgets,south
ORD-001176,2023-07-16,160.09,32.65,2,4.87,accessories,west
ORD-001177,2023-07-16,156.68,50.27,1,3.27,tools,east
ORD-001178,2023-07-16,159.9,58.27,5,1.61,gadgets,south
ORD-001179,2023-07-16,155.35,72.57,2,3.3,gadgets,west
ORD-001180,2023-07-17,162.68,58.58,2,1.27,tools,north
ORD-001181,2023-07-17,162.26,53.1,5,2.0,accessories,west
ORD-001182,2023-07-17,182.84,36.64,1,1.99,widgets,east
ORD-001183,2023-07-17,178.57,37.98,3,3.95,widgets,south
ORD-001184,2023-07-17,155.91,47.53,5,5.46,gadgets,west
ORD-001185,2023-07-17,175.35,64.6,2,1.78,accessories,south
ORD-001186,2023-07-18,526.4,77.7,4,2.12,tools,west
ORD-001187,2023-07-18,523.18,90.68,1,2.36,gadgets,north
ORD-001188,2023-07-19,123.69,43.62,1,4.0,tools,north
ORD-001189,2023-07-19,107.74,72.66,3,2.44,accessories,south
ORD-001190,2023-07-19,123.77,47.28,5,5.23,gadgets,west
ORD-001191,2023-07-19,139.25,39.2,2,2.22,tools,north
ORD-001192,2023-07-19,105.95,31.35,3,3.31,accessories,north
ORD-001193,2023-07-19,114.76,53.79,5,2.92,widgets,north
ORD-001194,2023-07-19,113.94,15.29,1,3.93,gadgets,north
ORD-001195,2023-07-19,119.17,54.51,5,2.98,widgets,north
ORD-001196,2023-07-19,147.09,55.28,4,4.36,widgets,west
ORD-001197,2023-07-20,158.93,44.21,2,3.56,gadgets,west
ORD-001198,2023-07-20,122.64,30.15,3,2.59,tools,west
ORD-001199,2023-07-20,149.98,12.66,1,2.48,widgets,north
ORD-001200,2023-07-20,150.06,70.54,5,2.47,gadgets,north
ORD-001201,2023-07-20,139.9,43.37,3,2.85,gadgets,west
ORD-001202,2023-07-20,150.85,56.26,3,2.45,widgets,north
ORD-001203,2023-07-20,163.72,42.25,5,3.13,gadgets,south
ORD-001204,2023-07-21,234.35,31.89,1,3.5,tools,west
ORD-001205,2023-07-21,245.71,68.96,2,4.42,gadgets,east
ORD-001206,2023-07-21,253.0,56.94,4,3.92,gadgets,west
ORD-001207,2023-07-21,256.04,34.01,4,3.58,widgets,east
ORD-001208,2023-07-22,318.69,66.59,4,1.76,tools,north
ORD-001209,2023-07-22,321.91,71.49,3,3.76,gadgets,east
ORD-001210,2023-07-22,349.14,48.58,3,1.74,gadgets,north
ORD-001211,2023-07-23,218.14,39.89,1,2.41,widgets,west
ORD-001212,2023-07-23,208.58,53.93,5,1.76,widgets,west
ORD-001213,2023-07-23,215.77,47.4,3,2.47,gadgets,north
ORD-001214,2023-07-23,198.53,28.3,4,1.62,accessories,west
ORD-001215,2023-07-23,200.98,97.87,1,3.2,widgets,west
ORD-001216,2023-07-24,150.89,56.18,4,2.76,accessories,south
ORD-001217,2023-07-24,177.1,72.54,1,9.9,accessories,west
ORD-001218,2023-07-24,159.24,58.25,5,2.01,gadgets,north
ORD-001219,2023-07-24,137.18,39.59,5,2.5,tools,south
ORD-001220,2023-07-24,156.58,38.21,1,3.2,accessories,south
ORD-001221,2023-07-24,143.55,20.33,5,2.28,tools,south
ORD-001222,2023-07-24,171.26,63.17,4,2.42,gadgets,north
ORD-001223,2023-07-25,84.5,31.57,4,2.52,widgets,east
ORD-001224,2023-07-25,94.61,47.1,2,2.22,tools,north
ORD-001225,2023-07-25,88.0,35.09,1,3.21,gadgets,east
ORD-001226,2023-07-25,89.33,37.75,1,4.85,gadgets,north
ORD-001227,2023-07-25,91.64,23.83,1,5.03,tools,north
ORD-001228,2023-07-25,61.41,11.69,4,1.86,widgets,north
ORD-001229,2023-07-25,78.33,45.28,2,1.98,widgets,west
ORD-001230,2023-07-25,100.5,66.55,5,3.0,gadgets,north
ORD-001231,2023-07-25,87.33,34.72,3,2.82,accessories,north
ORD-001232,2023-07-25,76.86,48.5,4,3.72,widgets,south
ORD-001233,2023-07-25,82.19,24.72,1,3.44,gadgets,east
ORD-001234,2023-07-25,89.63,36.34,4,3.04,gadgets,east
ORD-001235,2023-07-26,98.81,76.51,5,2.01,gadgets,south
ORD-001236,2023-07-26,95.29,49.17,1,2.42,accessories,east
ORD-001237,2023-07-26,118.22,35.02,5,4.02,tools,east
ORD-001238,2023-07-26,112.52,32.62,5,4.25,tools,west
ORD-001239,2023-07-26,111.41,40.49,3,2.31,tools,west
ORD-001240,2023-07-26,107.44,51.95,1,4.38,tools,east
ORD-001241,2023-07-26,102.31,48.57,1,3.23,widgets,north
ORD-001242,2023-07-26,100.66,26.47,1,2.95,tools,east
ORD-001243,2023-07-26,103.18,81.29,1,3.46,tools,west
ORD-001244,2023-07-26,120.26,66.49,2,4.8,accessories,west
ORD-001245,2023-07-27,510.58,88.22,4,2.25,accessories,east
ORD-001246,2023-07-27,516.09,53.85,3,4.44,widgets,east
ORD-001247,2023-07-28,173.05,66.52,2,5.21,accessories,south
ORD-001248,2023-07-28,214.2,57.2,2,2.03,widgets,west
ORD-001249,2023-07-28,202.14,67.42,2,4.28,accessories,south
ORD-001250,2023-07-28,180.19,41.31,1,6.61,gadgets,south
ORD-001251,2023-07-28,225.31,49.31,3,1.81,widgets,north
ORD-001252,2023-07-29,211.93,93.95,2,2.55,accessories,west
ORD-001253,2023-07-29,186.68,34.78,4,6.91,accessories,north
ORD-001254,2023-07-29,208.93,61.59,5,2.76,widgets,south
ORD-001255,2023-07-29,198.84,54.47,1,2.58,gadgets,north
ORD-001256,2023-07-29,232.98,47.5,1,1.74,tools,east
ORD-001257,2023-07-30,371.64,51.0,3,4.21,gadgets,north
ORD-001258,2023-07-30,342.67,63.72,4,7.34,widgets,south
ORD-001259,2023-07-30,343.31,47.52,4,3.43,gadgets,east
ORD-001260,2023-07-31,152.39,71.88,2,2.17,accessories,east
ORD-001261,2023-07-31,165.0,69.67,2,6.71,widgets,north
ORD-001262,2023-07-31,169.92,63.43,3,2.54,accessories,north
ORD-001263,2023-07-31,144.42,47.23,2,4.86,gadgets,north
ORD-001264,2023-07-31,146.99,27.15,5,5.41,accessories,south
ORD-001265,2023-07-31,167.88,31.66,1,1.91,tools,east
ORD-001266,2023-07-31,152.0,39.2,5,3.58,accessories,east
ORD-001267,2023-08-01,190.88,40.34,3,1.66,gadgets,south
ORD-001268,2023-08-01,193.79,61.06,2,3.59,widgets,east
ORD-001269,2023-08-01,191.23,54.46,4,4.16,widgets,south
ORD-001270,2023-08-01,199.75,58.74,1,3.08,accessories,west
ORD-001271,2023-08-01,184.83,50.79,2,2.66,accessories,east
ORD-001272,2023-08-01,177.96,66.13,5,5.5,gadgets,north
ORD-001273,2023-08-02,107.46,41.37,4,3.81,accessories,east
ORD-001274,2023-08-02,87.52,47.52,3,6.0,tools,west
ORD-001275,2023-08-02,120.73,45.08,2,2.32,accessories,south
ORD-001276,2023-08-02,93.04,75.91,2,2.58,tools,east
ORD-001277,2023-08-02,104.87,55.02,4,3.14,widgets,west
ORD-001278,2023-08-02,86.92,73.03,5,3.04,gadgets,north
ORD-001279,2023-08-02,82.97,43.44,3,3.47,accessories,east
ORD-001280,2023-08-02,88.76,73.37,3,1.14,widgets,north
ORD-001281,2023-08-02,97.49,39.28,5,1.67,widgets,west
ORD-001282,2023-08-02,125.05,28.12,5,2.27,gadgets,east
ORD-001283,2023-08-02,80.61,45.97,1,5.04,gadgets,east
ORD-001284,2023-08-03,149.27,25.56,5,3.24,tools,south
ORD-001285,2023-08-03,136.14,45.83,5,3.57,tools,north
ORD-001286,2023-08-03,134.83,87.43,3,2.58,gadgets,west
ORD-001287,2023-08-03,108.43,58.05,2,2.36,gadgets,west
ORD-001288,2023-08-03,129.7,13.45,2,2.97,tools,west
ORD-001289,2023-08-03,125.16,58.86,2,3.25,gadgets,north
ORD-001290,2023-08-03,125.65,34.29,3,2.6,gadgets,south
ORD-001291,2023-08-03,118.82,62.92,5,3.49,accessories,south
ORD-001292,2023-08-04,168.86,32.18,1,4.07,gadgets,south
ORD-001293,2023-08-04,146.89,16.85,1,4.07,widgets,east
ORD-001294,2023-08-04,164.95,6.84,2,2.81,widgets,west
ORD-001295,2023-08-04,158.19,40.14,4,4.68,tools,south
ORD-001296,2023-08-04,166.2,55.56,5,2.28,widgets,east
ORD-001297,2023-08-04,187.17,38.47,2,2.41,widgets,east
ORD-001298,2023-08-05,116.11,66.11,3,2.44,accessories,west
ORD-001299,2023-08-05,142.01,32.68,4,6.13,tools,south
ORD-001300,2023-08-05,99.94,89.95,5,5.72,gadgets,south
ORD-001301,2023-08-05,115.18,60.7,2,2.32,accessories,west
ORD-001302,2023-08-05,116.62,47.73,4,2.56,widgets,east
ORD-001303,2023-08-05,161.73,20.67,1,5.44,accessories,west
ORD-001304,2023-08-05,120.76,58.22,2,2.06,accessories,west
ORD-001305,2023-08-05,133.02,62.38,5,3.3,gadgets,west
ORD-001306,2023-08-06,181.4,16.02,2,1.66,accessories,west
ORD-001307,2023-08-06,186.65,58.49,1,2.4,gadgets,south
ORD-001308,2023-08-06,222.69,35.09,4,3.85,widgets,south
ORD-001309,2023-08-06,163.28,55.58,2,2.31,widgets,south
ORD-001310,2023-08-06,192.96,41.72,4,6.22,widgets,east
ORD-001311,2023-08-06,175.21,58.34,2,2.73,gadgets,west
ORD-001312,2023-08-07,286.36,60.12,3,3.51,widgets,west
ORD-001313,2023-08-07,278.74,67.11,4,3.92,widgets,east
ORD-001314,2023-08-07,275.18,45.25,5,3.39,widgets,east
ORD-001315,2023-08-07,282.33,21.2,4,5.16,tools,south
ORD-001316,2023-08-08,369.38,61.24,3,2.84,gadgets,west
ORD-001317,2023-08-08,354.1,87.66,1,3.87,widgets,east
ORD-001318,2023-08-08,379.12,69.99,4,2.57,accessories,east
ORD-001319,2023-08-09,106.15,49.43,3,3.94,accessories,north
ORD-001320,2023-08-09,122.97,30.84,3,6.65,accessories,west
ORD-001321,2023-08-09,118.11,27.23,5,1.55,widgets,west
ORD-001322,2023-08-09,143.3,39.92,2,2.46,tools,south
ORD-001323,2023-08-09,139.88,33.99,4,1.76,tools,south
ORD-001324,2023-08-09,151.8,23.66,3,1.95,gadgets,south
ORD-001325,2023-08-09,130.65,68.51,2,3.97,widgets,west
ORD-001326,2023-08-09,144.59,71.42,1,1.27,tools,north
ORD-001327,2023-08-10,337.66,68.03,1,4.28,tools,east
ORD-001328,2023-08-10,381.37,70.95,5,4.17,widgets,north
ORD-001329,2023-08-10,348.33,70.54,1,1.22,gadgets,west
ORD-001330,2023-08-11,232.18,58.35,5,3.09,tools,south
ORD-001331,2023-08-11,201.0,60.02,3,3.85,gadgets,south
ORD-001332,2023-08-11,224.42,73.63,4,1.63,gadgets,east
ORD-001333,2023-08-11,198.23,55.88,3,4.3,accessories,north
ORD-001334,2023-08-11,188.01,59.0,1,1.46,widgets,north
ORD-001335,2023-08-12,145.68,90.52,1,2.11,tools,north
ORD-001336,2023-08-12,125.89,69.01,1,2.03,gadgets,south
ORD-001337,2023-08-12,123.04,60.74,3,2.99,gadgets,south
ORD-001338,2023-08-12,103.22,50.21,2,2.65,widgets,south
ORD-001339,2023-08-12,132.67,48.92,3,3.79,gadgets,north
ORD-001340,2023-08-12,142.09,39.64,5,1.95,gadgets,north
ORD-001341,2023-08-12,154.24,11.72,1,3.47,accessories,south
ORD-001342,2023-08-12,100.6,28.51,3,3.86,accessories,west
ORD-001343,2023-08-13,255.46,50.22,4,2.42,accessories,west
ORD-001344,2023-08-13,256.71,46.52,4,4.26,gadgets,south
ORD-001345,2023-08-13,251.69,59.43,5,2.53,gadgets,north
ORD-001346,2023-08-13,245.6,58.18,4,2.41,widgets,east
ORD-001347,2023-08-14,111.04,27.64,3,3.84,accessories,east
ORD-001348,2023-08-14,132.95,36.19,4,3.39,accessories,west
ORD-001349,2023-08-14,105.82,35.32,2,2.27,gadgets,north
ORD-001350,2023-08-14,179.96,63.57,2,1.73,tools,south
ORD-001351,2023-08-14,143.44,88.56,4,3.1,gadgets,north
ORD-001352,2023-08-14,117.93,56.41,4,2.27,tools,south
ORD-001353,2023-08-14,136.44,29.15,2,2.37,accessories,north
ORD-001354,2023-08-14,123.02,58.12,4,2.78,accessories,south
ORD-001355,2023-08-15,211.94,73.5,5,1.86,accessories,east
ORD-001356,2023-08-15,226.62,44.52,2,3.05,tools,north
ORD-001357,2023-08-15,236.23,99.62,4,1.63,tools,south
ORD-001358,2023-08-15,232.39,60.92,1,2.41,tools,east
ORD-001359,2023-08-15,200.16,35.93,2,5.28,gadgets,west
ORD-001360,2023-08-16,114.64,18.65,1,3.14,tools,west
ORD-001361,2023-08-16,119.43,67.12,5,4.64,gadgets,north
ORD-001362,2023-08-16,154.1,65.1,3,2.59,accessories,south
ORD-001363,2023-08-16,126.53,56.44,2,3.73,accessories,east
ORD-001364,2023-08-16,111.66,47.17,4,5.47,gadgets,west
ORD-001365,2023-08-16,105.94,33.82,5,6.41,widgets,north
ORD-001366,2023-08-16,106.47,45.62,5,3.37,accessories,north
ORD-001367,2023-08-16,116.92,65.12,1,2.39,tools,north
ORD-001368,2023-08-16,113.11,48.78,3,3.48,tools,north
ORD-001369,2023-08-17,140.72,83.82,5,2.35,tools,west
ORD-001370,2023-08-17,140.08,47.2,2,4.42,gadgets,north
ORD-001371,2023-08-17,126.15,49.75,2,3.27,gadgets,east
ORD-001372,2023-08-17,148.81,67.75,2,5.46,accessories,east
ORD-001373,2023-08-17,128.09,45.12,3,4.87,widgets,north
ORD-001374,2023-08-17,144.18,38.94,5,3.06,accessories,west
ORD-001375,2023-08-17,155.59,35.43,1,2.28,accessories,east
ORD-001376,2023-08-17,123.22,39.67,2,3.55,tools,south
ORD-001377,2023-08-18,172.0,45.66,3,3.23,tools,south
ORD-001378,2023-08-18,132.17,45.27,4,2.7,accessories,west
ORD-001379,2023-08-18,173.49,45.89,4,2.19,gadgets,west
ORD-001380,2023-08-18,176.24,18.39,5,3.92,gadgets,south
ORD-001381,2023-08-18,160.92,17.51,3,2.11,accessories,south
ORD-001382,2023-08-18,141.82,55.37,1,2.57,accessories,west
ORD-001383,2023-08-18,154.78,47.68,3,2.13,accessories,west
ORD-001384,2023-08-19,229.54,64.04,5,3.0,tools,east
ORD-001385,2023-08-19,203.91,46.51,3,3.22,widgets,south
ORD-001386,2023-08-19,217.91,53.87,1,5.95,widgets,south
ORD-001387,2023-08-19,205.73,36.27,4,1.76,gadgets,west
ORD-001388,2023-08-19,198.35,38.48,3,3.59,tools,west
ORD-001389,2023-08-20,139.74,39.77,5,2.48,accessories,east
ORD-001390,2023-08-20,179.19,42.75,3,6.04,gadgets,east
ORD-001391,2023-08-20,139.98,34.46,3,2.83,widgets,south
ORD-001392,2023-08-20,134.14,96.33,2,4.55,accessories,north
ORD-001393,2023-08-20,135.7,23.87,4,3.93,accessories,east
ORD-001394,2023-08-20,149.47,68.36,5,1.53,accessories,east
ORD-001395,2023-08-20,164.54,56.5,1,2.74,widgets,west
ORD-001396,2023-08-21,209.21,43.9,5,7.38,widgets,east
ORD-001397,2023-08-21,207.2,32.98,1,2.47,tools,south
ORD-001398,2023-08-21,183.15,84.09,5,2.74,gadgets,south
ORD-001399,2023-08-21,168.93,46.06,2,1.71,accessories,west
ORD-001400,2023-08-21,190.14,38.32,3,2.36,accessories,north
ORD-001401,2023-08-21,185.81,38.68,4,3.12,tools,north
ORD-001402,2023-08-22,230.25,48.84,4,2.03,gadgets,south
ORD-001403,2023-08-22,236.08,68.0,3,2.59,gadgets,east
ORD-001404,2023-08-22,231.73,57.02,1,3.74,widgets,east
ORD-001405,2023-08-22,233.95,93.08,4,2.44,widgets,north
ORD-001406,2023-08-22,226.64,27.7,4,3.19,widgets,west
ORD-001407,2023-08-23,273.44,116.62,2,4.36,gadgets,east
ORD-001408,2023-08-23,290.3,76.59,5,2.1,tools,east
ORD-001409,2023-08-23,257.85,80.21,4,4.55,widgets,north
ORD-001410,2023-08-23,287.02,73.72,1,2.15,gadgets,south
ORD-001411,2023-08-24,144.86,11.12,5,2.45,accessories,north
ORD-001412,2023-08-24,141.58,47.3,4,2.72,accessories,east
ORD-001413,2023-08-24,133.87,62.23,4,3.08,gadgets,east
ORD-001414,2023-08-24,133.18,47.01,3,1.91,tools,east
ORD-001415,2023-08-24,129.14,39.87,4,7.1,widgets,west
ORD-001416,2023-08-24,139.76,28.02,2,1.41,accessories,south
ORD-001417,2023-08-24,165.87,23.43,1,4.83,accessories,east
ORD-001418,2023-08-24,128.47,60.76,5,5.24,gadgets,west
ORD-001419,2023-08-25,274.25,81.5,1,2.59,accessories,west
ORD-001420,2023-08-25,294.11,84.13,2,2.0,widgets,south
ORD-001421,2023-08-25,277.21,48.8,5,7.61,gadgets,west
ORD-001422,2023-08-25,266.49,77.11,4,4.38,accessories,south
ORD-001423,2023-08-26,191.17,61.37,4,2.34,widgets,east
ORD-001424,2023-08-26,178.81,5.0,5,2.29,accessories,south
ORD-001425,2023-08-26,201.81,57.21,2,2.8,gadgets,east
ORD-001426,2023-08-26,175.61,38.13,4,5.27,accessories,north
ORD-001427,2023-08-26,199.85,43.39,4,3.5,accessories,north
ORD-001428,2023-08-26,180.69,46.21,2,2.33,tools,east
ORD-001429,2023-08-27,253.26,49.46,1,1.94,accessories,east
ORD-001430,2023-08-27,277.45,60.94,5,2.01,tools,north
ORD-001431,2023-08-27,282.66,54.86,1,3.11,tools,south
ORD-001432,2023-08-27,247.67,58.7,3,5.85,tools,north
ORD-001433,2023-08-28,201.5,64.46,4,2.69,widgets,west
ORD-001434,2023-08-28,172.39,62.49,4,1.9,accessories,west
ORD-001435,2023-08-28,185.47,74.42,4,3.41,gadgets,east
ORD-001436,2023-08-28,181.8,64.55,2,2.58,widgets,north
ORD-001437,2023-08-28,194.39,30.04,2,1.47,accessories,east
ORD-001438,2023-08-28,206.77,42.7,1,3.49,gadgets,north
ORD-001439,2023-08-29,138.73,75.56,1,2.2,widgets,west
ORD-001440,2023-08-29,166.15,65.34,5,4.55,tools,south
ORD-001441,2023-08-29,172.58,58.11,5,2.25,widgets,west
ORD-001442,2023-08-29,142.15,51.63,2,4.46,gadgets,west
ORD-001443,2023-08-29,167.92,42.05,2,2.14,widgets,north
ORD-001444,2023-08-29,165.99,19.66,1,1.91,accessories,west
ORD-001445,2023-08-29,160.94,67.37,2,4.72,widgets,west
ORD-001446,2023-08-30,139.53,42.31,5,7.44,tools,north
ORD-001447,2023-08-30,162.59,23.04,1,3.46,gadgets,east
ORD-001448,2023-08-30,144.09,64.73,3,2.4,accessories,south
ORD-001449,2023-08-30,163.33,79.05,5,2.48,tools,east
ORD-001450,2023-08-30,131.67,40.82,2,4.53,gadgets,east
ORD-001451,2023-08-30,125.95,35.87,1,3.97,gadgets,west
ORD-001452,2023-08-30,120.96,40.98,4,4.9,gadgets,north
ORD-001453,2023-08-30,131.88,55.06,5,4.96,gadgets,east
ORD-001454,2023-08-31,193.62,54.07,1,3.49,gadgets,east
ORD-001455,2023-08-31,174.39,50.59,5,3.8,widgets,west
ORD-001456,2023-08-31,193.41,61.42,2,2.71,accessories,north
ORD-001457,2023-08-31,191.49,45.77,3,2.61,gadgets,west
ORD-001458,2023-08-31,199.32,58.72,5,3.98,widgets,south
ORD-001459,2023-08-31,197.16,27.44,2,4.0,accessories,east
ORD-001460,2023-09-01,158.0,47.36,5,3.64,widgets,south
ORD-001461,2023-09-01,154.17,74.41,2,3.32,widgets,north
ORD-001462,2023-09-01,158.04,35.91,5,2.08,accessories,east
ORD-001463,2023-09-01,147.99,49.81,2,4.31,gadgets,north
ORD-001464,2023-09-01,153.44,41.75,5,3.91,accessories,north
ORD-001465,2023-09-01,164.48,54.38,5,4.67,tools,north
ORD-001466,2023-09-01,170.07,56.67,3,3.62,widgets,west
ORD-001467,2023-09-02,239.22,44.06,2,4.93,tools,north
ORD-001468,2023-09-02,216.52,63.63,3,1.81,accessories,east
ORD-001469,2023-09-02,217.85,55.13,1,3.44,accessories,east
ORD-001470,2023-09-02,207.29,38.98,3,2.25,tools,north
ORD-001471,2023-09-02,218.22,60.1,5,3.78,gadgets,north
ORD-001472,2023-09-03,371.22,69.61,4,3.52,accessories,north
ORD-001473,2023-09-03,378.62,85.39,1,3.5,accessories,south
ORD-001474,2023-09-03,384.99,87.88,3,10.05,gadgets,east
ORD-001475,2023-09-04,87.01,36.26,1,2.8,accessories,south
ORD-001476,2023-09-04,95.43,37.88,5,2.87,accessories,east
ORD-001477,2023-09-04,88.16,25.24,4,5.98,gadgets,west
ORD-001478,2023-09-04,89.58,48.0,2,4.3,accessories,east
ORD-001479,2023-09-04,94.1,27.03,1,3.6,accessories,west
ORD-001480,2023-09-04,104.58,53.34,1,2.75,gadgets,south
ORD-001481,2023-09-04,83.68,14.87,2,1.72,widgets,east
ORD-001482,2023-09-04,71.97,26.26,4,2.49,gadgets,west
ORD-001483,2023-09-04,88.13,31.88,3,1.68,accessories,west
ORD-001484,2023-09-04,83.43,34.09,3,3.32,accessories,east
ORD-001485,2023-09-04,77.49,55.46,4,2.75,widgets,south
ORD-001486,2023-09-04,74.55,47.1,2,2.54,widgets,east
ORD-001487,2023-09-04,105.04,51.37,4,4.26,gadgets,south
ORD-001488,2023-09-05,212.66,76.27,5,2.49,widgets,south
ORD-001489,2023-09-05,225.34,52.94,4,4.76,tools,north
ORD-001490,2023-09-05,258.48,45.78,4,2.58,widgets,north
ORD-001491,2023-09-05,257.38,63.86,3,4.18,widgets,north
ORD-001492,2023-09-05,250.66,73.64,5,4.65,widgets,east
ORD-001493,2023-09-06,75.01,37.86,1,1.83,gadgets,north
ORD-001494,2023-09-06,106.0,26.26,2,2.99,tools,west
ORD-001495,2023-09-06,125.47,33.51,2,2.29,gadgets,west
ORD-001496,2023-09-06,125.7,82.02,2,3.15,gadgets,south
ORD-001497,2023-09-06,93.74,35.2,5,2.59,widgets,east
ORD-001498,2023-09-06,145.95,25.02,1,2.64,accessories,north
ORD-001499,2023-09-06,84.58,31.29,5,3.35,gadgets,south
ORD-001500,2023-09-06,101.75,56.61,5,2.45,tools,north
ORD-001501,2023-09-06,93.35,35.9,5,1.31,tools,west
ORD-001502,2023-09-06,93.64,31.73,1,3.05,gadgets,north
ORD-001503,2023-09-06,107.21,79.57,3,2.2,tools,west
ORD-001504,2023-09-07,156.85,83.99,3,2.09,tools,south
ORD-001505,2023-09-07,192.38,67.86,3,1.11,widgets,south
ORD-001506,2023-09-07,190.85,50.3,1,4.23,accessories,west
ORD-001507,2023-09-07,169.71,35.36,1,3.37,accessories,south
ORD-001508,2023-09-07,182.27,80.86,1,5.38,accessories,west
ORD-001509,2023-09-07,159.33,56.52,1,2.41,gadgets,west
ORD-001510,2023-09-08,231.16,60.71,4,4.88,accessories,north
ORD-001511,2023-09-08,233.45,69.53,1,1.04,widgets,west
ORD-001512,2023-09-08,228.44,69.57,3,3.72,widgets,north
ORD-001513,2023-09-08,229.2,57.11,5,2.78,tools,north
ORD-001514,2023-09-08,225.52,61.55,4,1.74,tools,west
ORD-001515,2023-09-09,280.78,85.09,2,1.39,widgets,west
ORD-001516,2023-09-09,272.91,54.78,5,5.0,gadgets,north
ORD-001517,2023-09-09,265.07,45.17,1,2.1,gadgets,north
ORD-001518,2023-09-09,307.54,41.4,4,1.85,tools,east
ORD-001519,2023-09-10,543.58,55.03,5,2.36,gadgets,east
ORD-001520,2023-09-10,585.1,115.95,1,3.65,accessories,north
ORD-001521,2023-09-11,166.14,34.76,4,5.73,widgets,south
ORD-001522,2023-09-11,156.88,22.89,5,2.44,widgets,south
ORD-001523,2023-09-11,174.17,59.57,5,2.59,gadgets,west
ORD-001524,2023-09-11,145.49,41.56,3,3.63,widgets,south
ORD-001525,2023-09-11,139.12,39.49,1,1.42,gadgets,east
ORD-001526,2023-09-11,144.97,48.92,5,4.26,gadgets,south
ORD-001527,2023-09-11,131.51,35.26,4,4.12,accessories,south
ORD-001528,2023-09-11,175.24,47.88,4,3.53,accessories,east
ORD-001529,2023-09-12,168.16,30.6,1,3.08,widgets,north
ORD-001530,2023-09-12,180.46,65.61,4,3.92,accessories,west
ORD-001531,2023-09-12,170.36,73.26,5,3.44,tools,east
ORD-001532,2023-09-12,163.46,62.05,4,3.16,widgets,east
ORD-001533,2023-09-12,156.83,47.5,5,3.59,accessories,north
ORD-001534,2023-09-12,188.96,42.74,4,2.03,widgets,west
ORD-001535,2023-09-12,134.86,39.12,1,2.85,widgets,east
ORD-001536,2023-09-13,168.28,29.74,4,6.8,tools,east
ORD-001537,2023-09-13,145.48,90.35,2,4.44,widgets,north
ORD-001538,2023-09-13,139.09,57.5,3,3.18,accessories,south
ORD-001539,2023-09-13,127.62,33.15,2,3.2,tools,east
ORD-001540,2023-09-13,173.43,70.31,1,5.95,tools,west
ORD-001541,2023-09-13,146.71,24.1,5,3.19,accessories,east
ORD-001542,2023-09-13,163.17,61.35,2,1.78,gadgets,west
ORD-001543,2023-09-13,127.62,22.2,5,3.66,gadgets,north
ORD-001544,2023-09-14,133.78,33.92,1,2.09,accessories,south
ORD-001545,2023-09-14,140.56,27.72,1,2.76,widgets,south
ORD-001546,2023-09-14,150.49,66.41,3,2.83,gadgets,east
ORD-001547,2023-09-14,135.04,46.41,2,2.63,gadgets,north
ORD-001548,2023-09-14,144.33,76.35,4,2.61,gadgets,west
ORD-001549,2023-09-14,101.79,24.6,2,6.89,widgets,north
ORD-001550,2023-09-14,124.88,33.42,2,1.95,accessories,west
ORD-001551,2023-09-14,133.48,21.07,3,3.65,accessories,east
ORD-001552,2023-09-14,148.23,49.8,1,2.34,tools,south
ORD-001553,2023-09-15,577.72,70.09,1,2.55,tools,east
ORD-001554,2023-09-15,566.98,114.87,4,2.52,accessories,south
ORD-001555,2023-09-16,229.28,40.97,4,5.94,widgets,north
ORD-001556,2023-09-16,236.8,60.18,2,3.1,accessories,east
ORD-001557,2023-09-16,233.73,37.38,1,2.14,gadgets,west
ORD-001558,2023-09-16,230.45,31.28,2,7.74,gadgets,north
ORD-001559,2023-09-16,236.48,64.62,2,2.29,widgets,south
ORD-001560,2023-09-17,162.45,62.52,4,3.98,widgets,east
ORD-001561,2023-09-17,156.04,77.49,2,2.68,gadgets,north
ORD-001562,2023-09-17,168.5,29.77,3,2.36,widgets,north
ORD-001563,2023-09-17,141.24,38.8,2,2.38,widgets,north
ORD-001564,2023-09-17,158.34,61.54,3,3.75,accessories,east
ORD-001565,2023-09-17,151.36,62.54,4,3.3,accessories,south
ORD-001566,2023-09-17,169.4,40.39,1,1.89,accessories,east
ORD-001567,2023-09-18,97.61,48.72,4,2.73,widgets,south
ORD-001568,2023-09-18,93.22,89.74,5,1.61,tools,south
ORD-001569,2023-09-18,105.54,48.19,2,1.61,tools,east
ORD-001570,2023-09-18,96.48,36.37,3,2.27,tools,east
ORD-001571,2023-09-18,97.38,29.73,4,5.44,tools,south
ORD-001572,2023-09-18,81.4,20.18,3,2.63,tools,east
ORD-001573,2023-09-18,100.57,5.0,2,4.34,accessories,west
ORD-001574,2023-09-18,83.24,10.18,3,4.73,gadgets,west
ORD-001575,2023-09-18,79.04,5.0,4,1.26,tools,west
ORD-001576,2023-09-18,94.58,34.56,3,2.63,widgets,south
ORD-001577,2023-09-18,98.65,30.56,2,2.77,widgets,south
ORD-001578,2023-09-18,78.0,54.59,4,3.3,widgets,south
ORD-001579,2023-09-19,171.25,91.03,4,2.47,widgets,east
ORD-001580,2023-09-19,153.94,65.65,5,1.89,widgets,east
ORD-001581,2023-09-19,168.06,63.07,1,2.52,gadgets,east
ORD-001582,2023-09-19,138.39,45.06,2,4.31,widgets,west
ORD-001583,2023-09-19,153.87,30.01,1,2.76,widgets,west
ORD-001584,2023-09-19,134.03,35.05,1,3.02,widgets,north
ORD-001585,2023-09-19,148.63,57.33,5,3.8,widgets,north
ORD-001586,2023-09-19,144.03,47.95,1,3.09,accessories,north
ORD-001587,2023-09-20,151.94,62.3,5,2.23,tools,south
ORD-001588,2023-09-20,172.84,55.52,4,4.52,widgets,west
ORD-001589,2023-09-20,202.14,86.12,3,2.27,widgets,east
ORD-001590,2023-09-20,186.33,62.75,1,2.17,gadgets,east
ORD-001591,2023-09-20,165.45,54.08,2,1.55,accessories,east
ORD-001592,2023-09-20,168.17,50.55,4,6.76,gadgets,south
ORD-001593,2023-09-20,170.72,56.84,3,2.74,widgets,west
ORD-001594,2023-09-21,204.63,73.45,2,2.26,gadgets,east
ORD-001595,2023-09-21,189.87,46.77,1,2.58,accessories,south
ORD-001596,2023-09-21,194.03,67.75,1,2.77,tools,east
ORD-001597,2023-09-21,162.96,55.68,1,2.38,tools,west
ORD-001598,2023-09-21,197.0,58.77,4,1.87,tools,east
ORD-001599,2023-09-21,210.34,78.51,3,2.51,gadgets,east
ORD-001600,2023-09-22,182.12,48.3,3,4.63,accessories,west
ORD-001601,2023-09-22,155.42,60.82,2,3.49,widgets,north
ORD-001602,2023-09-22,177.48,35.79,4,1.92,accessories,north
ORD-001603,2023-09-22,202.74,64.98,3,7.13,widgets,west
ORD-001604,2023-09-22,199.89,94.18,4,2.02,gadgets,west
ORD-001605,2023-09-22,191.74,72.82,3,2.4,tools,west
ORD-001606,2023-09-23,157.22,30.47,2,4.16,tools,south
ORD-001607,2023-09-23,163.89,46.64,2,3.18,accessories,north
ORD-001608,2023-09-23,180.26,51.04,1,3.33,widgets,west
ORD-001609,2023-09-23,180.49,67.4,1,2.09,widgets,south
ORD-001610,2023-09-23,172.74,28.97,1,1.6,gadgets,west
ORD-001611,2023-09-23,170.23,80.07,2,3.2,tools,north
ORD-001612,2023-09-23,151.28,34.78,2,3.28,gadgets,south
ORD-001613,2023-09-24,238.22,62.79,5,4.99,gadgets,south
ORD-001614,2023-09-24,246.68,26.25,3,3.94,widgets,north
ORD-001615,2023-09-24,240.99,50.67,2,3.44,tools,east
ORD-001616,2023-09-24,228.17,33.84,3,3.6,tools,west
ORD-001617,2023-09-24,230.74,33.49,1,4.5,tools,west
ORD-001618,2023-09-25,145.6,46.42,1,2.41,widgets,south
ORD-001619,2023-09-25,157.67,43.15,5,3.75,tools,north
ORD-001620,2023-09-25,174.95,23.59,4,5.94,gadgets,west
ORD-001621,2023-09-25,169.76,40.83,4,4.17,gadgets,north
ORD-001622,2023-09-25,172.4,5.0,1,3.86,accessories,west
ORD-001623,2023-09-25,168.17,59.48,2,2.3,widgets,north
ORD-001624,2023-09-25,186.62,50.91,5,3.63,accessories,south
ORD-001625,2023-09-26,307.65,81.78,2,5.0,widgets,south
ORD-001626,2023-09-26,323.86,61.14,2,1.9,accessories,north
ORD-001627,2023-09-26,310.35,53.68,3,3.32,widgets,south
ORD-001628,2023-09-26,291.22,84.58,1,5.44,widgets,south
ORD-001629,2023-09-27,211.85,37.58,1,2.29,widgets,west
ORD-001630,2023-09-27,245.26,66.71,1,2.29,accessories,north
ORD-001631,2023-09-27,254.41,52.88,3,2.06,gadgets,east
ORD-001632,2023-09-27,250.51,59.67,2,2.66,tools,south
ORD-001633,2023-09-27,222.95,50.67,5,5.65,widgets,north
ORD-001634,2023-09-28,86.69,55.11,4,2.42,gadgets,west
ORD-001635,2023-09-28,113.24,55.64,4,2.95,accessories,east
ORD-001636,2023-09-28,116.38,34.29,5,3.89,gadgets,east
ORD-001637,2023-09-28,137.05,41.52,3,3.33,accessories,west
ORD-001638,2023-09-28,145.48,52.97,4,2.09,accessories,south
ORD-001639,2023-09-28,157.11,48.01,5,5.41,widgets,west
ORD-001640,2023-09-28,139.11,62.99,4,1.81,tools,north
ORD-001641,2023-09-28,144.73,75.0,4,4.16,accessories,east
ORD-001642,2023-09-28,141.57,42.64,5,4.2,accessories,west
ORD-001643,2023-09-29,79.4,37.64,3,2.76,gadgets,north
ORD-001644,2023-09-29,98.19,48.59,5,5.39,accessories,west
ORD-001645,2023-09-29,83.39,22.62,4,3.06,accessories,north
ORD-001646,2023-09-29,89.63,49.89,3,2.3,widgets,north
ORD-001647,2023-09-29,104.78,36.74,4,4.41,accessories,west
ORD-001648,2023-09-29,61.75,20.17,3,3.49,accessories,south
ORD-001649,2023-09-29,123.15,51.21,5,1.58,gadgets,north
ORD-001650,2023-09-29,80.24,45.23,5,2.32,accessories,west
ORD-001651,2023-09-29,110.39,44.58,2,3.26,widgets,north
ORD-001652,2023-09-29,104.02,48.66,2,4.45,gadgets,west
ORD-001653,2023-09-29,89.47,72.07,1,1.39,gadgets,south
ORD-001654,2023-09-29,124.5,63.6,4,3.81,accessories,north
ORD-001655,2023-09-30,136.69,44.07,4,2.43,accessories,east
ORD-001656,2023-09-30,155.17,49.4,2,3.76,accessories,north
ORD-001657,2023-09-30,133.99,46.68,2,2.05,tools,north
ORD-001658,2023-09-30,136.16,37.69,5,8.6,tools,north
ORD-001659,2023-09-30,169.0,29.48,3,2.08,gadgets,west
ORD-001660,2023-09-30,158.51,38.79,5,2.05,gadgets,east
ORD-001661,2023-09-30,174.76,46.88,5,1.76,accessories,north
ORD-001662,2023-09-30,171.3,49.83,2,2.1,gadgets,east
ORD-001663,2023-10-01,206.99,94.16,4,1.56,tools,south
ORD-001664,2023-10-01,204.53,34.85,4,4.07,gadgets,west
ORD-001665,2023-10-01,199.75,48.24,2,1.82,gadgets,east
ORD-001666,2023-10-01,221.71,82.82,2,3.49,gadgets,north
ORD-001667,2023-10-01,185.53,65.44,2,5.12,widgets,north
ORD-001668,2023-10-01,188.07,61.17,3,4.27,widgets,south
ORD-001669,2023-10-02,88.78,66.63,3,1.89,widgets,east
ORD-001670,2023-10-02,121.14,42.93,2,2.19,accessories,east
ORD-001671,2023-10-02,119.54,54.35,1,4.1,gadgets,north
ORD-001672,2023-10-02,122.19,35.18,5,1.12,widgets,south
ORD-001673,2023-10-02,110.68,5.0,3,4.12,accessories,north
ORD-001674,2023-10-02,89.94,61.35,1,2.86,widgets,north
ORD-001675,2023-10-02,118.05,42.77,4,3.51,accessories,north
ORD-001676,2023-10-02,91.24,51.5,2,4.09,accessories,south
ORD-001677,2023-10-02,114.32,52.82,5,4.01,widgets,south
ORD-001678,2023-10-02,134.62,47.8,1,5.39,accessories,south
ORD-001679,2023-10-02,113.21,55.96,2,3.4,gadgets,east
ORD-001680,2023-10-03,229.92,59.43,2,2.66,gadgets,east
ORD-001681,2023-10-03,257.77,65.15,1,2.03,accessories,east
ORD-001682,2023-10-03,235.32,53.6,1,3.84,accessories,east
ORD-001683,2023-10-03,272.27,37.28,5,3.91,accessories,east
ORD-001684,2023-10-03,234.05,70.38,5,1.92,accessories,west
ORD-001685,2023-10-04,243.31,38.75,2,3.33,accessories,west
ORD-001686,2023-10-04,223.88,26.25,3,3.62,widgets,west
ORD-001687,2023-10-04,244.84,80.59,4,2.71,gadgets,west
ORD-001688,2023-10-04,244.57,47.03,1,2.58,tools,east
ORD-001689,2023-10-04,269.73,77.87,4,4.74,widgets,south
ORD-001690,2023-10-05,116.52,53.93,1,2.4,gadgets,east
ORD-001691,2023-10-05,120.35,42.4,5,2.86,gadgets,south
ORD-001692,2023-10-05,134.01,59.27,5,1.6,gadgets,south
ORD-001693,2023-10-05,103.41,32.1,5,4.48,widgets,west
ORD-001694,2023-10-05,136.45,45.58,1,3.7,tools,west
ORD-001695,2023-10-05,166.56,29.07,3,1.58,tools,south
ORD-001696,2023-10-05,133.16,58.84,5,4.63,tools,south
ORD-001697,2023-10-05,143.19,68.67,1,3.37,accessories,north
ORD-001698,2023-10-05,129.95,61.58,2,1.74,tools,south
ORD-001699,2023-10-06,196.09,54.09,2,1.68,tools,north
ORD-001700,2023-10-06,198.06,40.14,5,8.07,widgets,south
ORD-001701,2023-10-06,201.47,39.37,1,3.06,gadgets,east
ORD-001702,2023-10-06,174.03,69.19,4,2.64,tools,east
ORD-001703,2023-10-06,227.92,70.48,1,1.37,accessories,east
ORD-001704,2023-10-06,199.65,39.5,3,2.15,accessories,east
ORD-001705,2023-10-07,236.4,64.45,4,3.59,gadgets,south
ORD-001706,2023-10-07,198.52,72.71,5,2.14,widgets,north
ORD-001707,2023-10-07,195.29,37.57,1,4.14,gadgets,south
ORD-001708,2023-10-07,207.02,57.43,4,2.66,gadgets,south
ORD-001709,2023-10-07,190.73,61.48,5,6.56,gadgets,west
ORD-001710,2023-10-07,202.68,49.22,5,2.44,gadgets,south
ORD-001711,2023-10-08,166.69,60.99,3,2.07,accessories,west
ORD-001712,2023-10-08,139.9,55.24,1,3.84,tools,west
ORD-001713,2023-10-08,142.1,42.78,4,2.46,widgets,west
ORD-001714,2023-10-08,130.34,18.66,1,3.54,widgets,north
ORD-001715,2023-10-08,133.52,59.26,5,0.79,accessories,south
ORD-001716,2023-10-08,147.58,68.51,4,1.65,tools,north
ORD-001717,2023-10-08,135.56,63.5,3,6.99,widgets,north
ORD-001718,2023-10-08,129.7,10.93,1,6.97,tools,east
ORD-001719,2023-10-08,118.67,64.5,1,2.23,tools,west
ORD-001720,2023-10-09,244.95,67.44,2,3.55,tools,west
ORD-001721,2023-10-09,240.94,64.11,1,2.06,widgets,east
ORD-001722,2023-10-09,266.01,50.02,3,1.85,gadgets,east
ORD-001723,2023-10-09,249.44,52.13,4,1.47,gadgets,east
ORD-001724,2023-10-09,254.3,37.07,4,7.17,accessories,south
ORD-001725,2023-10-10,100.04,47.85,1,2.64,tools,north
ORD-001726,2023-10-10,119.98,39.16,2,4.28,gadgets,west
ORD-001727,2023-10-10,142.02,46.67,4,2.08,widgets,east
ORD-001728,2023-10-10,105.17,64.38,4,1.98,tools,east
ORD-001729,2023-10-10,106.47,77.83,1,2.31,accessories,north
ORD-001730,2023-10-10,114.22,40.87,3,5.59,tools,west
ORD-001731,2023-10-10,149.29,17.69,2,5.3,tools,south
ORD-001732,2023-10-10,128.38,58.06,3,3.75,accessories,east
ORD-001733,2023-10-10,124.56,83.44,5,2.22,gadgets,north
ORD-001734,2023-10-10,149.45,33.85,3,4.73,tools,east
ORD-001735,2023-10-11,195.79,76.52,4,3.42,tools,west
ORD-001736,2023-10-11,189.59,46.94,5,3.08,accessories,east
ORD-001737,2023-10-11,181.68,50.45,4,3.49,gadgets,east
ORD-001738,2023-10-11,176.43,40.83,3,4.7,gadgets,south
ORD-001739,2023-10-11,190.3,48.29,4,1.27,widgets,east
ORD-001740,2023-10-11,190.18,45.51,2,3.91,tools,south
ORD-001741,2023-10-11,206.06,81.75,5,1.21,widgets,east
ORD-001742,2023-10-12,169.63,64.57,5,1.2,gadgets,east
ORD-001743,2023-10-12,186.73,40.77,1,6.86,widgets,north
ORD-001744,2023-10-12,185.5,40.38,5,3.58,tools,north
ORD-001745,2023-10-12,171.69,42.73,3,6.14,tools,east
ORD-001746,2023-10-12,164.93,28.32,5,5.37,accessories,west
ORD-001747,2023-10-12,168.7,33.09,3,3.55,widgets,west
ORD-001748,2023-10-12,172.18,63.47,4,1.69,accessories,south
ORD-001749,2023-10-13,331.23,88.96,1,5.68,accessories,east
ORD-001750,2023-10-13,299.9,79.12,4,3.38,gadgets,west
ORD-001751,2023-10-13,326.92,91.2,1,5.33,gadgets,north
ORD-001752,2023-10-13,313.26,59.89,2,2.61,gadgets,west
ORD-001753,2023-10-14,230.32,39.52,2,1.44,widgets,south
ORD-001754,2023-10-14,234.54,46.83,2,6.47,tools,south
ORD-001755,2023-10-14,234.35,75.86,5,2.9,gadgets,south
ORD-001756,2023-10-14,254.55,74.89,4,1.96,tools,west
ORD-001757,2023-10-14,238.41,36.46,3,4.81,widgets,north
ORD-001758,2023-10-15,420.87,70.38,5,1.23,gadgets,north
ORD-001759,2023-10-15,413.57,67.56,5,3.06,widgets,south
ORD-001760,2023-10-15,416.03,80.57,4,1.67,tools,west
ORD-001761,2023-10-16,243.48,62.04,3,1.94,gadgets,west
ORD-001762,2023-10-16,250.73,67.0,3,2.28,accessories,south
ORD-001763,2023-10-16,255.64,52.36,4,1.81,widgets,south
ORD-001764,2023-10-16,235.65,43.42,2,4.62,accessories,west
ORD-001765,2023-10-16,248.53,69.55,5,4.41,widgets,east
ORD-001766,2023-10-17,219.5,15.92,2,3.0,tools,south
ORD-001767,2023-10-17,221.19,78.67,4,1.08,widgets,west
ORD-001768,2023-10-17,198.98,68.07,2,2.46,gadgets,west
ORD-001769,2023-10-17,217.82,56.85,5,2.93,gadgets,west
ORD-001770,2023-10-17,197.53,43.82,4,1.79,tools,north
ORD-001771,2023-10-17,226.28,62.08,5,3.08,widgets,west
ORD-001772,2023-10-18,134.39,56.59,4,1.64,gadgets,east
ORD-001773,2023-10-18,123.48,80.37,5,2.51,widgets,south
ORD-001774,2023-10-18,145.23,31.23,1,3.47,gadgets,west
ORD-001775,2023-10-18,117.53,64.79,3,3.44,tools,east
ORD-001776,2023-10-18,129.99,6.51,5,5.94,accessories,south
ORD-001777,2023-10-18,125.43,57.34,4,2.09,gadgets,north
ORD-001778,2023-10-18,128.95,37.61,1,5.4,tools,south
ORD-001779,2023-10-18,117.37,39.69,2,3.21,tools,south
ORD-001780,2023-10-18,126.93,47.48,5,5.16,widgets,east
ORD-001781,2023-10-18,122.13,26.21,2,4.48,accessories,north
ORD-001782,2023-10-19,129.85,44.15,1,5.7,tools,south
ORD-001783,2023-10-19,120.87,66.14,3,3.41,tools,north
ORD-001784,2023-10-19,96.02,32.66,5,1.13,widgets,north
ORD-001785,2023-10-19,141.62,58.34,1,1.47,tools,south
ORD-001786,2023-10-19,106.84,37.38,1,1.32,gadgets,west
ORD-001787,2023-10-19,132.73,59.36,5,5.44,gadgets,east
ORD-001788,2023-10-19,127.33,31.55,1,2.77,tools,west
ORD-001789,2023-10-19,130.97,67.86,4,1.46,widgets,east
ORD-001790,2023-10-19,114.85,59.85,4,2.29,tools,south
ORD-001791,2023-10-19,126.73,52.99,5,4.55,gadgets,west
ORD-001792,2023-10-20,441.36,76.66,4,2.07,widgets,east
ORD-001793,2023-10-20,407.55,56.81,5,4.6,tools,east
ORD-001794,2023-10-20,412.56,84.57,2,2.21,gadgets,north
ORD-001795,2023-10-21,172.4,60.22,4,3.84,widgets,north
ORD-001796,2023-10-21,178.73,13.85,3,1.61,widgets,west
ORD-001797,2023-10-21,193.11,53.31,3,3.93,accessories,north
ORD-001798,2023-10-21,200.76,59.23,5,1.7,accessories,east
ORD-001799,2023-10-21,178.69,43.94,2,4.48,tools,west
ORD-001800,2023-10-21,183.24,77.74,3,3.82,tools,south
ORD-001801,2023-10-21,197.38,64.91,3,3.51,accessories,north
ORD-001802,2023-10-22,292.99,34.89,2,3.77,gadgets,north
ORD-001803,2023-10-22,340.14,69.53,1,2.91,accessories,south
ORD-001804,2023-10-22,308.37,87.21,3,3.17,accessories,east
ORD-001805,2023-10-22,314.26,52.46,1,2.19,tools,east
ORD-001806,2023-10-23,130.25,45.29,1,2.3,widgets,west
ORD-001807,2023-10-23,123.39,33.66,2,2.46,widgets,south
ORD-001808,2023-10-23,140.48,37.04,2,3.96,gadgets,west
ORD-001809,2023-10-23,108.33,38.61,4,3.71,tools,east
ORD-001810,2023-10-23,111.31,18.76,4,2.41,gadgets,west
ORD-001811,2023-10-23,116.01,80.03,3,7.5,widgets,east
ORD-001812,2023-10-23,120.33,61.45,3,2.26,tools,south
ORD-001813,2023-10-23,111.18,68.96,4,2.93,gadgets,south
ORD-001814,2023-10-23,115.22,53.21,2,4.4,accessories,north
ORD-001815,2023-10-23,134.71,32.61,2,2.98,tools,south
ORD-001816,2023-10-24,261.48,81.75,4,2.26,widgets,north
ORD-001817,2023-10-24,280.07,62.12,1,2.7,gadgets,north
ORD-001818,2023-10-24,271.09,42.66,3,2.21,accessories,north
ORD-001819,2023-10-24,254.07,79.62,3,2.39,widgets,east
ORD-001820,2023-10-24,245.17,52.45,4,3.08,widgets,south
ORD-001821,2023-10-25,234.98,67.64,5,4.62,widgets,south
ORD-001822,2023-10-25,209.51,39.47,3,5.59,gadgets,east
ORD-001823,2023-10-25,228.81,71.27,4,4.34,tools,north
ORD-001824,2023-10-25,224.65,63.83,4,2.17,tools,north
ORD-001825,2023-10-25,209.85,58.57,4,2.92,accessories,north
ORD-001826,2023-10-25,221.46,60.78,4,1.87,accessories,east
ORD-001827,2023-10-26,192.95,48.73,5,4.31,gadgets,south
ORD-001828,2023-10-26,182.82,62.03,3,2.31,accessories,north
ORD-001829,2023-10-26,168.07,25.61,3,5.59,widgets,north
ORD-001830,2023-10-26,194.47,50.82,1,5.0,tools,south
ORD-001831,2023-10-26,191.84,61.8,2,6.21,widgets,east
ORD-001832,2023-10-26,162.06,23.81,4,4.32,gadgets,east
ORD-001833,2023-10-26,184.5,20.43,1,6.37,tools,north
ORD-001834,2023-10-27,246.31,58.22,4,3.51,tools,north
ORD-001835,2023-10-27,254.91,63.82,3,3.33,tools,north
ORD-001836,2023-10-27,255.58,57.2,5,3.08,widgets,north
ORD-001837,2023-10-27,247.64,43.66,1,3.11,tools,north
ORD-001838,2023-10-27,228.68,54.36,4,2.1,tools,north
ORD-001839,2023-10-28,327.95,48.13,3,4.8,gadgets,north
ORD-001840,2023-10-28,292.11,50.5,2,1.32,accessories,east
ORD-001841,2023-10-28,309.25,47.95,4,5.3,tools,north
ORD-001842,2023-10-28,310.37,92.01,3,2.71,widgets,west
ORD-001843,2023-10-29,327.22,35.83,3,1.96,accessories,north
ORD-001844,2023-10-29,331.13,76.6,1,2.8,gadgets,south
ORD-001845,2023-10-29,322.62,61.3,4,4.03,widgets,west
ORD-001846,2023-10-29,342.27,99.5,3,1.45,widgets,east
ORD-001847,2023-10-30,181.15,75.21,1,2.96,widgets,east
ORD-001848,2023-10-30,178.91,48.73,1,3.48,tools,west
ORD-001849,2023-10-30,177.8,29.12,3,1.89,widgets,east
ORD-001850,2023-10-30,179.68,14.03,4,3.62,gadgets,south
ORD-001851,2023-10-30,194.81,63.47,3,1.81,accessories,east
ORD-001852,2023-10-30,164.31,56.84,4,2.49,accessories,south
ORD-001853,2023-10-30,183.7,51.71,1,3.65,widgets,north
ORD-001854,2023-10-31,456.24,78.94,3,3.76,gadgets,east
ORD-001855,2023-10-31,430.73,101.42,3,2.58,tools,south
ORD-001856,2023-10-31,441.48,106.48,3,6.78,gadgets,east
ORD-001857,2023-11-01,142.55,47.01,4,2.46,widgets,south
ORD-001858,2023-11-01,147.75,44.0,5,3.44,widgets,south
ORD-001859,2023-11-01,156.34,53.03,1,2.33,widgets,south
ORD-001860,2023-11-01,136.37,69.31,4,3.55,tools,north
ORD-001861,2023-11-01,143.84,55.81,5,2.58,accessories,south
ORD-001862,2023-11-01,134.62,50.91,5,6.6,tools,west
ORD-001863,2023-11-01,160.67,43.41,3,4.81,tools,east
ORD-001864,2023-11-01,172.12,44.78,1,5.96,accessories,south
ORD-001865,2023-11-01,152.61,32.11,4,2.54,tools,east
ORD-001866,2023-11-01,132.44,50.49,4,3.31,widgets,north
ORD-001867,2023-11-02,175.62,72.72,5,1.31,widgets,west
ORD-001868,2023-11-02,183.13,8.31,5,4.54,tools,north
ORD-001869,2023-11-02,167.11,12.5,5,3.84,gadgets,north
ORD-001870,2023-11-02,183.54,47.17,2,2.67,accessories,east
ORD-001871,2023-11-02,179.45,39.85,1,3.12,tools,north
ORD-001872,2023-11-02,204.43,56.42,4,5.91,gadgets,north
ORD-001873,2023-11-02,176.89,28.23,5,1.45,gadgets,east
ORD-001874,2023-11-02,168.69,20.35,3,2.52,tools,west
ORD-001875,2023-11-03,357.13,75.87,3,1.91,accessories,west
ORD-001876,2023-11-03,349.56,53.8,3,3.22,accessories,south
ORD-001877,2023-11-03,344.49,51.8,1,1.73,gadgets,west
ORD-001878,2023-11-03,349.72,91.83,3,5.01,widgets,north
ORD-001879,2023-11-04,206.26,18.22,2,3.25,widgets,east
ORD-001880,2023-11-04,213.4,47.12,2,2.56,accessories,east
ORD-001881,2023-11-04,210.01,61.79,4,1.7,tools,south
ORD-001882,2023-11-04,208.48,72.53,4,4.34,gadgets,south
ORD-001883,2023-11-04,197.42,83.25,5,3.75,gadgets,east
ORD-001884,2023-11-04,221.68,55.0,2,2.34,widgets,south
ORD-001885,2023-11-04,195.25,41.79,1,2.58,tools,south
ORD-001886,2023-11-05,356.2,80.72,1,6.17,accessories,east
ORD-001887,2023-11-05,356.68,59.82,4,2.21,accessories,south
ORD-001888,2023-11-05,366.22,66.07,5,2.8,widgets,south
ORD-001889,2023-11-05,376.5,73.77,5,3.92,gadgets,west
ORD-001890,2023-11-06,242.2,83.34,2,1.8,accessories,east
ORD-001891,2023-11-06,232.55,54.28,2,4.52,tools,south
ORD-001892,2023-11-06,255.76,44.82,2,3.85,tools,north
ORD-001893,2023-11-06,250.16,82.62,5,3.25,gadgets,east
ORD-001894,2023-11-06,249.97,41.34,5,2.15,widgets,north
ORD-001895,2023-11-06,240.2,40.97,4,8.18,gadgets,north
ORD-001896,2023-11-07,225.48,52.89,4,4.07,gadgets,south
ORD-001897,2023-11-07,200.38,48.25,5,5.4,tools,south
ORD-001898,2023-11-07,195.33,68.38,1,3.62,gadgets,north
ORD-001899,2023-11-07,233.71,45.35,4,3.65,gadgets,east
ORD-001900,2023-11-07,197.61,19.11,5,3.54,widgets,east
ORD-001901,2023-11-07,187.53,40.12,3,2.53,accessories,west
ORD-001902,2023-11-07,237.39,52.12,5,2.07,widgets,west
ORD-001903,2023-11-08,129.91,59.84,3,1.82,tools,west
ORD-001904,2023-11-08,164.6,51.98,5,4.06,widgets,east
ORD-001905,2023-11-08,182.99,32.81,5,1.99,tools,south
ORD-001906,2023-11-08,166.14,47.46,5,2.78,accessories,south
ORD-001907,2023-11-08,175.86,82.65,4,2.13,tools,north
ORD-001908,2023-11-08,151.37,70.25,1,4.09,tools,east
ORD-001909,2023-11-08,155.71,62.79,2,2.9,widgets,west
ORD-001910,2023-11-08,151.52,53.55,3,3.79,widgets,east
ORD-001911,2023-11-08,152.54,62.79,3,2.23,accessories,west
ORD-001912,2023-11-09,257.9,55.49,5,2.5,widgets,south
ORD-001913,2023-11-09,252.22,66.42,2,4.31,accessories,south
ORD-001914,2023-11-09,234.96,77.99,1,3.08,accessories,south
ORD-001915,2023-11-09,251.43,50.11,3,2.81,widgets,west
ORD-001916,2023-11-09,232.59,24.27,2,4.0,widgets,west
ORD-001917,2023-11-09,239.32,92.1,3,4.95,accessories,east
ORD-001918,2023-11-10,291.44,44.84,1,2.16,gadgets,south
ORD-001919,2023-11-10,303.68,81.29,3,1.99,widgets,east
ORD-001920,2023-11-10,284.8,32.1,4,5.94,gadgets,north
ORD-001921,2023-11-10,284.73,62.58,4,3.87,accessories,west
ORD-001922,2023-11-10,278.35,81.72,5,2.21,accessories,south
ORD-001923,2023-11-11,226.68,32.46,4,1.75,accessories,south
ORD-001924,2023-11-11,236.62,67.44,2,2.96,tools,north
ORD-001925,2023-11-11,249.46,96.78,2,4.39,gadgets,south
ORD-001926,2023-11-11,243.08,49.72,3,5.26,widgets,north
ORD-001927,2023-11-11,253.03,28.95,1,2.89,gadgets,east
ORD-001928,2023-11-11,227.51,69.95,2,1.76,accessories,east
ORD-001929,2023-11-12,296.96,69.52,2,3.79,widgets,west
ORD-001930,2023-11-12,292.56,52.08,3,2.9,gadgets,south
ORD-001931,2023-11-12,267.86,47.91,3,3.07,accessories,north
ORD-001932,2023-11-12,286.02,87.82,1,2.23,gadgets,south
ORD-001933,2023-11-12,288.34,84.18,3,2.52,gadgets,east
ORD-001934,2023-11-13,143.32,27.78,4,3.91,tools,west
ORD-001935,2023-11-13,135.68,52.91,3,2.27,tools,east
ORD-001936,2023-11-13,133.49,39.85,2,2.95,widgets,south
ORD-001937,2023-11-13,124.89,41.88,3,3.59,gadgets,south
ORD-001938,2023-11-13,165.27,69.94,2,5.08,gadgets,west
ORD-001939,2023-11-13,134.19,74.55,5,2.91,tools,west
ORD-001940,2023-11-13,153.22,56.38,1,4.37,accessories,east
ORD-001941,2023-11-13,125.29,41.21,1,3.06,gadgets,east
ORD-001942,2023-11-13,154.76,42.62,2,1.66,accessories,east
ORD-001943,2023-11-13,132.27,41.38,2,2.95,tools,south
ORD-001944,2023-11-13,150.32,12.19,4,2.36,tools,west
ORD-001945,2023-11-14,249.27,73.25,4,2.45,tools,east
ORD-001946,2023-11-14,237.21,49.6,2,1.73,tools,south
ORD-001947,2023-11-14,250.95,79.36,3,4.08,accessories,west
ORD-001948,2023-11-14,283.4,23.32,1,3.84,gadgets,south
ORD-001949,2023-11-14,231.89,53.61,5,3.13,accessories,east
ORD-001950,2023-11-14,257.18,65.25,2,3.05,widgets,west
ORD-001951,2023-11-15,286.78,71.21,5,2.72,accessories,east
ORD-001952,2023-11-15,307.17,82.51,3,2.53,widgets,west
ORD-001953,2023-11-15,311.52,63.22,3,2.99,tools,east
ORD-001954,2023-11-15,312.32,56.13,4,2.91,tools,east
ORD-001955,2023-11-15,289.44,20.56,4,3.29,accessories,east
ORD-001956,2023-11-16,306.89,64.35,3,3.42,widgets,east
ORD-001957,2023-11-16,278.33,37.27,5,2.63,tools,east
ORD-001958,2023-11-16,318.79,28.81,1,3.93,gadgets,south
ORD-001959,2023-11-16,313.15,62.17,4,5.36,tools,south
ORD-001960,2023-11-16,280.61,43.49,4,3.74,tools,west
ORD-001961,2023-11-17,137.68,35.27,4,4.29,gadgets,west
ORD-001962,2023-11-17,142.8,34.28,2,2.92,gadgets,east
ORD-001963,2023-11-17,149.99,50.18,2,7.25,widgets,west
ORD-001964,2023-11-17,103.16,46.4,1,2.14,accessories,west
ORD-001965,2023-11-17,126.41,35.15,2,2.17,accessories,east
ORD-001966,2023-11-17,140.66,45.55,4,1.51,accessories,west
ORD-001967,2023-11-17,94.85,25.16,3,4.11,tools,east
ORD-001968,2023-11-17,132.68,28.01,3,2.75,accessories,west
ORD-001969,2023-11-17,119.93,42.71,2,2.79,widgets,west
ORD-001970,2023-11-17,119.81,29.18,3,4.81,gadgets,south
ORD-001971,2023-11-17,110.22,39.24,3,2.31,tools,west
ORD-001972,2023-11-17,123.14,31.62,4,3.43,accessories,east
ORD-001973,2023-11-18,368.35,78.25,5,2.28,tools,south
ORD-001974,2023-11-18,369.7,81.35,4,2.2,tools,north
ORD-001975,2023-11-18,353.05,56.39,4,4.33,accessories,east
ORD-001976,2023-11-18,368.51,51.67,2,3.95,accessories,north
ORD-001977,2023-11-19,139.96,62.71,2,1.23,accessories,west
ORD-001978,2023-11-19,140.55,15.45,3,2.19,widgets,south
ORD-001979,2023-11-19,120.26,68.47,3,2.09,gadgets,west
ORD-001980,2023-11-19,123.75,11.96,1,4.66,widgets,south
ORD-001981,2023-11-19,137.6,32.68,2,4.33,widgets,north
ORD-001982,2023-11-19,125.68,43.56,5,3.88,widgets,north
ORD-001983,2023-11-19,151.42,87.62,2,1.45,tools,east
ORD-001984,2023-11-19,130.55,67.08,1,2.01,gadgets,north
ORD-001985,2023-11-19,124.53,48.05,2,3.26,widgets,south
ORD-001986,2023-11-19,128.03,58.24,1,3.64,tools,north
ORD-001987,2023-11-19,96.15,39.38,4,2.55,widgets,east
ORD-001988,2023-11-20,194.92,40.11,5,3.18,accessories,west
ORD-001989,2023-11-20,204.81,51.46,2,3.89,accessories,east
ORD-001990,2023-11-20,233.27,57.16,5,2.23,accessories,west
ORD-001991,2023-11-20,219.54,50.4,1,2.91,gadgets,north
ORD-001992,2023-11-20,221.13,64.53,4,3.77,accessories,east
ORD-001993,2023-11-20,211.83,66.55,2,2.15,tools,west
ORD-001994,2023-11-20,196.81,45.07,2,7.9,accessories,south
ORD-001995,2023-11-21,200.3,60.59,4,3.51,gadgets,west
ORD-001996,2023-11-21,202.02,70.39,1,1.82,gadgets,west
ORD-001997,2023-11-21,207.99,26.11,5,1.83,widgets,west
ORD-001998,2023-11-21,174.36,30.75,4,1.74,widgets,west
ORD-001999,2023-11-21,178.12,34.59,1,3.42,widgets,north
ORD-002000,2023-11-21,200.92,87.56,2,1.83,tools,south
ORD-002001,2023-11-21,168.17,42.27,1,1.77,widgets,east
ORD-002002,2023-11-21,204.64,59.82,5,2.38,accessories,east
ORD-002003,2023-11-22,316.51,40.96,5,4.0,widgets,south
ORD-002004,2023-11-22,313.05,96.13,1,2.41,accessories,east
ORD-002005,2023-11-22,333.59,79.86,5,2.69,widgets,west
ORD-002006,2023-11-22,309.46,63.94,5,2.3,accessories,east
ORD-002007,2023-11-22,299.07,41.99,1,2.97,gadgets,west
ORD-002008,2023-11-23,233.61,46.99,1,2.76,gadgets,south
ORD-002009,2023-11-23,246.92,26.2,4,2.36,gadgets,south
ORD-002010,2023-11-23,239.8,82.9,5,6.01,tools,west
ORD-002011,2023-11-23,244.13,60.38,1,2.21,accessories,east
ORD-002012,2023-11-23,253.53,93.5,4,1.73,widgets,north
ORD-002013,2023-11-23,250.2,68.52,2,2.91,tools,east
ORD-002014,2023-11-24,193.51,46.85,1,2.57,tools,east
ORD-002015,2023-11-24,191.83,70.64,5,4.05,gadgets,east
ORD-002016,2023-11-24,193.54,34.13,1,4.51,widgets,south
ORD-002017,2023-11-24,159.37,23.07,2,4.28,accessories,west
ORD-002018,2023-11-24,190.05,39.19,3,2.43,accessories,north
ORD-002019,2023-11-24,199.84,50.56,4,2.53,tools,east
ORD-002020,2023-11-24,176.42,52.28,3,1.75,tools,north
ORD-002021,2023-11-24,178.4,30.68,3,3.06,accessories,north
ORD-002022,2023-11-25,760.29,119.61,2,2.85,gadgets,north
ORD-002023,2023-11-25,765.29,105.84,4,3.07,accessories,south
ORD-002024,2023-11-26,148.8,40.55,3,2.57,tools,north
ORD-002025,2023-11-26,140.24,18.45,5,3.72,tools,south
ORD-002026,2023-11-26,129.23,14.93,3,5.15,tools,north
ORD-002027,2023-11-26,116.97,38.38,2,2.67,widgets,east
ORD-002028,2023-11-26,146.61,48.02,2,2.7,tools,west
ORD-002029,2023-11-26,110.66,49.48,3,3.42,widgets,north
ORD-002030,2023-11-26,120.81,51.1,2,1.9,tools,west
ORD-002031,2023-11-26,139.28,26.46,1,3.0,accessories,north
ORD-002032,2023-11-26,151.79,69.98,2,1.42,accessories,north
ORD-002033,2023-11-26,120.76,57.02,5,3.15,accessories,north
ORD-002034,2023-11-26,149.49,48.44,2,0.83,gadgets,east
ORD-002035,2023-11-27,329.59,35.88,5,4.78,gadgets,east
ORD-002036,2023-11-27,283.57,74.95,4,2.15,accessories,west
ORD-002037,2023-11-27,318.57,63.58,3,2.5,widgets,west
ORD-002038,2023-11-27,323.14,89.25,2,3.48,accessories,north
ORD-002039,2023-11-27,334.81,44.15,5,2.37,gadgets,west
ORD-002040,2023-11-28,141.54,38.93,2,3.26,widgets,east
ORD-002041,2023-11-28,154.01,42.91,3,2.77,widgets,north
ORD-002042,2023-11-28,157.03,74.22,4,2.94,accessories,east
ORD-002043,2023-11-28,166.15,53.99,5,3.66,tools,east
ORD-002044,2023-11-28,158.47,49.59,2,6.8,accessories,west
ORD-002045,2023-11-28,146.4,63.96,2,2.71,tools,north
ORD-002046,2023-11-28,165.44,12.99,5,3.74,accessories,south
ORD-002047,2023-11-28,159.62,49.79,5,3.21,tools,north
ORD-002048,2023-11-28,156.7,43.4,1,1.9,accessories,south
ORD-002049,2023-11-28,163.63,74.16,4,3.48,tools,south
ORD-002050,2023-11-29,191.69,16.9,3,1.51,tools,east
ORD-002051,2023-11-29,202.91,75.6,4,3.32,tools,east
ORD-002052,2023-11-29,193.47,83.55,5,2.12,accessories,east
ORD-002053,2023-11-29,183.47,71.93,3,2.16,widgets,north
ORD-002054,2023-11-29,180.77,59.29,1,3.19,gadgets,west
ORD-002055,2023-11-29,198.69,65.74,5,3.45,widgets,west
ORD-002056,2023-11-29,184.53,80.25,3,3.6,tools,west
ORD-002057,2023-11-29,210.95,45.38,2,2.43,accessories,west
ORD-002058,2023-11-30,371.53,31.24,4,2.31,widgets,east
ORD-002059,2023-11-30,355.42,106.55,4,3.19,tools,north
ORD-002060,2023-11-30,362.19,43.49,3,3.98,gadgets,south
ORD-002061,2023-11-30,381.62,80.04,2,3.97,tools,south
ORD-002062,2023-12-01,309.59,48.1,3,3.34,accessories,north
ORD-002063,2023-12-01,306.45,84.74,1,3.5,widgets,west
ORD-002064,2023-12-01,306.93,48.45,5,3.41,gadgets,south
ORD-002065,2023-12-01,268.25,69.03,4,6.33,tools,south
ORD-002066,2023-12-01,289.7,44.36,3,3.92,gadgets,east
ORD-002067,2023-12-02,188.65,65.36,5,3.78,accessories,west
ORD-002068,2023-12-02,186.9,60.29,5,1.82,gadgets,east
ORD-002069,2023-12-02,167.34,49.73,2,1.56,accessories,west
ORD-002070,2023-12-02,179.3,60.49,2,1.88,widgets,north
ORD-002071,2023-12-02,176.8,35.01,2,2.86,widgets,east
ORD-002072,2023-12-02,200.45,68.2,3,3.35,gadgets,west
ORD-002073,2023-12-02,185.51,109.43,3,3.62,gadgets,west
ORD-002074,2023-12-02,181.56,106.8,4,5.27,widgets,west
ORD-002075,2023-12-03,367.95,50.82,5,4.2,tools,east
ORD-002076,2023-12-03,356.75,54.47,2,8.07,widgets,east
ORD-002077,2023-12-03,392.19,65.16,5,4.0,gadgets,east
ORD-002078,2023-12-03,379.06,83.46,4,3.48,tools,north
ORD-002079,2023-12-04,228.05,80.6,3,2.83,widgets,north
ORD-002080,2023-12-04,242.93,67.28,5,3.07,widgets,north
ORD-002081,2023-12-04,239.05,63.47,4,2.63,accessories,north
ORD-002082,2023-12-04,211.18,81.51,2,2.73,tools,east
ORD-002083,2023-12-04,224.8,45.5,1,1.74,accessories,south
ORD-002084,2023-12-04,236.27,68.36,5,1.18,tools,south
ORD-002085,2023-12-04,221.17,45.9,3,4.69,gadgets,west
ORD-002086,2023-12-05,257.51,48.24,2,3.25,accessories,west
ORD-002087,2023-12-05,249.66,36.22,3,3.66,tools,north
ORD-002088,2023-12-05,294.64,50.49,2,3.09,gadgets,south
ORD-002089,2023-12-05,264.6,52.33,1,3.13,tools,south
ORD-002090,2023-12-05,264.42,66.43,1,3.57,gadgets,south
ORD-002091,2023-12-05,223.26,58.05,3,2.73,accessories,west
ORD-002092,2023-12-06,255.83,62.81,4,4.01,gadgets,west
ORD-002093,2023-12-06,251.8,71.75,1,3.88,widgets,south
ORD-002094,2023-12-06,264.33,52.67,5,2.33,accessories,west
ORD-002095,2023-12-06,264.82,73.28,5,4.16,accessories,south
ORD-002096,2023-12-06,257.47,68.5,4,5.1,accessories,north
ORD-002097,2023-12-06,273.31,57.29,5,5.25,widgets,north
ORD-002098,2023-12-07,160.59,38.03,3,3.18,accessories,north
ORD-002099,2023-12-07,153.16,55.34,3,4.41,accessories,north
ORD-002100,2023-12-07,165.9,35.21,4,2.61,widgets,north
ORD-002101,2023-12-07,161.49,20.74,2,3.32,widgets,south
ORD-002102,2023-12-07,162.66,46.67,2,2.63,accessories,west
ORD-002103,2023-12-07,164.96,42.14,4,3.01,gadgets,east
ORD-002104,2023-12-07,148.76,47.8,4,1.52,tools,west
ORD-002105,2023-12-07,151.16,57.95,2,4.36,widgets,east
ORD-002106,2023-12-07,168.02,43.56,3,4.49,accessories,east
ORD-002107,2023-12-07,119.88,47.41,4,3.85,accessories,west
ORD-002108,2023-12-08,373.24,66.98,5,2.52,accessories,north
ORD-002109,2023-12-08,365.79,73.98,1,2.57,tools,east
ORD-002110,2023-12-08,392.56,80.06,2,4.77,tools,south
ORD-002111,2023-12-08,368.88,70.36,2,3.4,gadgets,south
ORD-002112,2023-12-09,353.86,64.67,3,2.41,widgets,south
ORD-002113,2023-12-09,377.8,85.04,2,4.53,accessories,west
ORD-002114,2023-12-09,380.97,74.72,5,5.53,tools,south
ORD-002115,2023-12-09,400.92,88.64,4,2.8,gadgets,west
ORD-002116,2023-12-10,179.1,77.52,5,3.09,widgets,west
ORD-002117,2023-12-10,156.89,39.23,5,1.41,accessories,north
ORD-002118,2023-12-10,194.9,45.03,5,3.01,widgets,south
ORD-002119,2023-12-10,175.76,33.59,2,4.07,tools,west
ORD-002120,2023-12-10,181.89,49.82,4,5.06,gadgets,west
ORD-002121,2023-12-10,166.64,51.15,1,3.65,accessories,east
ORD-002122,2023-12-10,162.7,28.43,4,1.53,tools,east
ORD-002123,2023-12-10,158.93,70.9,4,2.59,accessories,west
ORD-002124,2023-12-10,177.25,59.92,5,3.15,tools,north
ORD-002125,2023-12-11,201.47,57.91,3,4.97,accessories,east
ORD-002126,2023-12-11,210.66,49.11,4,1.82,accessories,west
ORD-002127,2023-12-11,210.05,106.02,1,1.81,accessories,south
ORD-002128,2023-12-11,231.34,68.83,2,4.92,accessories,east
ORD-002129,2023-12-11,226.43,62.22,1,4.55,accessories,north
ORD-002130,2023-12-11,220.17,43.72,4,4.38,tools,west
ORD-002131,2023-12-11,213.89,45.48,1,6.74,widgets,south
ORD-002132,2023-12-12,547.74,118.34,2,2.1,accessories,south
ORD-002133,2023-12-12,535.07,102.66,1,3.83,widgets,west
ORD-002134,2023-12-12,527.43,65.69,3,6.75,tools,north
ORD-002135,2023-12-13,315.26,48.0,3,2.07,widgets,south
ORD-002136,2023-12-13,306.18,58.37,3,2.88,gadgets,south
ORD-002137,2023-12-13,302.45,78.99,5,2.56,gadgets,east
ORD-002138,2023-12-13,299.4,62.61,3,4.37,widgets,west
ORD-002139,2023-12-13,329.9,78.92,1,4.66,accessories,south
ORD-002140,2023-12-14,224.29,78.48,1,4.32,accessories,west
ORD-002141,2023-12-14,236.29,42.83,4,5.3,widgets,north
ORD-002142,2023-12-14,226.2,30.76,3,7.75,gadgets,east
ORD-002143,2023-12-14,205.78,67.14,2,3.68,accessories,north
ORD-002144,2023-12-14,251.51,50.59,2,5.97,tools,north
ORD-002145,2023-12-14,206.05,35.05,3,3.74,tools,east
ORD-002146,2023-12-14,222.4,45.94,5,3.56,gadgets,south
ORD-002147,2023-12-15,382.66,82.52,1,3.42,widgets,north
ORD-002148,2023-12-15,356.5,45.3,4,1.91,tools,east
ORD-002149,2023-12-15,372.49,76.17,3,5.07,widgets,north
ORD-002150,2023-12-15,411.85,74.38,2,2.99,tools,west
ORD-002151,2023-12-16,496.86,84.24,5,2.67,tools,north
ORD-002152,2023-12-16,514.43,75.32,3,5.92,widgets,west
ORD-002153,2023-12-16,512.88,88.11,3,4.01,gadgets,east
ORD-002154,2023-12-17,143.11,41.15,3,5.76,accessories,east
ORD-002155,2023-12-17,160.41,72.57,4,3.87,accessories,east
ORD-002156,2023-12-17,145.94,24.41,5,2.21,accessories,south
ORD-002157,2023-12-17,159.61,60.01,4,3.38,accessories,west
ORD-002158,2023-12-17,125.67,29.86,2,2.64,gadgets,south
ORD-002159,2023-12-17,134.62,40.35,1,4.43,tools,north
ORD-002160,2023-12-17,141.81,15.3,4,2.72,tools,south
ORD-002161,2023-12-17,168.34,14.88,5,3.49,widgets,north
ORD-002162,2023-12-17,138.86,45.43,2,2.27,gadgets,north
ORD-002163,2023-12-17,124.0,31.72,2,3.13,tools,south
ORD-002164,2023-12-17,115.88,5.0,5,2.53,accessories,south
ORD-002165,2023-12-18,343.22,50.23,1,2.88,gadgets,south
ORD-002166,2023-12-18,320.21,48.64,2,3.75,tools,west
ORD-002167,2023-12-18,315.62,51.18,1,3.67,tools,north
ORD-002168,2023-12-18,329.45,61.24,4,2.89,tools,north
ORD-002169,2023-12-18,340.83,53.64,5,2.46,tools,east
ORD-002170,2023-12-19,402.12,27.53,2,1.79,tools,east
ORD-002171,2023-12-19,419.04,96.66,2,4.19,widgets,north
ORD-002172,2023-12-19,388.96,91.06,1,1.53,widgets,north
ORD-002173,2023-12-19,404.81,58.4,2,2.45,widgets,south
ORD-002174,2023-12-20,253.26,41.82,2,1.19,widgets,east
ORD-002175,2023-12-20,256.1,101.74,2,1.7,tools,east
ORD-002176,2023-12-20,295.23,68.66,5,3.25,accessories,north
ORD-002177,2023-12-20,243.39,65.55,2,5.78,accessories,south
ORD-002178,2023-12-20,263.23,68.76,5,5.62,tools,south
ORD-002179,2023-12-20,265.12,51.83,2,2.41,gadgets,north
ORD-002180,2023-12-21,220.92,20.66,5,3.33,accessories,west
ORD-002181,2023-12-21,209.88,61.72,3,2.61,gadgets,east
ORD-002182,2023-12-21,227.15,58.99,3,1.64,tools,north
ORD-002183,2023-12-21,191.69,52.99,1,2.37,widgets,east
ORD-002184,2023-12-21,243.69,68.14,5,3.36,accessories,east
ORD-002185,2023-12-21,205.94,51.57,2,1.35,gadgets,north
ORD-002186,2023-12-21,237.95,58.16,3,2.75,tools,east
ORD-002187,2023-12-22,309.55,83.0,4,5.11,tools,north
ORD-002188,2023-12-22,310.52,54.44,5,3.43,widgets,west
ORD-002189,2023-12-22,312.14,60.41,3,4.04,tools,west
ORD-002190,2023-12-22,304.1,75.14,1,1.86,gadgets,south
ORD-002191,2023-12-22,264.28,91.31,4,3.36,widgets,south
ORD-002192,2023-12-23,172.75,65.74,4,2.0,gadgets,east
ORD-002193,2023-12-23,192.25,79.01,5,7.42,widgets,north
ORD-002194,2023-12-23,164.47,28.89,4,4.76,accessories,east
ORD-002195,2023-12-23,190.92,63.08,2,4.47,widgets,north
ORD-002196,2023-12-23,162.23,53.21,2,2.74,accessories,north
ORD-002197,2023-12-23,183.19,82.03,4,4.26,tools,south
ORD-002198,2023-12-23,177.55,46.77,1,4.74,gadgets,north
ORD-002199,2023-12-23,181.63,55.53,5,3.27,tools,east
ORD-002200,2023-12-23,198.24,67.2,5,1.92,gadgets,south
ORD-002201,2023-12-24,376.54,76.59,3,3.14,accessories,west
ORD-002202,2023-12-24,391.59,78.45,4,3.48,gadgets,west
ORD-002203,2023-12-24,392.28,36.07,5,4.07,tools,north
ORD-002204,2023-12-24,390.54,61.51,1,2.76,widgets,south
ORD-002205,2023-12-25,218.26,61.55,3,5.81,accessories,south
ORD-002206,2023-12-25,196.03,22.05,3,5.66,tools,east
ORD-002207,2023-12-25,210.36,97.49,5,1.78,accessories,south
ORD-002208,2023-12-25,196.02,70.21,1,1.91,accessories,south
ORD-002209,2023-12-25,181.78,42.67,4,3.06,tools,north
ORD-002210,2023-12-25,181.29,47.32,3,2.03,tools,west
ORD-002211,2023-12-25,206.59,53.98,2,8.4,widgets,east
ORD-002212,2023-12-25,166.85,11.99,3,4.0,widgets,south
ORD-002213,2023-12-26,249.57,96.27,2,2.71,gadgets,north
ORD-002214,2023-12-26,249.1,55.91,2,3.1,gadgets,south
ORD-002215,2023-12-26,236.91,37.82,1,2.15,widgets,east
ORD-002216,2023-12-26,217.07,67.32,2,4.5,gadgets,west
ORD-002217,2023-12-26,231.1,53.72,1,3.51,widgets,west
ORD-002218,2023-12-26,233.01,51.99,1,2.82,gadgets,west
ORD-002219,2023-12-26,237.59,70.1,1,3.51,gadgets,north
ORD-002220,2023-12-27,392.45,79.07,2,2.32,accessories,west
ORD-002221,2023-12-27,386.05,46.24,5,4.2,accessories,east
ORD-002222,2023-12-27,410.49,72.24,3,2.06,widgets,west
ORD-002223,2023-12-27,380.0,40.08,1,2.63,tools,south
ORD-002224,2023-12-28,189.26,21.72,4,5.08,widgets,east
ORD-002225,2023-12-28,195.54,61.7,4,4.71,gadgets,west
ORD-002226,2023-12-28,192.9,61.08,2,6.38,widgets,east
ORD-002227,2023-12-28,219.35,54.57,4,1.4,accessories,south
ORD-002228,2023-12-28,180.27,47.21,1,4.3,gadgets,west
ORD-002229,2023-12-28,201.02,46.91,3,3.62,accessories,west
ORD-002230,2023-12-28,180.74,76.71,5,1.74,tools,west
ORD-002231,2023-12-28,168.64,43.93,1,4.19,accessories,north
ORD-002232,2023-12-29,270.24,50.42,5,5.29,widgets,south
ORD-002233,2023-12-29,258.09,68.56,3,1.38,tools,west
ORD-002234,2023-12-29,249.09,61.23,1,5.63,widgets,south
ORD-002235,2023-12-29,259.09,83.58,3,5.23,widgets,north
ORD-002236,2023-12-29,279.73,65.67,3,5.86,gadgets,south
ORD-002237,2023-12-29,254.92,51.23,4,3.79,gadgets,west
ORD-002238,2023-12-30,236.08,27.75,4,5.74,accessories,south
ORD-002239,2023-12-30,200.9,19.0,3,4.59,tools,east
ORD-002240,2023-12-30,207.85,61.78,3,2.11,tools,south
ORD-002241,2023-12-30,228.19,46.68,1,1.77,tools,east
ORD-002242,2023-12-30,216.01,51.81,2,1.3,accessories,east
ORD-002243,2023-12-30,212.08,38.87,5,2.46,widgets,north
ORD-002244,2023-12-30,245.06,57.54,2,3.75,gadgets,west
ORD-002245,2023-12-31,1600.92,173.43,3,1.83,gadgets,east
ORD-002246,2024-01-01,248.57,60.23,5,2.27,accessories,north
ORD-002247,2024-01-01,232.17,35.96,3,3.41,accessories,south
ORD-002248,2024-01-01,244.58,60.58,2,3.57,widgets,west
ORD-002249,2024-01-01,237.9,60.99,3,1.61,accessories,west
ORD-002250,2024-01-01,241.29,101.31,4,2.37,tools,west
ORD-002251,2024-01-01,234.8,79.98,1,3.22,accessories,east
ORD-002252,2024-01-02,205.26,17.55,5,4.64,accessories,east
ORD-002253,2024-01-02,209.8,42.4,4,3.59,tools,north
ORD-002254,2024-01-02,193.81,64.59,4,2.98,tools,west
ORD-002255,2024-01-02,194.75,31.69,1,2.64,gadgets,south
ORD-002256,2024-01-02,197.6,28.35,3,4.79,widgets,north
ORD-002257,2024-01-02,193.95,52.19,5,2.44,gadgets,east
ORD-002258,2024-01-02,199.7,39.38,4,3.5,gadgets,south
ORD-002259,2024-01-03,484.25,55.64,1,5.23,accessories,east
ORD-002260,2024-01-03,479.57,77.51,3,2.65,accessories,east
ORD-002261,2024-01-03,490.83,52.36,1,3.45,tools,south
ORD-002262,2024-01-04,453.9,68.09,2,1.81,tools,north
ORD-002263,2024-01-04,488.48,83.19,3,3.27,tools,north
ORD-002264,2024-01-04,485.15,84.74,5,2.78,tools,east
ORD-002265,2024-01-05,137.28,54.5,4,1.8,tools,south
ORD-002266,2024-01-05,135.3,40.86,1,4.95,widgets,south
ORD-002267,2024-01-05,150.19,26.89,5,1.71,tools,north
ORD-002268,2024-01-05,151.68,50.38,4,4.02,widgets,north
ORD-002269,2024-01-05,155.06,32.02,4,4.82,accessories,south
ORD-002270,2024-01-05,139.49,47.92,5,2.6,tools,east
ORD-002271,2024-01-05,174.58,34.77,3,3.47,accessories,north
ORD-002272,2024-01-05,166.67,52.55,1,4.21,tools,west
ORD-002273,2024-01-05,162.47,57.71,5,4.19,tools,south
ORD-002274,2024-01-06,298.54,20.5,5,1.49,tools,south
ORD-002275,2024-01-06,305.32,88.52,3,3.16,widgets,west
ORD-002276,2024-01-06,291.64,76.93,3,3.72,widgets,south
ORD-002277,2024-01-06,283.22,28.74,5,3.55,tools,west
ORD-002278,2024-01-06,311.66,66.75,4,3.58,tools,south
ORD-002279,2024-01-07,380.41,76.15,2,2.34,tools,east
ORD-002280,2024-01-07,359.95,77.2,1,2.03,accessories,south
ORD-002281,2024-01-07,371.58,98.44,5,2.0,widgets,east
ORD-002282,2024-01-07,354.65,73.6,1,2.29,widgets,north
ORD-002283,2024-01-08,255.17,44.86,5,7.35,gadgets,south
ORD-002284,2024-01-08,234.46,49.76,3,3.99,tools,east
ORD-002285,2024-01-08,277.71,75.36,5,4.06,accessories,north
ORD-002286,2024-01-08,258.02,44.99,3,2.72,accessories,west
ORD-002287,2024-01-08,229.12,71.64,1,3.65,gadgets,west
ORD-002288,2024-01-08,237.23,57.88,1,1.77,tools,west
ORD-002289,2024-01-09,251.23,36.3,5,7.47,widgets,south
ORD-002290,2024-01-09,281.38,57.7,2,2.41,accessories,south
ORD-002291,2024-01-09,313.84,38.33,5,3.63,accessories,west
ORD-002292,2024-01-09,298.26,42.23,1,1.52,widgets,north
ORD-002293,2024-01-09,306.42,41.62,1,2.4,accessories,north
ORD-002294,2024-01-10,242.93,30.38,4,4.15,tools,east
ORD-002295,2024-01-10,245.35,34.9,4,4.93,gadgets,east
ORD-002296,2024-01-10,231.33,41.9,2,2.42,accessories,east
ORD-002297,2024-01-10,264.09,68.66,2,3.23,tools,east
ORD-002298,2024-01-10,240.78,55.87,5,2.51,gadgets,north
ORD-002299,2024-01-10,262.02,56.96,4,6.4,widgets,east
ORD-002300,2024-01-11,255.59,94.81,3,1.99,accessories,east
ORD-002301,2024-01-11,258.95,105.53,4,2.95,accessories,south
ORD-002302,2024-01-11,290.68,43.97,3,3.68,widgets,north
ORD-002303,2024-01-11,292.9,67.66,4,2.1,gadgets,south
ORD-002304,2024-01-11,321.61,82.09,3,2.09,accessories,east
ORD-002305,2024-01-12,179.38,27.43,4,2.29,accessories,east
ORD-002306,2024-01-12,195.84,53.32,4,3.14,accessories,east
ORD-002307,2024-01-12,160.24,62.67,2,2.39,tools,west
ORD-002308,2024-01-12,161.51,63.51,2,1.39,accessories,east
ORD-002309,2024-01-12,181.35,22.13,3,1.94,widgets,north
ORD-002310,2024-01-12,169.05,46.06,3,2.71,accessories,west
ORD-002311,2024-01-12,194.57,31.06,4,4.32,accessories,east
ORD-002312,2024-01-12,185.7,63.1,4,1.77,tools,south
ORD-002313,2024-01-13,501.21,93.7,3,3.96,gadgets,west
ORD-002314,2024-01-13,491.14,87.73,4,1.84,gadgets,west
ORD-002315,2024-01-13,461.03,89.28,5,3.63,widgets,north
ORD-002316,2024-01-14,158.43,44.72,5,4.04,widgets,east
ORD-002317,2024-01-14,188.33,67.29,2,5.46,widgets,north
ORD-002318,2024-01-14,167.74,56.12,3,3.52,gadgets,west
ORD-002319,2024-01-14,163.7,77.68,5,4.41,widgets,south
ORD-002320,2024-01-14,159.19,62.0,3,2.68,accessories,east
ORD-002321,2024-01-14,168.97,35.43,4,2.03,widgets,north
ORD-002322,2024-01-14,156.38,11.23,1,1.97,accessories,north
ORD-002323,2024-01-14,174.01,28.54,3,2.12,gadgets,south
ORD-002324,2024-01-14,170.2,34.71,5,3.89,accessories,north
ORD-002325,2024-01-15,207.81,63.9,5,1.38,accessories,south
ORD-002326,2024-01-15,246.79,40.41,1,2.01,gadgets,east
ORD-002327,2024-01-15,199.43,36.0,5,2.37,gadgets,west
ORD-002328,2024-01-15,202.74,74.07,1,1.74,gadgets,east
ORD-002329,2024-01-15,203.27,74.41,4,3.84,widgets,south
ORD-002330,2024-01-15,200.18,50.0,2,4.15,tools,south
ORD-002331,2024-01-15,221.24,41.84,5,1.29,tools,east
ORD-002332,2024-01-16,152.81,39.0,3,4.13,accessories,west
ORD-002333,2024-01-16,149.93,68.95,4,1.95,accessories,east
ORD-002334,2024-01-16,169.34,53.85,4,4.66,widgets,east
ORD-002335,2024-01-16,146.21,27.33,4,2.83,accessories,west
ORD-002336,2024-01-16,144.33,34.65,5,2.93,gadgets,north
ORD-002337,2024-01-16,155.39,37.15,2,2.85,widgets,west
ORD-002338,2024-01-16,156.02,45.54,5,2.27,accessories,west
ORD-002339,2024-01-16,152.88,50.44,1,3.51,widgets,south
ORD-002340,2024-01-16,106.54,37.3,2,2.85,widgets,north
ORD-002341,2024-01-16,135.94,33.38,2,2.25,widgets,east
ORD-002342,2024-01-17,302.8,36.46,2,2.3,widgets,west
ORD-002343,2024-01-17,291.8,52.41,5,1.98,accessories,east
ORD-002344,2024-01-17,301.0,73.65,5,1.54,accessories,east
ORD-002345,2024-01-17,292.61,46.76,1,2.86,gadgets,west
ORD-002346,2024-01-17,289.74,61.74,2,1.98,tools,west
ORD-002347,2024-01-18,200.6,59.72,3,2.08,widgets,south
ORD-002348,2024-01-18,223.98,73.54,3,3.72,accessories,west
ORD-002349,2024-01-18,211.89,47.89,1,6.08,widgets,east
ORD-002350,2024-01-18,211.72,57.46,3,3.24,gadgets,south
ORD-002351,2024-01-18,212.41,31.66,4,4.01,gadgets,west
ORD-002352,2024-01-18,231.11,51.87,5,2.35,gadgets,west
ORD-002353,2024-01-18,219.87,57.17,1,3.79,tools,west
ORD-002354,2024-01-19,245.65,57.87,3,3.99,widgets,west
ORD-002355,2024-01-19,250.89,93.18,2,2.66,accessories,west
ORD-002356,2024-01-19,257.69,46.25,1,1.37,tools,north
ORD-002357,2024-01-19,242.95,95.75,1,2.9,accessories,south
ORD-002358,2024-01-19,249.68,76.26,3,3.78,widgets,south
ORD-002359,2024-01-19,239.28,42.84,3,4.79,gadgets,west
ORD-002360,2024-01-20,345.69,60.98,3,5.34,gadgets,north
ORD-002361,2024-01-20,383.18,62.49,2,2.48,gadgets,south
ORD-002362,2024-01-20,363.55,89.72,4,1.94,gadgets,west
ORD-002363,2024-01-20,372.45,48.99,5,3.32,accessories,east
ORD-002364,2024-01-21,226.91,27.61,1,2.59,tools,north
ORD-002365,2024-01-21,257.93,81.89,5,3.45,accessories,north
ORD-002366,2024-01-21,240.4,54.16,1,3.1,tools,west
ORD-002367,2024-01-21,246.84,51.74,1,3.08,accessories,west
ORD-002368,2024-01-21,229.66,41.07,4,3.14,tools,east
ORD-002369,2024-01-21,244.62,90.57,2,3.25,gadgets,north
ORD-002370,2024-01-22,180.62,59.92,5,1.87,accessories,east
ORD-002371,2024-01-22,173.19,51.09,4,2.57,tools,north
ORD-002372,2024-01-22,154.63,82.92,3,5.18,tools,south
ORD-002373,2024-01-22,142.75,36.37,5,2.38,tools,north
ORD-002374,2024-01-22,149.17,34.63,2,1.77,gadgets,north
ORD-002375,2024-01-22,156.6,70.19,3,2.17,widgets,north
ORD-002376,2024-01-22,153.11,77.3,1,1.3,tools,north
ORD-002377,2024-01-22,168.89,48.36,3,3.03,widgets,east
ORD-002378,2024-01-22,166.22,36.35,2,5.41,accessories,north
ORD-002379,2024-01-23,167.77,89.51,3,2.03,accessories,north
ORD-002380,2024-01-23,174.15,29.97,4,1.19,widgets,west
ORD-002381,2024-01-23,194.76,56.23,5,2.23,accessories,south
ORD-002382,2024-01-23,188.68,49.8,3,4.53,tools,north
ORD-002383,2024-01-23,158.17,56.21,5,2.48,accessories,north
ORD-002384,2024-01-23,153.03,46.46,4,2.04,accessories,east
ORD-002385,2024-01-23,164.27,41.68,2,2.86,widgets,north
ORD-002386,2024-01-23,177.11,47.77,1,4.46,widgets,south
ORD-002387,2024-01-23,158.08,73.22,4,2.93,accessories,west
ORD-002388,2024-01-24,500.51,69.82,1,2.67,accessories,south
ORD-002389,2024-01-24,502.47,87.95,3,6.35,tools,west
ORD-002390,2024-01-24,492.5,82.24,4,3.57,tools,east
ORD-002391,2024-01-25,168.96,63.58,1,3.09,gadgets,west
ORD-002392,2024-01-25,133.52,58.58,2,1.95,accessories,north
ORD-002393,2024-01-25,153.68,51.71,1,2.84,tools,north
ORD-002394,2024-01-25,148.65,45.93,5,3.93,accessories,north
ORD-002395,2024-01-25,170.73,50.87,2,4.78,tools,east
ORD-002396,2024-01-25,136.84,25.19,4,3.43,tools,north
ORD-002397,2024-01-25,142.36,45.83,1,3.47,gadgets,south
ORD-002398,2024-01-25,141.14,54.78,4,1.71,accessories,south
ORD-002399,2024-01-25,138.92,22.59,1,3.42,widgets,north
ORD-002400,2024-01-25,153.22,60.4,2,4.18,tools,east
ORD-002401,2024-01-26,251.49,32.73,3,2.0,tools,south
ORD-002402,2024-01-26,244.28,63.09,3,4.14,tools,north
ORD-002403,2024-01-26,241.97,64.69,3,3.35,tools,south
ORD-002404,2024-01-26,253.37,28.99,2,4.86,tools,north
ORD-002405,2024-01-26,261.86,36.08,2,3.36,tools,west
ORD-002406,2024-01-26,246.69,55.79,4,2.2,tools,north
ORD-002407,2024-01-27,208.58,65.25,4,4.11,gadgets,north
ORD-002408,2024-01-27,226.9,39.62,2,7.2,widgets,north
ORD-002409,2024-01-27,205.01,20.56,4,3.29,tools,south
ORD-002410,2024-01-27,219.99,51.95,2,3.67,accessories,north
ORD-002411,2024-01-27,213.91,29.32,5,6.89,tools,east
ORD-002412,2024-01-27,216.0,35.45,3,4.7,gadgets,east
ORD-002413,2024-01-27,209.08,54.45,2,3.27,tools,west
ORD-002414,2024-01-28,205.28,53.67,5,4.15,tools,north
ORD-002415,2024-01-28,199.4,62.04,1,2.77,tools,east
ORD-002416,2024-01-28,198.73,52.56,3,3.39,gadgets,east
ORD-002417,2024-01-28,175.25,24.81,4,2.71,gadgets,west
ORD-002418,2024-01-28,202.88,45.62,2,1.55,gadgets,south
ORD-002419,2024-01-28,204.4,46.65,5,2.21,gadgets,west
ORD-002420,2024-01-28,219.01,62.3,4,2.78,gadgets,north
ORD-002421,2024-01-28,170.86,57.13,3,2.55,widgets,south
ORD-002422,2024-01-29,382.38,53.8,1,4.35,accessories,south
ORD-002423,2024-01-29,378.66,55.63,5,1.98,gadgets,west
ORD-002424,2024-01-29,400.02,51.0,3,2.86,tools,west
ORD-002425,2024-01-29,379.86,69.71,2,4.59,gadgets,north
ORD-002426,2024-01-30,234.47,52.52,3,1.32,gadgets,north
ORD-002427,2024-01-30,245.68,44.81,1,2.81,tools,east
ORD-002428,2024-01-30,197.25,78.48,1,4.69,accessories,north
ORD-002429,2024-01-30,213.98,5.0,5,4.19,widgets,south
ORD-002430,2024-01-30,225.62,34.77,3,0.92,widgets,north
ORD-002431,2024-01-30,231.67,52.86,2,3.95,tools,west
ORD-002432,2024-01-30,219.98,25.97,4,1.65,accessories,east
ORD-002433,2024-01-31,210.86,57.32,4,2.58,accessories,south
ORD-002434,2024-01-31,213.79,45.25,1,4.27,accessories,west
ORD-002435,2024-01-31,217.1,43.77,1,12.07,tools,south
ORD-002436,2024-01-31,211.48,54.46,4,3.18,accessories,west
ORD-002437,2024-01-31,228.26,18.77,4,4.9,gadgets,north
ORD-002438,2024-01-31,219.39,76.85,5,2.88,widgets,west
ORD-002439,2024-01-31,238.8,82.33,1,3.4,gadgets,north
ORD-002440,2024-02-01,274.53,73.59,5,2.04,tools,west
ORD-002441,2024-02-01,296.32,41.73,3,2.32,accessories,east
ORD-002442,2024-02-01,299.88,62.15,4,2.24,widgets,north
ORD-002443,2024-02-01,335.4,79.99,3,6.82,tools,west
ORD-002444,2024-02-01,274.66,50.03,3,4.3,tools,south
ORD-002445,2024-02-02,521.55,29.67,1,2.34,gadgets,west
ORD-002446,2024-02-02,472.66,87.78,2,3.06,tools,south
ORD-002447,2024-02-02,499.37,72.18,3,2.44,widgets,west
ORD-002448,2024-02-03,206.76,41.0,2,3.52,widgets,north
ORD-002449,2024-02-03,254.7,40.75,1,2.03,tools,west
ORD-002450,2024-02-03,226.06,50.79,1,5.24,tools,north
ORD-002451,2024-02-03,220.91,62.84,4,3.15,gadgets,east
ORD-002452,2024-02-03,228.01,56.39,2,2.46,gadgets,south
ORD-002453,2024-02-03,199.06,67.47,3,2.75,widgets,east
ORD-002454,2024-02-03,237.89,64.09,4,2.94,tools,north
ORD-002455,2024-02-04,771.32,116.9,4,8.32,gadgets,west
ORD-002456,2024-02-04,784.24,96.6,4,1.87,widgets,east
ORD-002457,2024-02-05,179.43,73.85,1,4.16,accessories,south
ORD-002458,2024-02-05,180.99,64.62,4,5.62,accessories,east
ORD-002459,2024-02-05,211.01,64.04,4,2.87,widgets,north
ORD-002460,2024-02-05,202.07,32.44,1,3.94,gadgets,south
ORD-002461,2024-02-05,165.19,49.23,5,2.16,accessories,south
ORD-002462,2024-02-05,196.5,14.27,2,2.7,tools,west
ORD-002463,2024-02-05,190.42,48.16,3,1.85,tools,east
ORD-002464,2024-02-05,201.03,18.24,5,2.16,widgets,north
ORD-002465,2024-02-06,271.11,84.05,3,5.94,gadgets,east
ORD-002466,2024-02-06,255.85,103.12,5,3.16,accessories,east
ORD-002467,2024-02-06,249.02,76.34,3,4.18,tools,east
ORD-002468,2024-02-06,253.8,65.28,2,3.55,tools,west
ORD-002469,2024-02-06,265.27,47.02,4,2.05,tools,east
ORD-002470,2024-02-06,242.98,58.54,1,2.86,tools,east
ORD-002471,2024-02-07,243.04,53.63,5,2.12,gadgets,west
ORD-002472,2024-02-07,243.58,75.91,4,3.17,accessories,west
ORD-002473,2024-02-07,281.08,56.07,4,3.45,tools,south
ORD-002474,2024-02-07,236.9,90.91,3,4.35,tools,north
ORD-002475,2024-02-07,268.92,67.6,1,4.83,gadgets,south
ORD-002476,2024-02-07,251.81,53.19,3,2.52,widgets,west
ORD-002477,2024-02-08,253.48,76.81,3,3.91,accessories,south
ORD-002478,2024-02-08,232.95,60.33,3,3.06,tools,west
ORD-002479,2024-02-08,256.16,80.01,1,4.47,gadgets,east
ORD-002480,2024-02-08,259.01,54.07,4,3.36,widgets,north
ORD-002481,2024-02-08,255.42,50.38,2,3.89,tools,north
ORD-002482,2024-02-08,256.77,67.08,1,2.88,widgets,north
ORD-002483,2024-02-09,208.61,85.07,4,6.39,accessories,west
ORD-002484,2024-02-09,209.71,54.83,2,1.86,accessories,south
ORD-002485,2024-02-09,217.69,38.47,2,5.87,widgets,north
ORD-002486,2024-02-09,231.77,66.41,1,4.52,gadgets,south
ORD-002487,2024-02-09,202.32,65.81,5,5.02,gadgets,west
ORD-002488,2024-02-09,221.35,104.89,1,5.46,accessories,east
ORD-002489,2024-02-09,226.42,35.6,4,2.11,tools,north
ORD-002490,2024-02-10,259.88,31.13,1,2.05,tools,west
ORD-002491,2024-02-10,246.42,77.92,1,4.32,gadgets,west
ORD-002492,2024-02-10,280.98,46.06,5,1.84,widgets,south
ORD-002493,2024-02-10,259.52,91.18,5,2.05,tools,west
ORD-002494,2024-02-10,249.56,50.16,3,5.06,tools,north
ORD-002495,2024-02-10,247.06,36.69,5,1.77,tools,east
ORD-002496,2024-02-11,276.15,55.72,4,2.33,gadgets,north
ORD-002497,2024-02-11,309.88,43.63,1,3.89,accessories,south
ORD-002498,2024-02-11,293.12,69.65,4,1.8,gadgets,north
ORD-002499,2024-02-11,317.38,91.04,5,1.44,gadgets,north
ORD-002500,2024-02-11,308.36,74.54,1,4.11,gadgets,west
ORD-002501,2024-02-12,505.14,71.25,2,5.43,widgets,south
ORD-002502,2024-02-12,516.66,114.22,5,3.48,gadgets,east
ORD-002503,2024-02-12,510.18,113.71,1,3.59,widgets,south
ORD-002504,2024-02-13,293.14,90.74,1,1.9,accessories,south
ORD-002505,2024-02-13,313.87,49.83,2,4.27,widgets,south
ORD-002506,2024-02-13,328.69,84.34,2,2.26,accessories,west
ORD-002507,2024-02-13,342.58,66.37,5,2.08,accessories,east
ORD-002508,2024-02-13,316.68,50.66,3,1.97,gadgets,west
ORD-002509,2024-02-14,273.8,48.2,3,2.47,widgets,south
ORD-002510,2024-02-14,251.15,61.76,1,2.89,tools,north
ORD-002511,2024-02-14,256.96,91.28,1,2.32,tools,south
ORD-002512,2024-02-14,234.62,59.29,5,5.14,tools,west
ORD-002513,2024-02-14,276.77,79.96,5,2.27,tools,east
ORD-002514,2024-02-14,264.03,50.62,1,2.17,gadgets,west
ORD-002515,2024-02-15,267.35,70.24,3,6.81,gadgets,north
ORD-002516,2024-02-15,261.59,28.71,5,2.17,widgets,east
ORD-002517,2024-02-15,248.81,33.76,1,2.49,gadgets,south
ORD-002518,2024-02-15,274.85,23.21,5,2.18,widgets,north
ORD-002519,2024-02-15,263.27,66.28,4,2.93,tools,north
ORD-002520,2024-02-15,247.71,39.61,2,3.65,accessories,east
ORD-002521,2024-02-16,401.37,68.51,3,3.33,accessories,east
ORD-002522,2024-02-16,391.63,51.33,4,2.98,gadgets,north
ORD-002523,2024-02-16,382.94,64.71,5,3.13,tools,east
ORD-002524,2024-02-16,378.68,83.68,5,4.14,tools,east
ORD-002525,2024-02-17,158.76,28.69,5,4.11,gadgets,east
ORD-002526,2024-02-17,165.13,20.2,1,2.66,tools,west
ORD-002527,2024-02-17,147.37,29.26,4,3.91,accessories,south
ORD-002528,2024-02-17,143.44,22.78,5,1.31,widgets,west
ORD-002529,2024-02-17,132.59,60.71,2,3.22,tools,east
ORD-002530,2024-02-17,158.11,27.0,2,2.84,accessories,south
ORD-002531,2024-02-17,166.15,37.94,3,3.67,widgets,east
ORD-002532,2024-02-17,181.41,38.96,5,2.35,gadgets,west
ORD-002533,2024-02-17,147.2,32.7,4,1.84,widgets,west
ORD-002534,2024-02-17,146.07,32.74,3,2.57,accessories,north
ORD-002535,2024-02-18,811.98,125.66,2,2.56,gadgets,north
ORD-002536,2024-02-18,783.9,98.9,3,2.89,gadgets,west
ORD-002537,2024-02-19,340.05,42.24,2,2.7,accessories,north
ORD-002538,2024-02-19,310.69,78.72,4,2.0,widgets,east
ORD-002539,2024-02-19,318.67,63.25,5,2.16,widgets,west
ORD-002540,2024-02-19,292.16,45.11,4,2.4,accessories,south
ORD-002541,2024-02-19,317.42,47.69,5,2.76,tools,west
ORD-002542,2024-02-20,225.47,58.98,4,2.08,widgets,south
ORD-002543,2024-02-20,247.66,65.92,4,2.23,widgets,south
ORD-002544,2024-02-20,253.8,46.72,1,3.93,gadgets,west
ORD-002545,2024-02-20,222.37,38.32,1,2.25,widgets,east
ORD-002546,2024-02-20,212.46,31.78,3,3.89,gadgets,west
ORD-002547,2024-02-20,225.09,70.3,5,7.48,widgets,north
ORD-002548,2024-02-20,251.42,63.38,3,4.21,tools,south
ORD-002549,2024-02-21,409.29,43.54,1,2.58,accessories,west
ORD-002550,2024-02-21,397.86,102.32,5,4.87,accessories,north
ORD-002551,2024-02-21,394.24,72.87,1,3.13,accessories,south
ORD-002552,2024-02-21,416.19,80.64,3,2.97,widgets,north
ORD-002553,2024-02-22,180.33,29.08,4,7.68,accessories,south
ORD-002554,2024-02-22,195.41,42.31,2,3.83,accessories,east
ORD-002555,2024-02-22,161.36,78.45,3,2.72,accessories,north
ORD-002556,2024-02-22,181.91,41.74,5,2.46,tools,east
ORD-002557,2024-02-22,159.32,72.91,3,3.41,tools,north
ORD-002558,2024-02-22,163.57,37.06,3,6.53,widgets,north
ORD-002559,2024-02-22,202.97,45.51,4,2.61,tools,west
ORD-002560,2024-02-22,177.08,75.16,4,1.73,widgets,west
ORD-002561,2024-02-22,211.15,41.22,5,2.89,gadgets,south
ORD-002562,2024-02-23,307.04,94.46,3,1.7,gadgets,west
ORD-002563,2024-02-23,311.06,83.49,1,1.73,gadgets,south
ORD-002564,2024-02-23,330.97,62.37,4,3.82,widgets,north
ORD-002565,2024-02-23,313.55,38.95,3,2.39,widgets,north
ORD-002566,2024-02-23,298.41,53.77,5,3.97,tools,north
ORD-002567,2024-02-24,380.16,29.43,2,4.13,widgets,south
ORD-002568,2024-02-24,408.7,91.0,5,4.06,accessories,west
ORD-002569,2024-02-24,361.17,15.39,4,1.81,accessories,south
ORD-002570,2024-02-24,409.67,85.53,2,1.75,gadgets,east
ORD-002571,2024-02-25,383.89,72.97,2,3.07,tools,east
ORD-002572,2024-02-25,386.77,39.21,3,8.74,tools,east
ORD-002573,2024-02-25,410.45,82.74,5,5.49,tools,south
ORD-002574,2024-02-25,363.36,86.63,4,1.83,gadgets,north
ORD-002575,2024-02-26,240.44,19.77,3,5.0,accessories,west
ORD-002576,2024-02-26,231.17,56.8,1,2.82,gadgets,north
ORD-002577,2024-02-26,236.69,58.63,1,2.92,gadgets,south
ORD-002578,2024-02-26,235.33,75.49,5,4.81,accessories,north
ORD-002579,2024-02-26,244.48,36.5,3,4.83,gadgets,west
ORD-002580,2024-02-26,241.1,58.82,1,2.75,accessories,north
ORD-002581,2024-02-26,224.97,37.33,4,3.18,accessories,east
ORD-002582,2024-02-27,327.2,68.61,3,4.33,gadgets,east
ORD-002583,2024-02-27,314.39,84.08,5,2.39,accessories,east
ORD-002584,2024-02-27,318.61,74.48,1,3.06,widgets,north
ORD-002585,2024-02-27,326.73,65.61,1,2.62,gadgets,east
ORD-002586,2024-02-27,355.38,49.91,5,3.43,widgets,north
ORD-002587,2024-02-28,227.49,52.28,3,5.31,tools,north
ORD-002588,2024-02-28,204.45,44.96,1,3.0,gadgets,west
ORD-002589,2024-02-28,182.2,36.49,2,2.38,accessories,east
ORD-002590,2024-02-28,247.84,29.76,3,3.51,tools,west
ORD-002591,2024-02-28,194.38,39.73,4,1.68,tools,north
ORD-002592,2024-02-28,195.75,35.34,4,3.71,widgets,east
ORD-002593,2024-02-28,211.73,48.41,3,4.1,gadgets,south
ORD-002594,2024-02-28,189.05,53.15,2,2.25,tools,east
ORD-002595,2024-02-29,1614.34,207.35,2,4.47,tools,north
ORD-002596,2024-03-01,268.89,53.69,3,3.49,gadgets,south
ORD-002597,2024-03-01,284.87,60.85,4,2.69,accessories,north
ORD-002598,2024-03-01,269.59,60.75,2,2.48,widgets,east
ORD-002599,2024-03-01,263.51,53.03,2,2.42,gadgets,north
ORD-002600,2024-03-01,247.04,44.06,1,3.88,widgets,south
ORD-002601,2024-03-01,248.24,39.82,4,4.76,gadgets,south
ORD-002602,2024-03-02,524.15,89.38,3,1.4,gadgets,north
ORD-002603,2024-03-02,522.63,74.24,3,4.59,widgets,east
ORD-002604,2024-03-02,534.85,85.47,1,1.84,widgets,east
ORD-002605,2024-03-03,275.58,42.3,2,5.02,widgets,east
ORD-002606,2024-03-03,248.59,54.72,1,2.97,accessories,north
ORD-002607,2024-03-03,249.48,42.13,4,4.46,widgets,east
ORD-002608,2024-03-03,263.12,40.72,5,3.59,gadgets,west
ORD-002609,2024-03-03,266.57,69.04,5,2.64,widgets,south
ORD-002610,2024-03-03,275.05,30.59,2,4.59,tools,south
ORD-002611,2024-03-04,298.94,58.12,3,2.01,accessories,south
ORD-002612,2024-03-04,276.69,59.23,1,3.71,tools,west
ORD-002613,2024-03-04,270.54,85.73,4,5.74,gadgets,south
ORD-002614,2024-03-04,253.17,52.14,5,2.24,tools,south
ORD-002615,2024-03-04,246.76,51.35,4,2.77,accessories,west
ORD-002616,2024-03-04,269.78,67.96,2,2.49,widgets,east
ORD-002617,2024-03-05,400.04,85.44,1,1.04,gadgets,north
ORD-002618,2024-03-05,397.62,94.95,5,4.43,accessories,south
ORD-002619,2024-03-05,400.1,40.6,3,2.97,accessories,north
ORD-002620,2024-03-05,411.09,42.4,4,2.87,accessories,west
ORD-002621,2024-03-06,525.32,82.15,5,2.53,widgets,north
ORD-002622,2024-03-06,523.81,74.61,4,4.1,gadgets,east
ORD-002623,2024-03-06,557.38,128.66,5,2.16,gadgets,west
ORD-002624,2024-03-07,204.65,40.13,1,1.67,tools,east
ORD-002625,2024-03-07,213.0,76.81,5,1.49,tools,north
ORD-002626,2024-03-07,193.43,64.22,3,1.99,tools,south
ORD-002627,2024-03-07,217.72,50.56,1,2.27,accessories,east
ORD-002628,2024-03-07,190.96,32.01,2,1.27,gadgets,south
ORD-002629,2024-03-07,184.03,74.64,5,4.89,widgets,south
ORD-002630,2024-03-07,196.53,52.95,4,2.03,widgets,north
ORD-002631,2024-03-07,208.65,27.33,4,2.23,accessories,south
ORD-002632,2024-03-08,171.15,43.41,2,4.43,gadgets,west
ORD-002633,2024-03-08,185.91,77.46,4,4.69,accessories,west
ORD-002634,2024-03-08,138.15,63.89,3,3.25,gadgets,east
ORD-002635,2024-03-08,146.28,45.02,2,1.85,tools,west
ORD-002636,2024-03-08,168.45,40.66,3,1.55,gadgets,east
ORD-002637,2024-03-08,163.06,5.0,4,1.25,tools,east
ORD-002638,2024-03-08,137.59,45.16,3,2.12,accessories,east
ORD-002639,2024-03-08,158.98,44.36,4,1.74,tools,north
ORD-002640,2024-03-08,143.05,30.36,3,1.27,gadgets,north
ORD-002641,2024-03-08,155.5,75.12,2,1.48,tools,east
ORD-002642,2024-03-09,157.66,18.93,3,3.57,accessories,south
ORD-002643,2024-03-09,142.03,48.38,4,2.2,tools,east
ORD-002644,2024-03-09,156.48,59.68,5,1.36,gadgets,north
ORD-002645,2024-03-09,156.38,58.53,1,2.89,gadgets,west
ORD-002646,2024-03-09,134.17,32.98,4,2.59,tools,south
ORD-002647,2024-03-09,134.86,59.14,1,3.56,tools,north
ORD-002648,2024-03-09,132.86,42.94,1,4.02,tools,south
ORD-002649,2024-03-09,145.59,43.47,4,4.16,gadgets,east
ORD-002650,2024-03-09,169.52,88.42,4,1.34,tools,east
ORD-002651,2024-03-09,145.61,69.56,4,6.33,accessories,south
ORD-002652,2024-03-09,150.22,81.86,1,1.66,accessories,west
ORD-002653,2024-03-10,295.65,85.67,4,1.85,tools,south
ORD-002654,2024-03-10,270.76,66.74,2,4.14,gadgets,west
ORD-002655,2024-03-10,293.94,62.13,5,5.36,accessories,east
ORD-002656,2024-03-10,276.22,73.84,5,3.26,widgets,west
ORD-002657,2024-03-10,288.64,26.84,4,3.88,accessories,west
ORD-002658,2024-03-10,248.18,72.39,3,3.25,accessories,north
ORD-002659,2024-03-11,253.86,33.54,2,1.25,widgets,south
ORD-002660,2024-03-11,239.68,96.81,3,3.97,widgets,south
ORD-002661,2024-03-11,224.34,58.33,3,3.82,widgets,west
ORD-002662,2024-03-11,228.16,56.7,4,4.63,widgets,north
ORD-002663,2024-03-11,225.6,30.52,3,2.33,widgets,east
ORD-002664,2024-03-11,199.65,34.53,5,2.53,widgets,west
ORD-002665,2024-03-11,237.82,27.14,1,3.73,accessories,east
ORD-002666,2024-03-12,306.88,76.62,2,3.59,tools,south
ORD-002667,2024-03-12,276.95,7.38,3,3.53,gadgets,north
ORD-002668,2024-03-12,249.06,33.07,2,3.77,gadgets,north
ORD-002669,2024-03-12,264.73,21.69,2,2.66,tools,north
ORD-002670,2024-03-12,267.51,62.45,4,2.25,accessories,east
ORD-002671,2024-03-12,290.08,77.1,2,1.73,gadgets,east
ORD-002672,2024-03-13,534.28,93.21,3,1.93,tools,south
ORD-002673,2024-03-13,550.31,99.62,3,2.99,widgets,east
ORD-002674,2024-03-13,535.59,81.96,2,3.14,accessories,north
ORD-002675,2024-03-14,326.17,108.26,5,2.81,tools,north
ORD-002676,2024-03-14,357.1,51.66,3,5.56,gadgets,south
ORD-002677,2024-03-14,342.08,96.61,4,2.39,accessories,south
ORD-002678,2024-03-14,297.13,60.87,2,2.21,gadgets,west
ORD-002679,2024-03-14,309.67,90.82,2,1.55,widgets,north
ORD-002680,2024-03-15,267.69,97.62,1,5.02,tools,west
ORD-002681,2024-03-15,265.08,48.0,5,7.12,widgets,east
ORD-002682,2024-03-15,279.41,40.45,5,2.63,gadgets,east
ORD-002683,2024-03-15,276.13,50.86,5,5.64,widgets,south
ORD-002684,2024-03-15,262.41,40.33,3,1.92,accessories,north
ORD-002685,2024-03-15,277.75,83.84,1,5.36,widgets,east
ORD-002686,2024-03-16,422.63,61.98,3,2.59,gadgets,east
ORD-002687,2024-03-16,424.03,71.21,5,2.79,accessories,east
ORD-002688,2024-03-16,402.92,94.36,5,2.41,tools,east
ORD-002689,2024-03-16,384.04,52.76,5,2.03,accessories,east
ORD-002690,2024-03-17,573.32,88.88,2,1.82,accessories,west
ORD-002691,2024-03-17,536.66,65.93,2,3.46,gadgets,north
ORD-002692,2024-03-17,525.34,126.09,2,3.44,accessories,north
ORD-002693,2024-03-18,168.48,40.79,5,6.79,widgets,north
ORD-002694,2024-03-18,164.05,50.49,1,2.85,gadgets,south
ORD-002695,2024-03-18,178.04,59.62,1,3.44,gadgets,north
ORD-002696,2024-03-18,164.27,32.93,1,3.25,accessories,north
ORD-002697,2024-03-18,170.06,14.65,4,1.66,gadgets,north
ORD-002698,2024-03-18,177.52,66.63,3,4.1,accessories,west
ORD-002699,2024-03-18,122.35,47.49,3,4.99,accessories,west
ORD-002700,2024-03-18,173.23,76.09,4,2.64,gadgets,west
ORD-002701,2024-03-18,165.77,67.08,5,3.77,accessories,east
ORD-002702,2024-03-18,153.86,42.17,4,3.18,widgets,north
ORD-002703,2024-03-19,241.33,44.83,1,5.08,widgets,west
ORD-002704,2024-03-19,233.36,58.93,3,2.24,widgets,west
ORD-002705,2024-03-19,216.42,62.44,2,2.96,widgets,north
ORD-002706,2024-03-19,240.53,73.22,3,4.1,accessories,west
ORD-002707,2024-03-19,242.52,56.39,5,1.78,gadgets,east
ORD-002708,2024-03-19,251.21,80.14,1,1.59,accessories,east
ORD-002709,2024-03-19,244.22,91.7,3,3.32,gadgets,west
ORD-002710,2024-03-20,237.57,59.88,1,2.34,tools,west
ORD-002711,2024-03-20,241.54,72.53,1,2.94,gadgets,east
ORD-002712,2024-03-20,244.69,74.76,5,3.75,tools,south
ORD-002713,2024-03-20,228.91,56.45,3,3.83,widgets,south
ORD-002714,2024-03-20,230.74,34.78,2,0.81,tools,north
ORD-002715,2024-03-20,249.15,45.97,3,6.43,tools,south
ORD-002716,2024-03-20,224.99,65.77,3,3.36,tools,north
ORD-002717,2024-03-21,203.41,33.83,3,3.29,tools,west
ORD-002718,2024-03-21,230.21,62.04,2,6.67,accessories,south
ORD-002719,2024-03-21,231.63,70.53,2,4.57,gadgets,east
ORD-002720,2024-03-21,231.83,84.53,1,3.97,tools,west
ORD-002721,2024-03-21,222.88,60.27,1,3.43,widgets,north
ORD-002722,2024-03-21,239.52,27.56,5,5.02,gadgets,south
ORD-002723,2024-03-21,225.96,71.71,4,4.12,widgets,east
ORD-002724,2024-03-22,836.35,92.99,5,2.48,gadgets,north
ORD-002725,2024-03-22,803.09,129.33,4,2.27,widgets,west
ORD-002726,2024-03-23,416.69,60.09,5,2.48,gadgets,west
ORD-002727,2024-03-23,413.98,56.97,5,1.98,gadgets,west
ORD-002728,2024-03-23,416.19,65.07,4,2.06,tools,south
ORD-002729,2024-03-23,413.45,73.18,1,5.46,widgets,east
ORD-002730,2024-03-24,209.14,27.11,4,2.53,gadgets,south
ORD-002731,2024-03-24,194.47,80.66,5,4.03,widgets,east
ORD-002732,2024-03-24,194.74,46.0,4,4.51,widgets,east
ORD-002733,2024-03-24,198.14,35.36,5,2.73,widgets,north
ORD-002734,2024-03-24,189.76,69.65,1,5.06,widgets,north
ORD-002735,2024-03-24,191.47,32.6,2,2.01,widgets,west
ORD-002736,2024-03-24,177.42,58.49,4,3.88,gadgets,west
ORD-002737,2024-03-24,180.35,43.1,5,3.67,accessories,south
ORD-002738,2024-03-24,195.34,53.78,5,2.56,accessories,north
ORD-002739,2024-03-25,302.15,51.27,5,3.51,accessories,west
ORD-002740,2024-03-25,262.33,84.68,5,4.2,tools,west
ORD-002741,2024-03-25,267.69,64.72,2,3.73,tools,east
ORD-002742,2024-03-25,270.81,42.17,5,4.52,widgets,north
ORD-002743,2024-03-25,275.75,69.76,4,1.89,accessories,south
ORD-002744,2024-03-25,282.57,62.73,2,3.43,accessories,west
ORD-002745,2024-03-26,850.74,128.24,2,2.32,accessories,south
ORD-002746,2024-03-26,861.19,110.62,1,3.19,tools,east
ORD-002747,2024-03-27,1666.87,213.88,5,4.47,accessories,south
ORD-002748,2024-03-28,841.6,82.17,1,2.48,gadgets,south
ORD-002749,2024-03-28,822.35,117.97,4,2.22,accessories,north
ORD-002750,2024-03-29,332.11,47.26,3,2.71,tools,east
ORD-002751,2024-03-29,337.03,38.29,1,5.39,gadgets,north
ORD-002752,2024-03-29,336.6,54.01,2,3.26,gadgets,east
ORD-002753,2024-03-29,352.87,79.32,2,4.81,tools,north
ORD-002754,2024-03-29,328.25,36.67,3,1.68,accessories,north
ORD-002755,2024-03-30,330.69,64.38,1,1.89,accessories,east
ORD-002756,2024-03-30,314.4,50.81,3,1.46,widgets,west
ORD-002757,2024-03-30,340.65,70.15,1,3.22,widgets,north
ORD-002758,2024-03-30,340.77,60.29,2,4.51,widgets,north
ORD-002759,2024-03-30,342.11,55.73,1,3.43,gadgets,south
ORD-002760,2024-03-31,227.09,30.82,5,2.57,accessories,north
ORD-002761,2024-03-31,204.38,50.96,1,2.24,tools,south
ORD-002762,2024-03-31,221.11,49.95,5,3.4,tools,north
ORD-002763,2024-03-31,210.33,55.81,3,2.38,gadgets,south
ORD-002764,2024-03-31,204.25,31.6,1,1.39,gadgets,east
ORD-002765,2024-03-31,226.52,84.42,4,2.09,tools,north
ORD-002766,2024-03-31,193.21,51.36,4,5.19,tools,east
ORD-002767,2024-03-31,202.98,41.29,2,3.02,gadgets,north
ORD-002768,2024-04-01,135.24,23.96,5,2.85,tools,north
ORD-002769,2024-04-01,159.9,49.68,1,2.03,gadgets,west
ORD-002770,2024-04-01,184.04,38.03,3,3.2,accessories,west
ORD-002771,2024-04-01,129.81,23.12,5,2.29,accessories,west
ORD-002772,2024-04-01,160.86,47.38,2,2.38,accessories,west
ORD-002773,2024-04-01,159.96,63.21,5,1.48,accessories,south
ORD-002774,2024-04-01,133.64,33.57,2,2.14,widgets,south
ORD-002775,2024-04-01,166.27,36.85,3,5.91,widgets,north
ORD-002776,2024-04-01,151.83,34.38,5,5.17,gadgets,south
ORD-002777,2024-04-01,165.84,13.96,5,2.75,gadgets,north
ORD-002778,2024-04-01,154.9,68.28,4,3.7,widgets,north
ORD-002779,2024-04-02,251.11,67.73,2,2.2,gadgets,south
ORD-002780,2024-04-02,233.02,87.7,2,2.21,tools,north
ORD-002781,2024-04-02,248.44,70.55,5,1.53,widgets,east
ORD-002782,2024-04-02,250.66,53.13,4,3.41,tools,east
ORD-002783,2024-04-02,246.28,79.13,5,3.17,accessories,south
ORD-002784,2024-04-02,239.1,43.4,2,1.44,accessories,north
ORD-002785,2024-04-02,243.14,30.01,1,2.84,accessories,north
ORD-002786,2024-04-03,427.33,79.32,3,2.86,tools,north
ORD-002787,2024-04-03,432.01,110.45,4,0.89,widgets,east
ORD-002788,2024-04-03,464.54,91.9,4,2.79,gadgets,north
ORD-002789,2024-04-03,445.81,78.32,1,2.01,accessories,west
ORD-002790,2024-04-04,166.27,5.0,4,5.54,tools,north
ORD-002791,2024-04-04,203.73,41.2,4,5.81,tools,west
ORD-002792,2024-04-04,212.6,23.86,4,7.6,gadgets,west
ORD-002793,2024-04-04,194.47,33.64,2,4.23,gadgets,north
ORD-002794,2024-04-04,174.83,40.48,4,3.29,tools,north
ORD-002795,2024-04-04,207.08,40.38,1,1.88,gadgets,west
ORD-002796,2024-04-04,200.76,57.72,2,2.55,accessories,west
ORD-002797,2024-04-04,228.06,33.96,4,2.65,accessories,south
ORD-002798,2024-04-05,259.03,74.33,1,2.38,widgets,south
ORD-002799,2024-04-05,226.44,62.47,2,3.6,tools,south
ORD-002800,2024-04-05,254.16,50.8,2,4.03,tools,north
ORD-002801,2024-04-05,252.03,67.71,5,2.8,accessories,east
ORD-002802,2024-04-05,232.84,58.57,5,1.72,gadgets,west
ORD-002803,2024-04-05,221.2,34.22,3,2.32,tools,west
ORD-002804,2024-04-05,230.98,47.39,4,5.4,widgets,east
ORD-002805,2024-04-06,275.86,57.15,3,3.17,gadgets,east
ORD-002806,2024-04-06,271.85,53.77,4,2.99,accessories,west
ORD-002807,2024-04-06,292.38,91.98,5,2.62,tools,south
ORD-002808,2024-04-06,283.25,49.3,2,2.65,widgets,east
ORD-002809,2024-04-06,309.27,23.09,1,3.03,gadgets,west
ORD-002810,2024-04-06,295.99,65.96,4,2.13,tools,west
ORD-002811,2024-04-07,98.12,51.07,1,4.88,accessories,south
ORD-002812,2024-04-07,103.53,52.81,5,4.52,gadgets,west
ORD-002813,2024-04-07,98.78,53.92,1,1.51,tools,east
ORD-002814,2024-04-07,107.34,51.6,5,1.87,tools,north
ORD-002815,2024-04-07,111.07,31.52,3,2.86,gadgets,north
ORD-002816,2024-04-07,104.52,43.53,2,2.61,accessories,south
ORD-002817,2024-04-07,109.34,5.0,2,2.01,accessories,south
ORD-002818,2024-04-07,109.76,92.68,3,4.25,accessories,east
ORD-002819,2024-04-07,113.16,48.19,5,3.02,gadgets,south
ORD-002820,2024-04-07,140.61,29.18,1,2.62,gadgets,south
ORD-002821,2024-04-07,135.77,37.29,2,1.81,accessories,north
ORD-002822,2024-04-07,123.46,26.88,2,4.9,widgets,west
ORD-002823,2024-04-07,95.75,39.57,2,2.03,widgets,east
ORD-002824,2024-04-07,93.01,39.0,1,2.69,tools,east
ORD-002825,2024-04-07,136.8,12.15,1,3.58,widgets,east
ORD-002826,2024-04-08,271.49,47.34,1,3.93,gadgets,east
ORD-002827,2024-04-08,272.58,73.57,4,3.72,accessories,south
ORD-002828,2024-04-08,263.6,67.21,1,2.96,tools,west
ORD-002829,2024-04-08,245.48,53.45,2,5.57,accessories,south
ORD-002830,2024-04-08,233.55,28.04,1,4.56,tools,north
ORD-002831,2024-04-08,269.39,48.84,2,2.03,gadgets,west
ORD-002832,2024-04-08,263.49,62.47,2,5.34,accessories,west
ORD-002833,2024-04-09,426.12,67.05,3,4.13,accessories,north
ORD-002834,2024-04-09,447.57,113.58,5,2.72,tools,west
ORD-002835,2024-04-09,445.79,43.6,3,4.49,accessories,west
ORD-002836,2024-04-09,454.49,73.45,2,3.53,tools,north
ORD-002837,2024-04-10,203.85,60.26,4,3.54,gadgets,east
ORD-002838,2024-04-10,200.26,25.79,2,2.87,tools,east
ORD-002839,2024-04-10,242.81,35.31,4,3.44,widgets,south
ORD-002840,2024-04-10,196.97,51.61,5,3.39,accessories,west
ORD-002841,2024-04-10,203.52,48.27,5,2.85,gadgets,south
ORD-002842,2024-04-10,235.28,84.92,5,3.4,accessories,north
ORD-002843,2024-04-10,230.24,40.05,3,4.93,tools,east
ORD-002844,2024-04-10,214.23,58.38,2,1.41,tools,west
ORD-002845,2024-04-11,241.05,29.2,5,2.75,gadgets,east
ORD-002846,2024-04-11,253.2,53.74,3,4.4,accessories,west
ORD-002847,2024-04-11,246.06,50.08,2,2.95,accessories,east
ORD-002848,2024-04-11,256.71,51.65,2,3.86,tools,west
ORD-002849,2024-04-11,255.17,75.32,5,3.07,accessories,east
ORD-002850,2024-04-11,237.28,61.02,2,1.65,gadgets,east
ORD-002851,2024-04-11,256.11,71.38,4,3.12,tools,east
ORD-002852,2024-04-12,286.53,59.15,1,2.36,gadgets,north
ORD-002853,2024-04-12,275.32,59.16,2,3.29,tools,south
ORD-002854,2024-04-12,273.77,55.88,4,4.48,gadgets,south
ORD-002855,2024-04-12,249.72,39.57,1,3.33,gadgets,north
ORD-002856,2024-04-12,277.11,58.66,4,4.97,gadgets,south
ORD-002857,2024-04-12,283.73,61.3,4,1.85,gadgets,west
ORD-002858,2024-04-13,199.53,25.54,5,5.43,widgets,west
ORD-002859,2024-04-13,214.24,47.93,5,3.16,accessories,west
ORD-002860,2024-04-13,196.53,8.57,3,2.12,gadgets,west
ORD-002861,2024-04-13,180.67,38.53,2,2.67,tools,east
ORD-002862,2024-04-13,192.09,47.21,5,9.66,gadgets,east
ORD-002863,2024-04-13,206.19,41.06,3,4.61,gadgets,south
ORD-002864,2024-04-13,190.13,25.91,2,2.27,gadgets,south
ORD-002865,2024-04-13,185.2,42.0,3,1.73,tools,east
ORD-002866,2024-04-13,187.49,94.75,5,2.33,tools,east
ORD-002867,2024-04-14,439.29,53.55,4,1.42,accessories,north
ORD-002868,2024-04-14,415.59,55.19,4,3.63,gadgets,south
ORD-002869,2024-04-14,421.85,59.01,5,3.33,gadgets,west
ORD-002870,2024-04-14,430.18,75.31,5,2.77,gadgets,south
ORD-002871,2024-04-15,308.25,51.61,1,6.02,widgets,north
ORD-002872,2024-04-15,308.08,58.75,4,3.35,widgets,east
ORD-002873,2024-04-15,287.87,81.2,1,2.15,tools,north
ORD-002874,2024-04-15,306.43,60.04,2,5.36,accessories,east
ORD-002875,2024-04-15,296.95,75.66,3,3.25,gadgets,south
ORD-002876,2024-04-15,280.98,81.62,4,2.72,accessories,south
ORD-002877,2024-04-16,589.46,97.71,3,2.42,widgets,south
ORD-002878,2024-04-16,575.48,94.38,4,4.52,accessories,west
ORD-002879,2024-04-16,576.79,84.72,4,1.54,tools,west
ORD-002880,2024-04-17,154.37,54.59,5,3.56,accessories,south
ORD-002881,2024-04-17,160.9,27.3,1,4.15,accessories,west
ORD-002882,2024-04-17,158.7,47.19,1,2.14,tools,south
ORD-002883,2024-04-17,173.65,34.9,2,2.94,widgets,west
ORD-002884,2024-04-17,197.14,57.4,1,3.56,accessories,west
ORD-002885,2024-04-17,182.63,8.68,5,3.35,gadgets,south
ORD-002886,2024-04-17,170.52,58.96,2,5.43,tools,east
ORD-002887,2024-04-17,181.26,55.93,3,3.61,widgets,west
ORD-002888,2024-04-17,189.89,36.94,4,1.84,widgets,east
ORD-002889,2024-04-17,193.13,45.51,3,3.23,widgets,north
ORD-002890,2024-04-18,347.07,75.62,2,5.71,accessories,east
ORD-002891,2024-04-18,331.61,14.03,2,4.96,tools,south
ORD-002892,2024-04-18,330.19,70.56,4,3.65,widgets,south
ORD-002893,2024-04-18,347.14,56.13,3,2.59,accessories,east
ORD-002894,2024-04-18,363.02,64.14,3,3.58,gadgets,east
ORD-002895,2024-04-19,168.19,28.78,5,5.75,widgets,north
ORD-002896,2024-04-19,161.83,65.5,1,3.45,accessories,north
ORD-002897,2024-04-19,152.02,41.68,1,2.04,accessories,south
ORD-002898,2024-04-19,178.56,39.2,4,2.56,gadgets,north
ORD-002899,2024-04-19,134.62,41.59,5,3.16,gadgets,west
ORD-002900,2024-04-19,182.66,46.15,1,2.85,gadgets,north
ORD-002901,2024-04-19,149.47,18.45,5,2.84,accessories,west
ORD-002902,2024-04-19,164.52,32.28,5,4.44,gadgets,south
ORD-002903,2024-04-19,175.74,34.74,3,2.38,widgets,east
ORD-002904,2024-04-19,179.67,48.23,2,3.14,widgets,south
ORD-002905,2024-04-19,153.97,60.14,2,3.48,widgets,north
ORD-002906,2024-04-20,171.77,12.08,1,4.01,accessories,south
ORD-002907,2024-04-20,174.13,51.4,1,3.59,tools,north
ORD-002908,2024-04-20,135.98,69.46,2,4.58,accessories,east
ORD-002909,2024-04-20,173.79,19.01,2,2.8,accessories,east
ORD-002910,2024-04-20,170.54,27.41,2,3.5,widgets,north
ORD-002911,2024-04-20,181.41,46.16,5,3.53,widgets,south
ORD-002912,2024-04-20,162.55,52.62,3,3.23,accessories,west
ORD-002913,2024-04-20,192.02,18.47,2,3.13,gadgets,south
ORD-002914,2024-04-20,174.68,58.88,1,1.96,gadgets,north
ORD-002915,2024-04-20,184.63,59.73,5,3.17,widgets,north
ORD-002916,2024-04-21,351.1,60.6,4,1.35,gadgets,west
ORD-002917,2024-04-21,354.34,114.02,2,2.71,tools,west
ORD-002918,2024-04-21,351.13,58.33,1,4.43,gadgets,west
ORD-002919,2024-04-21,363.25,45.64,4,2.57,accessories,south
ORD-002920,2024-04-21,357.43,49.8,2,1.26,tools,east
ORD-002921,2024-04-22,344.33,91.71,3,2.88,accessories,east
ORD-002922,2024-04-22,354.04,83.12,2,3.69,tools,north
ORD-002923,2024-04-22,346.99,88.09,1,3.94,gadgets,east
ORD-002924,2024-04-22,340.85,63.22,1,3.47,tools,west
ORD-002925,2024-04-22,333.94,83.49,1,2.28,widgets,west
ORD-002926,2024-04-23,261.36,61.84,4,3.57,gadgets,west
ORD-002927,2024-04-23,241.72,69.09,5,3.31,widgets,south
ORD-002928,2024-04-23,221.83,52.96,1,1.36,widgets,north
ORD-002929,2024-04-23,242.53,68.88,5,2.09,widgets,south
ORD-002930,2024-04-23,253.42,66.47,1,2.03,widgets,west
ORD-002931,2024-04-23,223.79,38.35,1,3.86,tools,south
ORD-002932,2024-04-23,238.66,79.17,3,1.94,tools,south
ORD-002933,2024-04-24,214.53,79.21,3,2.19,accessories,south
ORD-002934,2024-04-24,203.44,50.99,5,3.94,accessories,west
ORD-002935,2024-04-24,192.08,76.28,1,3.22,accessories,north
ORD-002936,2024-04-24,227.95,40.53,4,3.03,accessories,north
ORD-002937,2024-04-24,198.39,44.04,4,2.99,accessories,north
ORD-002938,2024-04-24,206.05,85.02,1,1.63,tools,east
ORD-002939,2024-04-24,201.05,66.99,2,2.53,widgets,south
ORD-002940,2024-04-24,234.14,37.36,3,4.05,gadgets,north
ORD-002941,2024-04-25,233.44,12.42,5,3.36,tools,east
ORD-002942,2024-04-25,257.68,59.88,4,2.3,tools,north
ORD-002943,2024-04-25,239.28,45.82,3,8.65,gadgets,north
ORD-002944,2024-04-25,251.09,58.44,3,3.54,tools,west
ORD-002945,2024-04-25,248.42,20.1,3,1.63,accessories,west
ORD-002946,2024-04-25,255.47,50.79,4,2.9,widgets,east
ORD-002947,2024-04-25,234.15,58.64,4,4.6,tools,east
ORD-002948,2024-04-26,229.62,51.12,4,1.65,accessories,south
ORD-002949,2024-04-26,213.44,39.85,5,5.86,tools,east
ORD-002950,2024-04-26,198.71,55.79,1,4.52,widgets,north
ORD-002951,2024-04-26,209.6,36.46,4,4.27,tools,south
ORD-002952,2024-04-26,225.82,56.6,3,2.78,gadgets,south
ORD-002953,2024-04-26,207.23,43.14,2,3.17,tools,south
ORD-002954,2024-04-26,224.07,83.24,5,5.12,gadgets,west
ORD-002955,2024-04-26,233.42,55.76,3,2.12,accessories,east
ORD-002956,2024-04-27,409.97,66.67,4,2.74,gadgets,west
ORD-002957,2024-04-27,449.26,81.66,1,2.41,accessories,east
ORD-002958,2024-04-27,453.64,91.01,1,2.19,accessories,north
ORD-002959,2024-04-27,413.27,53.89,1,1.89,widgets,north
ORD-002960,2024-04-28,439.09,61.88,3,3.71,accessories,east
ORD-002961,2024-04-28,433.94,54.74,4,2.77,accessories,north
ORD-002962,2024-04-28,440.25,18.84,5,3.76,widgets,north
ORD-002963,2024-04-28,435.94,40.08,2,6.02,accessories,west
ORD-002964,2024-04-29,442.17,46.26,1,4.97,accessories,east
ORD-002965,2024-04-29,442.17,50.27,4,1.69,accessories,north
ORD-002966,2024-04-29,444.26,73.76,4,3.45,gadgets,east
ORD-002967,2024-04-29,448.0,63.47,1,2.49,gadgets,west
ORD-002968,2024-04-30,364.75,79.82,1,3.26,gadgets,south
ORD-002969,2024-04-30,346.24,45.2,5,4.66,tools,north
ORD-002970,2024-04-30,354.66,73.11,1,1.57,accessories,south
ORD-002971,2024-04-30,344.25,46.78,3,4.48,tools,east
ORD-002972,2024-04-30,363.31,95.36,4,1.23,accessories,south
ORD-002973,2024-05-01,176.02,23.33,2,2.84,tools,east
ORD-002974,2024-05-01,186.99,48.13,1,2.79,gadgets,east
ORD-002975,2024-05-01,216.75,54.67,1,1.83,widgets,south
ORD-002976,2024-05-01,223.29,47.49,1,3.83,accessories,north
ORD-002977,2024-05-01,202.68,26.93,5,2.3,tools,west
ORD-002978,2024-05-01,188.54,47.1,1,1.84,accessories,east
ORD-002979,2024-05-01,231.52,44.47,2,1.58,tools,east
ORD-002980,2024-05-01,213.74,48.68,1,1.73,gadgets,north
ORD-002981,2024-05-01,181.56,38.63,4,5.15,widgets,north
ORD-002982,2024-05-02,352.4,80.17,2,2.06,gadgets,north
ORD-002983,2024-05-02,357.05,71.63,3,3.56,accessories,south
ORD-002984,2024-05-02,346.6,67.38,1,6.65,widgets,west
ORD-002985,2024-05-02,342.58,81.44,2,3.12,gadgets,west
ORD-002986,2024-05-02,356.22,96.74,1,3.88,accessories,north
ORD-002987,2024-05-03,292.66,76.64,2,6.7,accessories,south
ORD-002988,2024-05-03,295.39,83.23,3,2.4,widgets,west
ORD-002989,2024-05-03,285.0,82.26,3,3.46,tools,south
ORD-002990,2024-05-03,290.37,69.42,4,3.34,gadgets,south
ORD-002991,2024-05-03,293.78,62.54,1,1.8,accessories,west
ORD-002992,2024-05-03,286.74,73.3,3,3.37,accessories,south
ORD-002993,2024-05-04,602.56,135.9,3,2.58,widgets,east
ORD-002994,2024-05-04,607.56,95.19,1,3.43,widgets,south
ORD-002995,2024-05-04,578.27,95.36,2,4.11,widgets,south
ORD-002996,2024-05-05,367.2,70.7,4,3.83,gadgets,west
ORD-002997,2024-05-05,368.86,110.61,2,4.56,widgets,north
ORD-002998,2024-05-05,381.84,76.91,4,1.7,accessories,north
ORD-002999,2024-05-05,359.88,71.47,4,4.51,accessories,east
ORD-003000,2024-05-05,344.92,52.95,2,2.8,tools,east
ORD-003001,2024-05-06,254.72,69.79,4,6.21,widgets,east
ORD-003002,2024-05-06,240.45,67.08,3,2.78,widgets,north
ORD-003003,2024-05-06,190.4,64.53,3,1.9,accessories,east
ORD-003004,2024-05-06,212.23,62.65,4,2.09,tools,east
ORD-003005,2024-05-06,217.99,64.92,4,1.99,accessories,west
ORD-003006,2024-05-06,244.46,69.78,2,4.71,gadgets,south
ORD-003007,2024-05-06,230.32,71.01,5,2.59,tools,south
ORD-003008,2024-05-06,231.97,52.46,5,2.12,tools,east
ORD-003009,2024-05-07,348.63,61.86,4,2.97,tools,south
ORD-003010,2024-05-07,384.03,81.53,1,2.58,accessories,west
ORD-003011,2024-05-07,371.53,82.56,3,2.78,widgets,north
ORD-003012,2024-05-07,379.46,97.23,1,3.4,accessories,south
ORD-003013,2024-05-07,367.06,82.9,5,3.75,gadgets,west
ORD-003014,2024-05-08,312.29,24.52,3,3.89,accessories,east
ORD-003015,2024-05-08,317.38,64.58,4,3.42,tools,north
ORD-003016,2024-05-08,289.51,88.35,3,3.9,widgets,east
ORD-003017,2024-05-08,267.33,39.24,5,7.71,accessories,north
ORD-003018,2024-05-08,293.33,54.92,4,3.78,tools,south
ORD-003019,2024-05-08,293.56,66.68,1,3.67,accessories,north
ORD-003020,2024-05-09,190.5,42.06,3,2.9,accessories,east
ORD-003021,2024-05-09,211.36,73.94,4,2.37,gadgets,west
ORD-003022,2024-05-09,185.56,53.46,3,0.96,gadgets,south
ORD-003023,2024-05-09,204.76,47.73,2,4.69,gadgets,north
ORD-003024,2024-05-09,199.55,83.61,2,1.77,gadgets,east
ORD-003025,2024-05-09,204.62,35.8,5,2.42,gadgets,north
ORD-003026,2024-05-09,234.51,66.93,2,3.0,gadgets,west
ORD-003027,2024-05-09,205.74,36.25,1,3.18,tools,south
ORD-003028,2024-05-09,190.46,54.51,5,2.22,widgets,north
ORD-003029,2024-05-10,307.59,69.57,4,3.25,gadgets,east
ORD-003030,2024-05-10,313.49,70.2,2,2.35,tools,west
ORD-003031,2024-05-10,283.64,45.37,1,2.41,widgets,east
ORD-003032,2024-05-10,282.55,56.43,3,2.18,widgets,east
ORD-003033,2024-05-10,309.5,38.21,3,1.5,gadgets,north
ORD-003034,2024-05-10,251.32,39.15,2,3.5,widgets,south
ORD-003035,2024-05-11,406.51,69.62,2,4.3,gadgets,east
ORD-003036,2024-05-11,438.61,90.67,1,3.86,widgets,west
ORD-003037,2024-05-11,452.87,61.83,2,5.0,accessories,east
ORD-003038,2024-05-11,404.05,81.25,2,3.83,accessories,west
ORD-003039,2024-05-12,265.19,59.76,2,2.01,accessories,west
ORD-003040,2024-05-12,256.1,87.12,1,2.21,accessories,north
ORD-003041,2024-05-12,261.2,84.77,2,2.08,gadgets,north
ORD-003042,2024-05-12,263.35,74.32,2,3.06,accessories,east
ORD-003043,2024-05-12,259.89,61.18,5,3.24,accessories,west
ORD-003044,2024-05-12,232.67,32.71,5,2.37,widgets,east
ORD-003045,2024-05-12,241.57,45.51,4,2.04,tools,south
ORD-003046,2024-05-13,184.41,52.47,5,4.27,tools,north
ORD-003047,2024-05-13,173.65,48.75,3,2.57,accessories,north
ORD-003048,2024-05-13,166.71,20.39,1,3.9,widgets,east
ORD-003049,2024-05-13,182.36,82.86,3,2.24,tools,west
ORD-003050,2024-05-13,173.42,52.3,5,2.75,widgets,east
ORD-003051,2024-05-13,183.08,67.31,1,3.44,gadgets,east
ORD-003052,2024-05-13,192.01,42.13,1,1.44,widgets,east
ORD-003053,2024-05-13,150.42,56.27,2,1.89,accessories,west
ORD-003054,2024-05-13,153.65,29.12,1,5.05,widgets,east
ORD-003055,2024-05-13,182.42,46.54,3,3.73,widgets,east
ORD-003056,2024-05-14,263.69,33.73,2,1.99,tools,west
ORD-003057,2024-05-14,273.85,40.7,5,2.15,widgets,east
ORD-003058,2024-05-14,277.5,54.89,1,1.89,accessories,north
ORD-003059,2024-05-14,267.76,52.39,4,2.57,tools,east
ORD-003060,2024-05-14,289.7,54.83,4,3.74,widgets,north
ORD-003061,2024-05-14,255.95,41.3,5,2.2,gadgets,east
ORD-003062,2024-05-14,258.06,63.46,5,3.01,gadgets,south
ORD-003063,2024-05-15,622.83,85.12,2,2.43,widgets,west
ORD-003064,2024-05-15,592.16,95.22,2,4.12,gadgets,north
ORD-003065,2024-05-15,600.82,98.44,4,2.63,gadgets,south
ORD-003066,2024-05-16,366.06,59.38,1,3.17,accessories,east
ORD-003067,2024-05-16,372.13,46.15,1,2.46,tools,east
ORD-003068,2024-05-16,340.13,31.58,3,4.95,accessories,west
ORD-003069,2024-05-16,336.63,74.37,1,1.85,tools,north
ORD-003070,2024-05-16,363.9,74.99,5,5.39,widgets,east
ORD-003071,2024-05-17,573.81,83.84,4,3.92,widgets,west
ORD-003072,2024-05-17,579.5,76.78,2,6.04,gadgets,south
ORD-003073,2024-05-17,581.11,97.57,1,1.45,widgets,south
ORD-003074,2024-05-18,604.35,123.22,5,2.74,accessories,south
ORD-003075,2024-05-18,597.72,94.24,1,1.75,tools,south
ORD-003076,2024-05-18,599.32,84.4,3,5.14,widgets,west
ORD-003077,2024-05-19,311.62,64.4,2,2.63,gadgets,east
ORD-003078,2024-05-19,295.3,38.8,2,2.36,accessories,north
ORD-003079,2024-05-19,324.05,62.16,3,3.81,tools,north
ORD-003080,2024-05-19,314.73,37.62,5,3.97,widgets,east
ORD-003081,2024-05-19,283.1,67.41,4,3.16,tools,north
ORD-003082,2024-05-19,313.69,90.37,1,3.34,widgets,east
ORD-003083,2024-05-20,188.4,42.97,4,1.46,accessories,west
ORD-003084,2024-05-20,198.63,46.34,5,4.09,accessories,west
ORD-003085,2024-05-20,170.7,57.99,2,1.33,accessories,west
ORD-003086,2024-05-20,189.64,74.01,3,1.62,accessories,north
ORD-003087,2024-05-20,196.53,31.21,5,3.96,accessories,east
ORD-003088,2024-05-20,164.51,55.28,2,2.01,gadgets,east
ORD-003089,2024-05-20,197.36,63.13,4,2.44,accessories,south
ORD-003090,2024-05-20,167.58,11.94,3,1.11,widgets,east
ORD-003091,2024-05-20,163.86,55.81,4,1.46,widgets,north
ORD-003092,2024-05-20,205.52,43.14,5,3.58,widgets,north
ORD-003093,2024-05-21,317.64,64.15,1,3.53,accessories,south
ORD-003094,2024-05-21,304.4,57.38,3,3.07,tools,east
ORD-003095,2024-05-21,295.11,84.03,2,3.67,gadgets,north
ORD-003096,2024-05-21,311.04,52.48,3,2.47,widgets,south
ORD-003097,2024-05-21,315.78,82.48,2,3.66,widgets,east
ORD-003098,2024-05-21,305.58,50.34,3,5.09,tools,east
ORD-003099,2024-05-22,450.67,69.02,1,1.9,gadgets,south
ORD-003100,2024-05-22,452.87,85.86,5,1.35,widgets,north
ORD-003101,2024-05-22,455.26,40.63,1,2.57,widgets,south
ORD-003102,2024-05-22,455.79,68.32,5,1.73,gadgets,north
ORD-003103,2024-05-23,436.67,82.15,3,3.02,tools,south
ORD-003104,2024-05-23,458.19,81.09,4,5.91,tools,north
ORD-003105,2024-05-23,454.48,59.28,3,3.4,widgets,south
ORD-003106,2024-05-23,465.71,70.58,1,3.33,gadgets,north
ORD-003107,2024-05-24,908.81,134.53,1,4.33,gadgets,south
ORD-003108,2024-05-24,911.41,130.49,5,3.55,gadgets,south
ORD-003109,2024-05-25,289.88,44.86,4,4.1,gadgets,north
ORD-003110,2024-05-25,315.57,44.4,5,2.99,gadgets,south
ORD-003111,2024-05-25,308.09,36.23,5,1.62,accessories,south
ORD-003112,2024-05-25,297.62,51.44,5,1.62,tools,north
ORD-003113,2024-05-25,294.55,39.63,3,1.83,tools,west
ORD-003114,2024-05-25,288.48,45.17,4,3.51,tools,south
ORD-003115,2024-05-26,381.44,62.73,5,2.81,gadgets,north
ORD-003116,2024-05-26,363.76,64.45,4,3.69,accessories,south
ORD-003117,2024-05-26,358.85,61.79,2,5.06,gadgets,east
ORD-003118,2024-05-26,372.35,58.77,1,3.23,tools,north
ORD-003119,2024-05-26,362.63,101.95,2,1.52,tools,west
ORD-003120,2024-05-27,160.64,67.86,1,1.99,tools,east
ORD-003121,2024-05-27,201.82,50.04,1,2.13,tools,west
ORD-003122,2024-05-27,166.38,52.33,2,2.95,gadgets,east
ORD-003123,2024-05-27,197.52,53.33,2,2.8,widgets,west
ORD-003124,2024-05-27,209.26,72.28,1,4.55,gadgets,west
ORD-003125,2024-05-27,183.11,51.16,4,1.88,widgets,south
ORD-003126,2024-05-27,215.53,33.03,4,2.25,accessories,south
ORD-003127,2024-05-27,176.13,44.84,1,3.72,accessories,west
ORD-003128,2024-05-27,188.07,50.26,3,7.91,gadgets,east
ORD-003129,2024-05-27,198.3,61.85,3,2.22,widgets,east
ORD-003130,2024-05-28,272.26,70.41,4,2.2,tools,north
ORD-003131,2024-05-28,272.21,52.91,5,2.28,widgets,north
ORD-003132,2024-05-28,276.94,54.82,3,1.59,tools,south
ORD-003133,2024-05-28,252.11,64.84,4,1.76,accessories,east
ORD-003134,2024-05-28,262.99,73.71,3,3.06,tools,south
ORD-003135,2024-05-28,270.84,36.88,1,3.63,tools,north
ORD-003136,2024-05-28,274.41,26.14,1,1.25,accessories,west
ORD-003137,2024-05-29,447.18,87.97,1,1.81,gadgets,south
ORD-003138,2024-05-29,438.45,61.13,2,2.52,accessories,north
ORD-003139,2024-05-29,458.21,43.45,2,4.25,widgets,east
ORD-003140,2024-05-29,465.23,86.06,1,2.99,gadgets,east
ORD-003141,2024-05-30,364.0,72.62,4,2.91,gadgets,south
ORD-003142,2024-05-30,385.26,38.03,2,6.1,tools,east
ORD-003143,2024-05-30,353.99,69.38,5,4.1,widgets,south
ORD-003144,2024-05-30,345.29,77.88,4,1.66,tools,south
ORD-003145,2024-05-30,351.61,52.6,5,4.65,gadgets,east
ORD-003146,2024-05-31,232.54,74.74,1,1.97,widgets,south
ORD-003147,2024-05-31,239.89,76.95,5,4.02,widgets,east
ORD-003148,2024-05-31,218.12,65.95,1,2.86,tools,south
ORD-003149,2024-05-31,230.74,61.45,2,4.4,accessories,north
ORD-003150,2024-05-31,237.84,47.63,2,2.21,gadgets,north
ORD-003151,2024-05-31,238.0,95.39,1,5.3,widgets,north
ORD-003152,2024-05-31,222.28,45.5,2,1.82,accessories,north
ORD-003153,2024-05-31,197.2,77.56,2,3.41,tools,south
ORD-003154,2024-06-01,254.12,55.36,1,2.02,tools,north
ORD-003155,2024-06-01,256.66,64.82,1,3.15,widgets,north
ORD-003156,2024-06-01,257.97,58.29,1,1.93,gadgets,north
ORD-003157,2024-06-01,263.44,50.5,3,3.48,gadgets,north
ORD-003158,2024-06-01,248.99,26.11,5,2.87,accessories,south
ORD-003159,2024-06-01,273.27,45.05,2,1.76,gadgets,south
ORD-003160,2024-06-01,267.29,79.16,4,3.04,tools,north
ORD-003161,2024-06-02,366.6,81.93,2,3.68,widgets,east
ORD-003162,2024-06-02,368.18,43.99,5,3.97,tools,north
ORD-003163,2024-06-02,378.39,41.32,2,1.88,tools,west
ORD-003164,2024-06-02,361.29,69.67,1,1.74,accessories,north
ORD-003165,2024-06-02,392.46,54.69,1,1.41,accessories,west
ORD-003166,2024-06-03,654.38,99.95,5,3.03,widgets,east
ORD-003167,2024-06-03,603.49,109.34,1,4.27,tools,north
ORD-003168,2024-06-03,607.12,90.86,4,1.8,tools,east
ORD-003169,2024-06-04,952.48,125.22,3,1.79,accessories,west
ORD-003170,2024-06-04,952.78,132.5,1,3.13,tools,south
ORD-003171,2024-06-05,272.09,110.41,4,3.38,tools,south
ORD-003172,2024-06-05,282.03,63.29,4,1.44,accessories,east
ORD-003173,2024-06-05,245.38,35.66,4,2.04,widgets,north
ORD-003174,2024-06-05,270.19,90.18,3,1.78,tools,north
ORD-003175,2024-06-05,254.02,61.35,3,4.32,gadgets,east
ORD-003176,2024-06-05,231.35,44.88,5,4.16,tools,east
ORD-003177,2024-06-05,272.08,49.47,4,3.43,accessories,north
ORD-003178,2024-06-06,284.97,63.66,5,4.63,widgets,north
ORD-003179,2024-06-06,252.53,69.92,1,2.11,gadgets,west
ORD-003180,2024-06-06,257.58,42.01,5,2.83,tools,east
ORD-003181,2024-06-06,245.58,70.03,2,4.16,widgets,north
ORD-003182,2024-06-06,262.04,31.61,3,4.67,gadgets,north
ORD-003183,2024-06-06,247.65,73.37,4,1.61,tools,south
ORD-003184,2024-06-06,264.99,54.35,3,2.23,gadgets,north
ORD-003185,2024-06-07,187.86,34.5,3,2.67,widgets,south
ORD-003186,2024-06-07,212.85,36.99,4,3.72,widgets,east
ORD-003187,2024-06-07,213.68,74.47,3,2.02,accessories,east
ORD-003188,2024-06-07,205.41,46.4,3,1.91,widgets,west
ORD-003189,2024-06-07,230.37,51.99,2,4.82,gadgets,south
ORD-003190,2024-06-07,204.97,41.86,2,1.42,accessories,north
ORD-003191,2024-06-07,220.19,64.22,3,1.69,gadgets,south
ORD-003192,2024-06-07,221.76,77.64,4,1.63,tools,west
ORD-003193,2024-06-07,203.57,89.55,4,1.94,accessories,east
ORD-003194,2024-06-08,460.51,76.01,1,4.35,accessories,south
ORD-003195,2024-06-08,444.24,76.11,1,2.89,gadgets,west
ORD-003196,2024-06-08,459.12,72.57,1,6.14,tools,west
ORD-003197,2024-06-08,454.93,93.71,5,3.78,widgets,west
ORD-003198,2024-06-09,172.17,51.94,1,5.45,accessories,west
ORD-003199,2024-06-09,196.06,57.76,5,3.79,accessories,north
ORD-003200,2024-06-09,183.4,49.49,1,2.61,accessories,south
ORD-003201,2024-06-09,170.63,40.18,1,3.69,widgets,west
ORD-003202,2024-06-09,207.2,33.47,2,2.03,widgets,south
ORD-003203,2024-06-09,185.82,28.41,3,3.22,gadgets,west
ORD-003204,2024-06-09,197.81,27.58,1,3.43,tools,west
ORD-003205,2024-06-09,208.4,50.12,3,2.13,tools,north
ORD-003206,2024-06-09,164.0,37.78,3,4.66,tools,south
ORD-003207,2024-06-09,178.46,23.78,5,3.89,accessories,east
ORD-003208,2024-06-10,398.94,70.02,4,4.52,accessories,west
ORD-003209,2024-06-10,350.0,73.55,2,1.69,gadgets,west
ORD-003210,2024-06-10,397.66,72.75,2,2.07,widgets,south
ORD-003211,2024-06-10,397.8,67.54,4,3.04,tools,north
ORD-003212,2024-06-10,385.21,91.42,2,3.31,tools,north
ORD-003213,2024-06-11,471.51,83.69,4,3.3,tools,east
ORD-003214,2024-06-11,457.15,84.21,5,3.81,gadgets,west
ORD-003215,2024-06-11,459.31,67.75,3,2.54,widgets,east
ORD-003216,2024-06-11,465.64,72.29,3,3.84,accessories,south
ORD-003217,2024-06-12,165.33,36.24,5,2.96,tools,west
ORD-003218,2024-06-12,158.67,41.63,1,2.14,gadgets,east
ORD-003219,2024-06-12,161.79,92.02,2,2.41,accessories,east
ORD-003220,2024-06-12,180.26,27.27,2,2.38,widgets,north
ORD-003221,2024-06-12,186.0,64.19,5,1.12,tools,south
ORD-003222,2024-06-12,150.87,75.3,5,4.53,widgets,south
ORD-003223,2024-06-12,176.96,29.48,3,5.93,widgets,north
ORD-003224,2024-06-12,187.58,41.78,1,6.36,gadgets,south
ORD-003225,2024-06-12,179.33,98.72,3,3.35,widgets,north
ORD-003226,2024-06-12,171.88,37.86,2,2.08,gadgets,west
ORD-003227,2024-06-12,163.97,48.18,4,4.84,gadgets,north
ORD-003228,2024-06-13,462.71,53.18,3,2.23,tools,south
ORD-003229,2024-06-13,472.26,90.09,1,1.29,gadgets,west
ORD-003230,2024-06-13,428.23,61.1,3,4.06,gadgets,north
ORD-003231,2024-06-13,474.02,63.14,5,2.15,gadgets,south
ORD-003232,2024-06-14,627.15,87.46,1,1.94,accessories,north
ORD-003233,2024-06-14,601.89,88.35,4,5.54,gadgets,south
ORD-003234,2024-06-14,619.47,64.08,5,1.78,tools,west
ORD-003235,2024-06-15,314.03,93.96,2,4.13,widgets,north
ORD-003236,2024-06-15,335.62,76.74,3,2.56,widgets,west
ORD-003237,2024-06-15,309.72,77.51,5,1.94,tools,south
ORD-003238,2024-06-15,300.21,67.41,5,3.6,widgets,east
ORD-003239,2024-06-15,307.16,58.45,2,3.07,gadgets,west
ORD-003240,2024-06-15,323.18,82.27,2,1.68,tools,west
ORD-003241,2024-06-16,1864.48,222.49,4,1.63,widgets,south
ORD-003242,2024-06-17,337.3,52.8,3,3.89,widgets,north
ORD-003243,2024-06-17,331.06,45.97,3,2.42,gadgets,south
ORD-003244,2024-06-17,351.31,7.36,1,2.96,widgets,south
ORD-003245,2024-06-17,303.18,76.65,1,3.07,tools,north
ORD-003246,2024-06-17,326.78,53.5,5,1.49,accessories,north
ORD-003247,2024-06-17,292.97,60.61,1,2.62,gadgets,west
ORD-003248,2024-06-18,252.69,72.64,1,2.51,accessories,west
ORD-003249,2024-06-18,246.43,72.87,2,3.19,gadgets,south
ORD-003250,2024-06-18,246.05,53.63,1,2.95,tools,south
ORD-003251,2024-06-18,251.98,50.24,1,7.94,tools,west
ORD-003252,2024-06-18,235.15,40.59,2,3.74,accessories,south
ORD-003253,2024-06-18,241.76,45.5,5,3.41,gadgets,north
ORD-003254,2024-06-18,268.56,78.62,3,1.71,tools,north
ORD-003255,2024-06-18,264.02,57.83,4,3.69,gadgets,south
ORD-003256,2024-06-19,389.78,123.36,3,2.64,gadgets,east
ORD-003257,2024-06-19,365.27,49.26,4,2.71,accessories,east
ORD-003258,2024-06-19,371.68,26.66,3,2.45,accessories,west
ORD-003259,2024-06-19,396.78,34.47,5,3.37,widgets,east
ORD-003260,2024-06-19,399.59,84.56,2,2.3,gadgets,south
ORD-003261,2024-06-20,380.73,46.16,1,2.1,accessories,west
ORD-003262,2024-06-20,370.74,94.56,5,5.46,widgets,west
ORD-003263,2024-06-20,382.29,52.14,4,3.47,accessories,south
ORD-003264,2024-06-20,368.37,68.77,3,2.2,gadgets,east
ORD-003265,2024-06-20,380.56,61.69,1,2.83,accessories,west
ORD-003266,2024-06-21,234.31,52.92,5,3.57,gadgets,west
ORD-003267,2024-06-21,214.94,26.1,1,3.47,accessories,east
ORD-003268,2024-06-21,221.86,62.09,3,2.53,widgets,east
ORD-003269,2024-06-21,245.75,68.29,5,1.6,gadgets,west
ORD-003270,2024-06-21,256.41,85.27,2,4.28,accessories,east
ORD-003271,2024-06-21,245.47,31.15,2,4.03,widgets,north
ORD-003272,2024-06-21,225.38,29.02,4,2.97,widgets,east
ORD-003273,2024-06-21,229.84,43.26,3,2.67,widgets,west
ORD-003274,2024-06-22,265.97,65.66,1,2.51,accessories,north
ORD-003275,2024-06-22,249.13,45.64,5,2.55,accessories,east
ORD-003276,2024-06-22,262.66,77.49,2,4.2,widgets,east
ORD-003277,2024-06-22,263.07,49.99,4,2.03,accessories,west
ORD-003278,2024-06-22,260.75,72.3,5,1.85,widgets,west
ORD-003279,2024-06-22,254.84,58.78,4,4.81,accessories,east
ORD-003280,2024-06-22,269.1,82.43,5,2.06,gadgets,west
ORD-003281,2024-06-23,384.64,63.6,5,1.46,gadgets,east
ORD-003282,2024-06-23,395.86,70.34,5,2.31,tools,south
ORD-003283,2024-06-23,373.44,111.15,2,1.73,widgets,west
ORD-003284,2024-06-23,364.86,56.8,1,3.07,gadgets,west
ORD-003285,2024-06-23,386.37,79.67,1,3.92,accessories,north
ORD-003286,2024-06-24,339.4,25.94,5,3.27,tools,east
ORD-003287,2024-06-24,307.52,45.51,1,2.62,tools,west
ORD-003288,2024-06-24,331.73,76.83,4,2.38,tools,east
ORD-003289,2024-06-24,305.67,84.62,3,4.66,widgets,west
ORD-003290,2024-06-24,306.13,66.24,5,2.07,gadgets,west
ORD-003291,2024-06-24,305.46,60.79,1,3.25,widgets,west
ORD-003292,2024-06-25,1929.76,227.0,3,3.71,gadgets,north
ORD-003293,2024-06-26,271.35,42.06,4,1.44,gadgets,north
ORD-003294,2024-06-26,271.38,39.27,4,3.52,widgets,south
ORD-003295,2024-06-26,287.74,56.35,2,3.1,accessories,west
ORD-003296,2024-06-26,287.01,38.9,4,2.35,gadgets,north
ORD-003297,2024-06-26,276.42,66.29,1,5.13,widgets,south
ORD-003298,2024-06-26,241.93,56.26,4,3.54,accessories,north
ORD-003299,2024-06-26,277.86,73.16,5,1.68,widgets,east
ORD-003300,2024-06-27,239.57,48.2,5,3.49,accessories,south
ORD-003301,2024-06-27,228.53,49.0,2,2.8,accessories,south
ORD-003302,2024-06-27,227.42,41.75,4,2.51,accessories,west
ORD-003303,2024-06-27,227.62,31.37,4,1.59,tools,west
ORD-003304,2024-06-27,230.96,52.84,3,2.58,tools,north
ORD-003305,2024-06-27,238.1,32.38,3,1.92,tools,south
ORD-003306,2024-06-27,254.63,80.1,4,5.82,gadgets,north
ORD-003307,2024-06-27,248.58,44.54,2,1.1,tools,east
ORD-003308,2024-06-28,357.61,77.05,4,2.89,widgets,north
ORD-003309,2024-06-28,372.13,94.72,2,3.1,gadgets,east
ORD-003310,2024-06-28,375.75,67.21,3,2.57,accessories,east
ORD-003311,2024-06-28,368.72,85.26,4,4.79,widgets,south
ORD-003312,2024-06-28,349.07,109.4,5,3.46,accessories,east
ORD-003313,2024-06-29,269.96,42.84,5,2.69,widgets,west
ORD-003314,2024-06-29,276.79,49.0,2,3.22,widgets,north
ORD-003315,2024-06-29,278.07,77.61,2,4.18,tools,north
ORD-003316,2024-06-29,294.76,81.5,3,5.22,gadgets,north
ORD-003317,2024-06-29,294.52,72.78,3,1.17,gadgets,north
ORD-003318,2024-06-29,281.15,83.08,3,3.06,gadgets,east
ORD-003319,2024-06-29,248.65,69.96,4,2.86,accessories,east
ORD-003320,2024-06-30,336.77,99.72,1,2.86,gadgets,north
ORD-003321,2024-06-30,305.93,69.8,2,2.39,accessories,west
ORD-003322,2024-06-30,325.86,66.56,5,2.69,tools,north
ORD-003323,2024-06-30,319.04,71.77,2,3.01,gadgets,east
ORD-003324,2024-06-30,356.03,15.03,3,1.91,gadgets,south
ORD-003325,2024-06-30,322.89,91.19,3,1.86,accessories,south
ORD-003326,2024-07-01,501.21,66.71,3,2.45,gadgets,west
ORD-003327,2024-07-01,492.78,105.29,5,2.49,gadgets,north
ORD-003328,2024-07-01,481.95,83.03,1,2.2,tools,north
ORD-003329,2024-07-01,488.1,68.95,3,4.47,gadgets,west
ORD-003330,2024-07-02,325.28,83.38,4,1.73,widgets,west
ORD-003331,2024-07-02,305.61,54.84,1,2.73,gadgets,south
ORD-003332,2024-07-02,307.03,60.86,1,4.95,widgets,west
ORD-003333,2024-07-02,364.67,98.73,3,1.77,gadgets,north
ORD-003334,2024-07-02,327.68,73.57,4,1.51,tools,east
ORD-003335,2024-07-02,319.36,51.08,5,3.54,gadgets,east
ORD-003336,2024-07-03,510.07,62.72,3,3.18,tools,east
ORD-003337,2024-07-03,514.01,131.87,1,1.87,widgets,west
ORD-003338,2024-07-03,485.86,81.49,5,2.49,accessories,west
ORD-003339,2024-07-03,479.47,106.39,4,2.63,widgets,north
ORD-003340,2024-07-04,252.75,78.95,5,1.63,gadgets,west
ORD-003341,2024-07-04,286.76,52.0,2,2.19,tools,north
ORD-003342,2024-07-04,263.49,7.71,4,4.47,tools,west
ORD-003343,2024-07-04,229.51,60.17,1,1.28,tools,west
ORD-003344,2024-07-04,274.04,68.06,4,6.2,widgets,east
ORD-003345,2024-07-04,289.73,77.36,4,3.76,accessories,west
ORD-003346,2024-07-04,255.76,91.27,2,3.62,tools,west
ORD-003347,2024-07-05,235.11,63.8,1,2.86,tools,west
ORD-003348,2024-07-05,226.02,46.51,2,3.14,widgets,east
ORD-003349,2024-07-05,264.68,38.36,3,2.55,widgets,east
ORD-003350,2024-07-05,222.6,82.39,1,2.4,tools,west
ORD-003351,2024-07-05,247.38,59.06,5,3.13,gadgets,west
ORD-003352,2024-07-05,231.66,52.34,2,2.99,accessories,east
ORD-003353,2024-07-05,255.21,66.47,2,2.05,widgets,south
ORD-003354,2024-07-05,242.79,57.99,3,3.87,widgets,east
ORD-003355,2024-07-06,335.63,71.66,5,4.58,widgets,north
ORD-003356,2024-07-06,333.32,79.53,1,2.17,tools,east
ORD-003357,2024-07-06,313.0,66.1,1,1.28,accessories,west
ORD-003358,2024-07-06,333.4,57.43,3,2.83,tools,east
ORD-003359,2024-07-06,300.3,94.45,3,4.83,gadgets,east
ORD-003360,2024-07-06,302.07,62.4,4,1.72,gadgets,west
ORD-003361,2024-07-07,480.18,86.07,2,5.27,widgets,south
ORD-003362,2024-07-07,496.78,85.1,1,2.21,accessories,south
ORD-003363,2024-07-07,480.46,78.55,3,5.05,widgets,north
ORD-003364,2024-07-07,462.54,93.38,2,4.34,gadgets,west
ORD-003365,2024-07-08,233.16,59.9,2,3.94,accessories,east
ORD-003366,2024-07-08,207.45,55.02,4,2.53,tools,south
ORD-003367,2024-07-08,217.81,50.45,2,1.53,accessories,north
ORD-003368,2024-07-08,225.62,40.35,4,4.76,widgets,south
ORD-003369,2024-07-08,197.12,50.52,1,3.98,gadgets,east
ORD-003370,2024-07-08,204.47,61.44,3,7.32,gadgets,south
ORD-003371,2024-07-08,212.29,53.88,4,3.92,widgets,north
ORD-003372,2024-07-08,199.02,66.83,2,2.69,widgets,north
ORD-003373,2024-07-08,176.59,46.26,2,2.21,tools,north
ORD-003374,2024-07-09,267.15,95.39,4,2.66,widgets,west
ORD-003375,2024-07-09,230.54,20.2,1,3.83,gadgets,west
ORD-003376,2024-07-09,257.77,50.63,4,3.15,tools,west
ORD-003377,2024-07-09,244.05,76.44,1,4.75,gadgets,east
ORD-003378,2024-07-09,232.16,33.16,5,1.76,tools,east
ORD-003379,2024-07-09,226.93,72.98,3,3.01,gadgets,west
ORD-003380,2024-07-09,268.31,55.38,2,2.95,widgets,north
ORD-003381,2024-07-09,249.41,56.04,1,3.37,accessories,south
ORD-003382,2024-07-10,399.83,76.84,4,2.14,accessories,east
ORD-003383,2024-07-10,390.86,73.74,2,3.42,widgets,south
ORD-003384,2024-07-10,394.45,97.82,1,2.58,accessories,south
ORD-003385,2024-07-10,374.36,87.82,5,3.61,widgets,south
ORD-003386,2024-07-10,398.03,84.32,2,5.42,widgets,east
ORD-003387,2024-07-11,470.71,82.0,5,2.6,widgets,east
ORD-003388,2024-07-11,487.86,94.57,5,3.85,tools,north
ORD-003389,2024-07-11,499.86,73.22,3,1.78,tools,south
ORD-003390,2024-07-11,479.9,111.74,5,3.47,gadgets,west
ORD-003391,2024-07-12,495.4,94.96,5,2.67,tools,south
ORD-003392,2024-07-12,498.02,75.16,5,3.49,gadgets,west
ORD-003393,2024-07-12,459.33,64.72,5,2.16,accessories,south
ORD-003394,2024-07-12,460.62,51.4,2,2.72,gadgets,west
ORD-003395,2024-07-13,384.32,34.54,3,3.54,widgets,west
ORD-003396,2024-07-13,388.04,76.91,1,1.92,gadgets,south
ORD-003397,2024-07-13,372.18,58.61,3,2.49,tools,east
ORD-003398,2024-07-13,367.55,57.49,2,1.88,widgets,south
ORD-003399,2024-07-13,375.42,64.63,5,5.98,tools,south
ORD-003400,2024-07-14,308.22,49.53,2,4.17,tools,south
ORD-003401,2024-07-14,283.49,84.38,3,3.54,gadgets,north
ORD-003402,2024-07-14,281.53,62.65,3,5.44,tools,south
ORD-003403,2024-07-14,299.02,65.2,2,3.27,widgets,south
ORD-003404,2024-07-14,305.85,27.16,5,2.76,tools,west
ORD-003405,2024-07-14,256.82,38.19,2,2.46,tools,north
ORD-003406,2024-07-14,298.6,41.29,3,2.63,gadgets,east
ORD-003407,2024-07-15,485.48,100.89,5,2.86,accessories,north
ORD-003408,2024-07-15,521.72,70.82,3,3.92,gadgets,south
ORD-003409,2024-07-15,519.76,67.5,1,2.41,gadgets,north
ORD-003410,2024-07-15,516.72,106.76,1,1.58,accessories,south
ORD-003411,2024-07-16,515.57,95.0,5,5.73,tools,north
ORD-003412,2024-07-16,513.53,69.06,2,2.64,gadgets,east
ORD-003413,2024-07-16,461.51,56.4,5,3.47,gadgets,west
ORD-003414,2024-07-16,465.14,57.42,2,1.87,gadgets,south
ORD-003415,2024-07-17,395.51,60.14,3,2.11,tools,south
ORD-003416,2024-07-17,407.84,98.34,3,2.71,accessories,west
ORD-003417,2024-07-17,392.71,79.97,3,3.9,accessories,south
ORD-003418,2024-07-17,377.38,100.26,4,1.99,gadgets,west
ORD-003419,2024-07-17,379.68,108.01,4,2.6,accessories,east
ORD-003420,2024-07-18,325.26,55.39,1,2.65,tools,west
ORD-003421,2024-07-18,336.92,68.55,4,3.96,tools,west
ORD-003422,2024-07-18,317.64,57.52,5,2.87,accessories,west
ORD-003423,2024-07-18,335.71,102.94,5,4.53,widgets,west
ORD-003424,2024-07-18,356.23,68.14,2,2.98,widgets,north
ORD-003425,2024-07-18,345.95,44.63,1,3.42,widgets,south
ORD-003426,2024-07-19,212.3,58.07,4,1.98,accessories,east
ORD-003427,2024-07-19,208.84,16.22,5,2.09,gadgets,east
ORD-003428,2024-07-19,203.11,72.97,3,1.9,tools,south
ORD-003429,2024-07-19,227.78,46.08,4,3.53,gadgets,west
ORD-003430,2024-07-19,217.8,68.55,3,3.3,widgets,east
ORD-003431,2024-07-19,215.56,64.58,3,5.33,tools,west
ORD-003432,2024-07-19,208.11,34.43,4,1.86,gadgets,south
ORD-003433,2024-07-19,216.68,39.57,2,3.15,gadgets,south
ORD-003434,2024-07-19,214.04,41.68,2,3.01,tools,north
ORD-003435,2024-07-20,326.22,59.77,5,2.66,widgets,south
ORD-003436,2024-07-20,338.0,35.16,1,2.84,gadgets,north
ORD-003437,2024-07-20,320.83,71.89,5,3.31,gadgets,south
ORD-003438,2024-07-20,338.52,50.93,1,3.93,widgets,east
ORD-003439,2024-07-20,342.44,59.27,4,3.14,widgets,west
ORD-003440,2024-07-20,325.13,63.85,3,2.94,accessories,west
ORD-003441,2024-07-21,321.61,47.64,3,1.22,accessories,east
ORD-003442,2024-07-21,330.98,75.0,2,8.04,accessories,east
ORD-003443,2024-07-21,332.75,55.51,2,3.93,accessories,north
ORD-003444,2024-07-21,318.03,84.86,3,2.87,gadgets,north
ORD-003445,2024-07-21,320.86,91.81,3,3.73,gadgets,east
ORD-003446,2024-07-21,296.84,53.8,5,2.19,tools,south
ORD-003447,2024-07-22,341.17,68.91,3,5.08,widgets,south
ORD-003448,2024-07-22,330.6,44.42,2,3.64,gadgets,north
ORD-003449,2024-07-22,332.66,34.85,2,2.06,tools,west
ORD-003450,2024-07-22,313.15,62.18,1,4.41,accessories,south
ORD-003451,2024-07-22,322.78,58.85,3,8.86,tools,west
ORD-003452,2024-07-22,352.29,6.33,1,4.52,widgets,north
ORD-003453,2024-07-23,189.66,31.59,5,3.1,widgets,east
ORD-003454,2024-07-23,189.72,75.37,3,1.66,widgets,east
ORD-003455,2024-07-23,182.4,83.3,3,2.85,accessories,west
ORD-003456,2024-07-23,175.17,42.36,1,2.1,tools,south
ORD-003457,2024-07-23,184.75,81.57,3,4.62,accessories,north
ORD-003458,2024-07-23,165.39,45.54,2,4.37,tools,south
ORD-003459,2024-07-23,190.5,24.29,1,4.26,gadgets,east
ORD-003460,2024-07-23,164.43,42.31,1,2.93,accessories,north
ORD-003461,2024-07-23,188.59,42.09,5,3.94,tools,west
ORD-003462,2024-07-23,186.03,54.9,3,4.38,widgets,west
ORD-003463,2024-07-23,180.89,22.21,5,3.71,gadgets,south
ORD-003464,2024-07-24,328.38,28.28,1,4.99,gadgets,south
ORD-003465,2024-07-24,334.7,53.64,3,5.65,gadgets,north
ORD-003466,2024-07-24,339.6,96.08,4,2.14,tools,south
ORD-003467,2024-07-24,325.04,80.52,1,3.49,accessories,east
ORD-003468,2024-07-24,318.91,57.31,1,7.45,tools,south
ORD-003469,2024-07-24,346.25,57.02,2,3.01,accessories,north
ORD-003470,2024-07-25,233.27,44.38,4,2.94,accessories,south
ORD-003471,2024-07-25,240.8,63.48,1,2.05,gadgets,south
ORD-003472,2024-07-25,239.39,53.06,4,2.93,widgets,west
ORD-003473,2024-07-25,243.5,65.61,1,2.86,gadgets,east
ORD-003474,2024-07-25,237.96,41.03,5,2.08,accessories,south
ORD-003475,2024-07-25,246.95,40.48,5,4.09,gadgets,south
ORD-003476,2024-07-25,253.67,50.35,1,2.02,gadgets,west
ORD-003477,2024-07-25,235.12,73.2,5,2.71,gadgets,south
ORD-003478,2024-07-26,217.56,68.35,4,3.22,gadgets,south
ORD-003479,2024-07-26,187.97,52.04,3,1.65,gadgets,south
ORD-003480,2024-07-26,218.48,55.9,1,5.32,tools,north
ORD-003481,2024-07-26,210.97,52.51,5,1.27,gadgets,west
ORD-003482,2024-07-26,199.53,62.63,3,2.11,tools,south
ORD-003483,2024-07-26,211.64,40.49,4,1.45,widgets,north
ORD-003484,2024-07-26,207.61,72.81,5,6.27,widgets,west
ORD-003485,2024-07-26,212.99,70.43,5,2.43,accessories,south
ORD-003486,2024-07-26,190.76,53.15,5,2.32,widgets,west
ORD-003487,2024-07-27,419.95,69.25,4,1.89,gadgets,east
ORD-003488,2024-07-27,395.28,71.82,2,6.9,gadgets,north
ORD-003489,2024-07-27,384.64,73.12,5,3.72,tools,north
ORD-003490,2024-07-27,429.71,87.42,3,2.68,gadgets,north
ORD-003491,2024-07-27,403.47,70.59,3,3.22,widgets,north
ORD-003492,2024-07-28,188.48,27.8,5,3.03,gadgets,north
ORD-003493,2024-07-28,226.61,40.86,2,3.29,widgets,east
ORD-003494,2024-07-28,207.04,53.54,3,2.78,accessories,north
ORD-003495,2024-07-28,200.51,62.96,3,2.47,tools,west
ORD-003496,2024-07-28,205.95,39.47,1,4.44,widgets,east
ORD-003497,2024-07-28,190.85,20.96,2,2.73,gadgets,north
ORD-003498,2024-07-28,198.97,57.45,3,1.6,gadgets,east
ORD-003499,2024-07-28,188.4,38.05,2,1.69,tools,west
ORD-003500,2024-07-28,208.76,90.99,3,4.55,tools,west
ORD-003501,2024-07-28,162.83,52.0,2,4.2,gadgets,west
ORD-003502,2024-07-29,242.81,79.81,5,3.17,tools,west
ORD-003503,2024-07-29,241.69,61.69,2,1.76,accessories,west
ORD-003504,2024-07-29,264.54,64.71,2,4.21,tools,east
ORD-003505,2024-07-29,263.44,45.49,3,2.69,tools,east
ORD-003506,2024-07-29,253.33,33.9,2,2.67,widgets,east
ORD-003507,2024-07-29,258.05,76.08,4,1.51,tools,west
ORD-003508,2024-07-29,250.76,45.32,4,2.37,gadgets,south
ORD-003509,2024-07-29,255.79,54.05,5,3.53,widgets,east
ORD-003510,2024-07-30,1013.96,142.05,2,2.64,accessories,north
ORD-003511,2024-07-30,1019.85,151.1,5,1.72,widgets,west
ORD-003512,2024-07-31,689.81,103.25,1,4.08,accessories,north
ORD-003513,2024-07-31,650.4,88.17,3,5.31,gadgets,south
ORD-003514,2024-07-31,644.82,98.8,2,3.03,gadgets,east
ORD-003515,2024-08-01,510.28,94.45,1,2.64,widgets,west
ORD-003516,2024-08-01,490.14,61.89,4,3.14,tools,south
ORD-003517,2024-08-01,501.93,97.65,1,4.29,tools,south
ORD-003518,2024-08-01,482.88,63.87,2,2.9,tools,east
ORD-003519,2024-08-02,419.37,44.66,2,1.9,widgets,east
ORD-003520,2024-08-02,399.71,80.0,2,1.6,tools,south
ORD-003521,2024-08-02,401.85,85.37,1,3.13,widgets,east
ORD-003522,2024-08-02,373.46,67.37,2,3.64,gadgets,east
ORD-003523,2024-08-02,390.58,54.92,1,1.84,gadgets,west
ORD-003524,2024-08-03,226.7,72.04,4,4.61,accessories,west
ORD-003525,2024-08-03,209.74,55.38,3,3.65,accessories,north
ORD-003526,2024-08-03,220.02,42.97,3,2.17,widgets,east
ORD-003527,2024-08-03,219.0,49.32,3,6.49,accessories,north
ORD-003528,2024-08-03,193.55,47.3,3,2.61,widgets,north
ORD-003529,2024-08-03,213.45,62.09,3,3.59,accessories,east
ORD-003530,2024-08-03,216.96,61.68,1,3.42,widgets,west
ORD-003531,2024-08-03,184.07,75.09,1,3.58,widgets,north
ORD-003532,2024-08-03,214.48,41.86,4,1.94,gadgets,north
ORD-003533,2024-08-03,211.78,54.96,4,2.09,gadgets,south
ORD-003534,2024-08-04,512.48,45.67,2,2.33,accessories,north
ORD-003535,2024-08-04,512.69,92.86,4,2.57,gadgets,east
ORD-003536,2024-08-04,501.92,70.37,2,2.57,gadgets,east
ORD-003537,2024-08-04,491.66,69.85,2,3.46,gadgets,west
ORD-003538,2024-08-05,234.42,74.41,3,3.04,tools,south
ORD-003539,2024-08-05,228.88,76.31,5,1.75,widgets,north
ORD-003540,2024-08-05,232.93,33.92,1,1.85,widgets,north
ORD-003541,2024-08-05,218.44,85.41,2,3.43,accessories,north
ORD-003542,2024-08-05,206.37,56.46,1,5.64,accessories,west
ORD-003543,2024-08-05,211.76,45.84,3,2.78,widgets,south
ORD-003544,2024-08-05,205.59,62.25,4,3.32,widgets,north
ORD-003545,2024-08-05,207.76,60.88,5,3.31,gadgets,west
ORD-003546,2024-08-05,204.94,99.03,4,2.44,gadgets,south
ORD-003547,2024-08-06,329.91,82.03,5,2.64,widgets,east
ORD-003548,2024-08-06,336.19,72.81,1,3.3,widgets,east
ORD-003549,2024-08-06,330.01,67.49,2,3.97,tools,north
ORD-003550,2024-08-06,343.76,60.28,2,1.97,tools,north
ORD-003551,2024-08-06,354.33,95.44,1,2.41,tools,south
ORD-003552,2024-08-06,362.95,37.11,1,3.48,widgets,north
ORD-003553,2024-08-07,390.02,78.21,4,1.48,gadgets,south
ORD-003554,2024-08-07,372.65,113.37,5,3.37,accessories,west
ORD-003555,2024-08-07,408.55,64.12,3,3.6,gadgets,west
ORD-003556,2024-08-07,386.88,72.69,5,4.94,tools,west
ORD-003557,2024-08-07,404.07,109.25,4,3.37,gadgets,west
ORD-003558,2024-08-08,1995.99,223.39,2,4.06,accessories,south
ORD-003559,2024-08-09,227.24,74.42,1,3.56,accessories,east
ORD-003560,2024-08-09,193.57,68.32,5,3.55,widgets,south
ORD-003561,2024-08-09,228.25,35.68,4,2.34,gadgets,west
ORD-003562,2024-08-09,221.58,42.78,2,7.56,tools,west
ORD-003563,2024-08-09,230.25,102.46,2,2.8,accessories,east
ORD-003564,2024-08-09,204.66,77.54,1,2.98,accessories,north
ORD-003565,2024-08-09,227.64,44.7,2,3.53,tools,south
ORD-003566,2024-08-09,232.79,31.16,1,4.33,gadgets,south
ORD-003567,2024-08-09,244.38,55.69,5,3.93,gadgets,west
ORD-003568,2024-08-10,281.02,79.09,5,3.54,accessories,west
ORD-003569,2024-08-10,297.71,34.79,3,2.41,gadgets,west
ORD-003570,2024-08-10,268.83,35.98,3,3.95,gadgets,north
ORD-003571,2024-08-10,288.46,17.37,1,2.94,gadgets,south
ORD-003572,2024-08-10,308.27,66.76,2,1.63,gadgets,south
ORD-003573,2024-08-10,265.65,78.74,4,1.73,widgets,south
ORD-003574,2024-08-10,258.15,51.65,2,7.1,gadgets,north
ORD-003575,2024-08-11,202.66,45.67,1,3.31,gadgets,north
ORD-003576,2024-08-11,230.22,41.99,5,3.56,gadgets,west
ORD-003577,2024-08-11,235.15,24.73,2,2.49,accessories,west
ORD-003578,2024-08-11,232.17,46.32,4,2.35,gadgets,south
ORD-003579,2024-08-11,233.38,49.23,2,3.3,accessories,south
ORD-003580,2024-08-11,222.51,21.33,4,3.33,widgets,south
ORD-003581,2024-08-11,236.61,66.62,1,3.54,widgets,south
ORD-003582,2024-08-11,230.41,36.49,2,2.98,widgets,south
ORD-003583,2024-08-11,218.62,92.82,4,3.51,widgets,north
ORD-003584,2024-08-12,692.65,136.62,3,1.79,widgets,south
ORD-003585,2024-08-12,673.89,107.32,4,3.59,accessories,north
ORD-003586,2024-08-12,681.14,114.86,5,2.46,accessories,south
ORD-003587,2024-08-13,330.5,40.2,4,3.75,tools,north
ORD-003588,2024-08-13,371.39,125.81,4,1.32,widgets,south
ORD-003589,2024-08-13,322.95,58.65,1,4.39,tools,east
ORD-003590,2024-08-13,368.46,84.09,4,3.93,widgets,south
ORD-003591,2024-08-13,343.26,80.93,5,4.2,widgets,south
ORD-003592,2024-08-13,330.33,81.82,5,3.24,tools,east
ORD-003593,2024-08-14,334.99,88.9,4,8.36,tools,west
ORD-003594,2024-08-14,367.34,69.7,1,4.23,gadgets,south
ORD-003595,2024-08-14,338.3,56.36,5,5.58,tools,south
ORD-003596,2024-08-14,354.34,69.27,1,2.37,accessories,south
ORD-003597,2024-08-14,339.69,51.98,5,1.99,widgets,south
ORD-003598,2024-08-14,340.0,46.97,3,4.96,accessories,east
ORD-003599,2024-08-15,397.07,71.3,4,2.91,accessories,south
ORD-003600,2024-08-15,410.66,90.37,3,2.56,gadgets,west
ORD-003601,2024-08-15,417.15,58.84,1,1.46,accessories,north
ORD-003602,2024-08-15,384.66,72.99,4,3.0,accessories,south
ORD-003603,2024-08-15,385.35,36.58,3,2.8,accessories,east
ORD-003604,2024-08-16,638.14,95.57,4,3.46,tools,south
ORD-003605,2024-08-16,643.09,111.97,5,3.85,accessories,south
ORD-003606,2024-08-16,670.63,91.08,5,5.12,gadgets,east
ORD-003607,2024-08-17,678.25,119.05,4,3.42,gadgets,east
ORD-003608,2024-08-17,689.16,129.05,4,3.14,gadgets,south
ORD-003609,2024-08-17,677.12,133.73,5,2.17,tools,north
ORD-003610,2024-08-18,501.32,78.95,5,2.27,widgets,north
ORD-003611,2024-08-18,516.75,71.2,1,9.08,gadgets,north
ORD-003612,2024-08-18,508.52,83.21,5,3.72,tools,north
ORD-003613,2024-08-18,499.81,85.74,5,1.76,widgets,east
ORD-003614,2024-08-19,287.1,73.69,4,3.1,tools,north
ORD-003615,2024-08-19,300.98,54.72,1,7.72,tools,east
ORD-003616,2024-08-19,301.44,45.46,4,3.16,gadgets,south
ORD-003617,2024-08-19,317.39,58.54,4,6.56,gadgets,east
ORD-003618,2024-08-19,300.07,70.02,4,2.31,tools,south
ORD-003619,2024-08-19,294.17,87.71,3,3.24,accessories,east
ORD-003620,2024-08-19,289.29,56.75,5,4.31,widgets,south
ORD-003621,2024-08-20,206.54,40.34,4,2.45,gadgets,north
ORD-003622,2024-08-20,215.65,67.44,4,2.09,gadgets,east
ORD-003623,2024-08-20,195.42,41.14,5,3.85,gadgets,west
ORD-003624,2024-08-20,235.6,39.2,4,2.6,tools,south
ORD-003625,2024-08-20,233.67,41.26,5,6.11,widgets,north
ORD-003626,2024-08-20,252.37,63.51,3,4.58,gadgets,west
ORD-003627,2024-08-20,227.23,33.92,5,2.85,gadgets,east
ORD-003628,2024-08-20,211.39,28.24,5,2.0,accessories,west
ORD-003629,2024-08-20,230.64,40.58,2,2.66,accessories,north
ORD-003630,2024-08-21,121.81,44.03,5,2.44,accessories,east
ORD-003631,2024-08-21,146.42,65.86,1,2.07,widgets,west
ORD-003632,2024-08-21,175.32,47.99,3,3.3,tools,east
ORD-003633,2024-08-21,166.92,58.21,2,2.47,gadgets,north
ORD-003634,2024-08-21,177.64,37.71,2,3.31,tools,north
ORD-003635,2024-08-21,165.98,61.46,5,2.6,gadgets,south
ORD-003636,2024-08-21,194.73,30.1,1,1.84,tools,west
ORD-003637,2024-08-21,162.87,46.86,3,1.87,widgets,east
ORD-003638,2024-08-21,187.12,41.28,3,3.66,gadgets,east
ORD-003639,2024-08-21,138.24,63.11,5,1.73,gadgets,east
ORD-003640,2024-08-21,186.9,51.55,4,3.37,gadgets,east
ORD-003641,2024-08-21,180.32,66.46,4,3.14,accessories,east
ORD-003642,2024-08-21,168.62,56.36,3,1.86,widgets,south
ORD-003643,2024-08-22,690.93,106.37,3,4.09,accessories,north
ORD-003644,2024-08-22,663.52,67.35,5,2.32,gadgets,south
ORD-003645,2024-08-22,687.03,91.35,2,2.42,tools,north
ORD-003646,2024-08-23,376.15,75.99,3,2.79,accessories,east
ORD-003647,2024-08-23,326.19,85.1,4,2.6,widgets,north
ORD-003648,2024-08-23,354.51,85.63,5,2.37,gadgets,north
ORD-003649,2024-08-23,324.27,49.73,5,1.91,widgets,north
ORD-003650,2024-08-23,336.59,61.17,4,2.28,tools,north
ORD-003651,2024-08-23,358.36,51.77,2,1.6,accessories,north
ORD-003652,2024-08-24,173.07,28.56,3,2.23,widgets,south
ORD-003653,2024-08-24,157.92,68.88,2,8.82,tools,north
ORD-003654,2024-08-24,179.94,83.97,4,4.22,accessories,east
ORD-003655,2024-08-24,168.06,8.99,2,5.5,gadgets,east
ORD-003656,2024-08-24,154.1,66.9,4,2.64,accessories,east
ORD-003657,2024-08-24,185.48,51.78,1,3.63,widgets,east
ORD-003658,2024-08-24,170.03,50.03,1,1.58,accessories,east
ORD-003659,2024-08-24,165.31,55.0,5,2.2,gadgets,east
ORD-003660,2024-08-24,184.71,47.48,1,7.18,tools,north
ORD-003661,2024-08-24,163.26,12.86,3,3.93,gadgets,west
ORD-003662,2024-08-24,153.57,64.4,2,1.77,gadgets,north
ORD-003663,2024-08-24,156.06,63.31,2,5.6,tools,south
ORD-003664,2024-08-25,198.69,47.56,5,1.98,tools,east
ORD-003665,2024-08-25,225.22,71.84,1,3.05,widgets,south
ORD-003666,2024-08-25,208.12,66.08,2,1.98,tools,west
ORD-003667,2024-08-25,207.84,47.73,1,2.55,accessories,east
ORD-003668,2024-08-25,194.66,39.72,4,3.22,widgets,north
ORD-003669,2024-08-25,215.48,67.49,5,1.98,widgets,west
ORD-003670,2024-08-25,208.36,62.33,5,3.61,tools,east
ORD-003671,2024-08-25,223.02,57.67,4,2.64,widgets,north
ORD-003672,2024-08-25,212.24,71.74,1,2.63,accessories,west
ORD-003673,2024-08-25,215.12,53.86,5,4.47,accessories,north
ORD-003674,2024-08-26,423.63,52.72,3,4.49,accessories,east
ORD-003675,2024-08-26,434.52,67.15,1,5.11,accessories,west
ORD-003676,2024-08-26,398.4,32.47,4,4.08,tools,west
ORD-003677,2024-08-26,401.47,84.08,4,2.4,accessories,north
ORD-003678,2024-08-26,449.69,77.14,4,3.56,tools,south
ORD-003679,2024-08-27,527.79,71.61,3,2.31,accessories,south
ORD-003680,2024-08-27,498.66,76.25,5,1.62,gadgets,north
ORD-003681,2024-08-27,517.64,63.52,1,2.4,accessories,east
ORD-003682,2024-08-27,531.66,94.97,5,3.33,widgets,north
ORD-003683,2024-08-28,419.15,39.23,1,1.77,accessories,north
ORD-003684,2024-08-28,407.91,64.9,4,3.53,gadgets,west
ORD-003685,2024-08-28,426.38,84.44,1,4.19,accessories,west
ORD-003686,2024-08-28,418.43,80.8,2,2.3,tools,east
ORD-003687,2024-08-28,408.53,51.86,1,1.98,accessories,east
ORD-003688,2024-08-29,409.53,89.78,4,3.39,gadgets,north
ORD-003689,2024-08-29,421.78,64.69,1,2.5,widgets,east
ORD-003690,2024-08-29,404.65,85.26,2,3.81,widgets,south
ORD-003691,2024-08-29,438.13,79.57,4,3.49,gadgets,west
ORD-003692,2024-08-29,416.5,79.42,3,3.18,tools,east
ORD-003693,2024-08-30,681.17,133.58,1,1.63,widgets,south
ORD-003694,2024-08-30,688.56,130.37,1,1.53,accessories,north
ORD-003695,2024-08-30,687.68,122.02,4,2.34,widgets,north
ORD-003696,2024-08-31,1034.51,149.76,1,2.41,tools,west
ORD-003697,2024-08-31,1032.12,117.86,2,1.64,accessories,south
ORD-003698,2024-09-01,513.13,78.34,4,3.42,gadgets,east
ORD-003699,2024-09-01,523.8,38.01,4,2.95,accessories,west
ORD-003700,2024-09-01,501.05,43.03,3,4.36,widgets,west
ORD-003701,2024-09-01,507.31,75.06,3,3.33,tools,west
ORD-003702,2024-09-02,339.79,76.36,3,1.59,widgets,east
ORD-003703,2024-09-02,347.93,58.66,5,3.28,gadgets,south
ORD-003704,2024-09-02,353.79,85.26,3,2.68,tools,north
ORD-003705,2024-09-02,359.18,68.1,1,4.16,accessories,north
ORD-003706,2024-09-02,349.1,81.7,5,2.18,accessories,east
ORD-003707,2024-09-02,364.54,31.81,1,1.91,widgets,west
ORD-003708,2024-09-03,297.76,59.54,5,7.83,gadgets,north
ORD-003709,2024-09-03,285.15,43.54,1,3.55,widgets,north
ORD-003710,2024-09-03,335.94,44.83,3,1.17,gadgets,north
ORD-003711,2024-09-03,305.46,28.65,2,1.69,widgets,north
ORD-003712,2024-09-03,288.54,65.61,1,3.03,widgets,east
ORD-003713,2024-09-03,298.64,46.28,4,7.44,widgets,south
ORD-003714,2024-09-03,294.64,53.38,1,2.14,gadgets,north
ORD-003715,2024-09-04,705.86,104.29,5,2.7,widgets,west
ORD-003716,2024-09-04,698.55,130.89,1,3.51,tools,north
ORD-003717,2024-09-04,700.19,98.6,5,2.34,gadgets,east
ORD-003718,2024-09-05,432.26,103.01,2,4.38,accessories,west
ORD-003719,2024-09-05,422.33,59.72,2,3.84,tools,east
ORD-003720,2024-09-05,403.96,60.32,3,4.31,accessories,north
ORD-003721,2024-09-05,406.23,65.43,2,4.47,widgets,south
ORD-003722,2024-09-05,414.07,57.98,5,3.1,gadgets,east
ORD-003723,2024-09-06,690.87,88.99,1,2.81,gadgets,east
ORD-003724,2024-09-06,703.16,107.61,2,3.99,widgets,east
ORD-003725,2024-09-06,688.32,77.84,3,3.47,gadgets,north
ORD-003726,2024-09-07,415.14,43.39,3,2.62,tools,west
ORD-003727,2024-09-07,405.57,59.24,3,3.6,tools,west
ORD-003728,2024-09-07,426.21,44.9,3,2.26,widgets,east
ORD-003729,2024-09-07,411.75,52.76,2,2.05,widgets,east
ORD-003730,2024-09-07,408.92,78.68,4,3.59,tools,south
ORD-003731,2024-09-08,298.14,59.29,1,3.91,widgets,west
ORD-003732,2024-09-08,301.61,63.13,2,2.74,gadgets,west
ORD-003733,2024-09-08,299.36,40.6,2,3.02,tools,south
ORD-003734,2024-09-08,305.61,75.61,4,2.26,tools,south
ORD-003735,2024-09-08,315.88,106.23,3,3.56,tools,west
ORD-003736,2024-09-08,274.74,92.85,5,1.83,tools,east
ORD-003737,2024-09-08,278.1,90.48,2,4.2,widgets,south
ORD-003738,2024-09-09,693.86,101.82,3,2.02,gadgets,east
ORD-003739,2024-09-09,716.68,119.84,2,3.37,accessories,south
ORD-003740,2024-09-09,701.01,106.73,1,6.2,tools,south
ORD-003741,2024-09-10,430.01,67.83,2,3.09,widgets,south
ORD-003742,2024-09-10,425.82,91.13,1,2.14,gadgets,east
ORD-003743,2024-09-10,430.49,107.2,1,2.07,widgets,east
ORD-003744,2024-09-10,438.54,66.23,4,1.48,widgets,north
ORD-003745,2024-09-10,421.95,73.95,4,5.35,widgets,north
ORD-003746,2024-09-11,537.46,102.53,4,4.39,accessories,south
ORD-003747,2024-09-11,528.93,76.15,2,2.39,gadgets,south
ORD-003748,2024-09-11,547.13,75.67,1,2.9,accessories,north
ORD-003749,2024-09-11,519.07,87.19,3,2.87,gadgets,east
ORD-003750,2024-09-12,557.36,87.29,2,4.74,widgets,north
ORD-003751,2024-09-12,520.49,32.78,2,5.27,widgets,south
ORD-003752,2024-09-12,539.26,91.36,3,2.37,widgets,west
ORD-003753,2024-09-12,527.26,77.79,5,1.8,widgets,east
ORD-003754,2024-09-13,523.15,100.99,3,7.45,accessories,east
ORD-003755,2024-09-13,521.13,53.48,1,1.51,gadgets,south
ORD-003756,2024-09-13,515.57,61.48,2,1.43,gadgets,east
ORD-003757,2024-09-13,523.38,63.48,1,4.49,tools,south
ORD-003758,2024-09-14,239.8,50.12,5,3.15,accessories,west
ORD-003759,2024-09-14,250.67,33.56,3,1.81,tools,east
ORD-003760,2024-09-14,209.87,55.25,2,3.88,tools,south
ORD-003761,2024-09-14,232.67,75.06,3,0.87,gadgets,east
ORD-003762,2024-09-14,229.18,41.14,5,2.02,tools,west
ORD-003763,2024-09-14,242.59,39.81,1,4.22,widgets,west
ORD-003764,2024-09-14,212.04,22.2,3,2.91,gadgets,south
ORD-003765,2024-09-14,231.23,58.41,5,4.17,tools,east
ORD-003766,2024-09-14,230.77,71.12,4,2.38,accessories,north
ORD-003767,2024-09-15,227.09,32.55,3,2.63,tools,south
ORD-003768,2024-09-15,245.05,76.19,5,2.64,tools,south
ORD-003769,2024-09-15,210.28,102.94,2,3.12,gadgets,south
ORD-003770,2024-09-15,231.87,41.69,2,2.03,tools,south
ORD-003771,2024-09-15,248.01,60.6,1,3.01,tools,north
ORD-003772,2024-09-15,233.21,43.85,5,2.76,gadgets,east
ORD-003773,2024-09-15,245.43,40.92,1,4.27,accessories,west
ORD-003774,2024-09-15,230.84,28.55,2,2.54,widgets,east
ORD-003775,2024-09-15,247.3,82.13,5,2.49,accessories,west
ORD-003776,2024-09-16,255.76,86.11,2,3.38,accessories,south
ORD-003777,2024-09-16,270.18,37.83,5,2.69,gadgets,east
ORD-003778,2024-09-16,274.21,57.78,2,2.22,accessories,west
ORD-003779,2024-09-16,278.01,43.01,3,2.88,widgets,south
ORD-003780,2024-09-16,286.11,75.73,1,7.03,widgets,west
ORD-003781,2024-09-16,249.44,63.46,4,1.93,tools,east
ORD-003782,2024-09-16,271.4,57.96,1,1.74,widgets,east
ORD-003783,2024-09-16,283.58,41.95,1,2.3,gadgets,west
ORD-003784,2024-09-17,361.64,67.83,1,3.01,accessories,north
ORD-003785,2024-09-17,352.4,62.91,3,3.02,tools,south
ORD-003786,2024-09-17,357.03,52.28,5,2.29,widgets,east
ORD-003787,2024-09-17,350.24,84.75,4,2.62,accessories,south
ORD-003788,2024-09-17,356.92,81.43,4,3.62,gadgets,east
ORD-003789,2024-09-17,360.79,77.72,2,3.41,widgets,north
ORD-003790,2024-09-18,1065.78,137.79,4,4.53,widgets,north
ORD-003791,2024-09-18,1105.73,167.1,5,1.74,gadgets,south
ORD-003792,2024-09-19,262.12,28.49,4,2.9,accessories,north
ORD-003793,2024-09-19,266.97,83.15,4,2.17,accessories,east
ORD-003794,2024-09-19,269.69,61.6,3,3.8,widgets,south
ORD-003795,2024-09-19,280.89,63.11,4,3.96,gadgets,east
ORD-003796,2024-09-19,244.5,88.16,5,3.03,widgets,south
ORD-003797,2024-09-19,279.84,70.57,2,3.07,widgets,south
ORD-003798,2024-09-19,253.84,88.72,3,5.32,tools,north
ORD-003799,2024-09-19,275.43,54.03,3,3.82,widgets,south
ORD-003800,2024-09-20,234.78,69.22,4,3.38,widgets,west
ORD-003801,2024-09-20,211.7,33.55,5,2.07,tools,west
ORD-003802,2024-09-20,225.04,99.62,5,3.7,accessories,west
ORD-003803,2024-09-20,227.4,58.31,5,2.76,accessories,north
ORD-003804,2024-09-20,205.82,20.77,5,2.02,accessories,south
ORD-003805,2024-09-20,224.71,77.41,2,3.72,gadgets,north
ORD-003806,2024-09-20,236.28,33.38,2,3.71,tools,north
ORD-003807,2024-09-20,244.84,52.82,2,1.69,tools,east
ORD-003808,2024-09-20,228.1,37.39,3,2.24,accessories,west
ORD-003809,2024-09-21,711.84,112.68,3,3.44,accessories,east
ORD-003810,2024-09-21,696.99,90.41,5,2.53,tools,north
ORD-003811,2024-09-21,716.27,133.15,1,3.74,widgets,east
ORD-003812,2024-09-22,438.8,83.59,3,2.39,tools,north
ORD-003813,2024-09-22,421.0,66.19,3,2.07,tools,north
ORD-003814,2024-09-22,463.29,108.66,4,2.78,widgets,south
ORD-003815,2024-09-22,446.8,68.25,2,2.16,tools,south
ORD-003816,2024-09-22,443.39,100.6,3,3.22,gadgets,west
ORD-003817,2024-09-23,720.97,99.44,2,5.57,tools,north
ORD-003818,2024-09-23,684.56,97.17,2,2.79,widgets,south
ORD-003819,2024-09-23,720.4,76.47,3,1.5,gadgets,east
ORD-003820,2024-09-24,288.8,33.3,3,3.48,tools,east
ORD-003821,2024-09-24,271.37,31.05,4,4.08,widgets,north
ORD-003822,2024-09-24,291.19,39.22,1,3.63,tools,east
ORD-003823,2024-09-24,279.58,48.31,5,4.78,tools,north
ORD-003824,2024-09-24,265.68,90.57,1,3.09,gadgets,west
ORD-003825,2024-09-24,276.19,65.44,1,3.1,widgets,west
ORD-003826,2024-09-24,257.0,31.12,1,1.67,tools,west
ORD-003827,2024-09-24,282.02,48.51,1,2.8,accessories,west
ORD-003828,2024-09-25,530.8,70.8,1,4.3,widgets,east
ORD-003829,2024-09-25,525.19,59.42,4,4.71,gadgets,west
ORD-003830,2024-09-25,536.29,61.12,1,2.05,accessories,south
ORD-003831,2024-09-25,541.25,97.41,1,2.59,gadgets,east
ORD-003832,2024-09-26,297.24,61.13,2,4.42,widgets,north
ORD-003833,2024-09-26,304.96,45.4,5,2.03,gadgets,west
ORD-003834,2024-09-26,331.17,28.13,1,2.51,accessories,west
ORD-003835,2024-09-26,314.28,95.97,1,4.03,accessories,east
ORD-003836,2024-09-26,299.76,103.76,4,3.98,tools,south
ORD-003837,2024-09-26,334.6,47.46,4,5.71,tools,north
ORD-003838,2024-09-26,320.98,59.81,5,1.79,accessories,north
ORD-003839,2024-09-27,549.81,67.44,4,2.41,tools,east
ORD-003840,2024-09-27,529.06,76.23,5,2.43,gadgets,west
ORD-003841,2024-09-27,536.61,74.38,4,1.93,tools,east
ORD-003842,2024-09-27,544.87,62.19,3,2.27,tools,east
ORD-003843,2024-09-28,525.66,79.02,2,2.09,gadgets,north
ORD-003844,2024-09-28,553.47,66.18,2,3.36,widgets,east
ORD-003845,2024-09-28,532.99,59.29,2,5.3,accessories,east
ORD-003846,2024-09-28,524.25,88.64,3,2.24,gadgets,west
ORD-003847,2024-09-29,401.69,53.01,5,3.7,tools,south
ORD-003848,2024-09-29,428.42,51.95,4,5.65,gadgets,east
ORD-003849,2024-09-29,416.48,93.95,5,3.16,gadgets,west
ORD-003850,2024-09-29,427.01,90.33,2,2.6,tools,east
ORD-003851,2024-09-29,439.1,64.81,5,2.08,gadgets,east
ORD-003852,2024-09-30,341.25,80.34,5,2.11,gadgets,east
ORD-003853,2024-09-30,357.01,97.43,1,1.56,accessories,west
ORD-003854,2024-09-30,358.36,57.46,1,2.58,widgets,north
ORD-003855,2024-09-30,362.1,62.31,3,2.24,widgets,north
ORD-003856,2024-09-30,344.46,90.03,1,4.47,widgets,west
ORD-003857,2024-09-30,365.56,59.4,3,5.07,gadgets,north
ORD-003858,2024-10-01,294.23,72.35,1,1.98,gadgets,west
ORD-003859,2024-10-01,250.06,59.47,5,3.08,tools,south
ORD-003860,2024-10-01,261.84,33.89,5,4.93,gadgets,west
ORD-003861,2024-10-01,290.19,32.85,1,3.35,widgets,south
ORD-003862,2024-10-01,283.26,83.88,1,3.0,tools,west
ORD-003863,2024-10-01,258.96,60.14,2,4.66,widgets,south
ORD-003864,2024-10-01,283.08,78.86,4,1.64,gadgets,east
ORD-003865,2024-10-01,273.66,75.68,2,2.9,tools,east
ORD-003866,2024-10-02,541.63,98.36,3,2.78,widgets,north
ORD-003867,2024-10-02,564.74,88.67,2,2.49,accessories,south
ORD-003868,2024-10-02,544.19,77.49,5,2.74,tools,north
ORD-003869,2024-10-02,557.07,95.09,3,2.31,tools,south
ORD-003870,2024-10-03,334.72,64.54,2,2.8,accessories,north
ORD-003871,2024-10-03,327.99,63.16,5,1.4,tools,east
ORD-003872,2024-10-03,294.14,55.91,5,7.42,widgets,south
ORD-003873,2024-10-03,295.73,54.25,4,1.22,tools,north
ORD-003874,2024-10-03,315.83,77.07,2,2.65,accessories,south
ORD-003875,2024-10-03,279.0,87.44,2,2.83,accessories,west
ORD-003876,2024-10-03,295.84,73.37,3,2.08,gadgets,south
ORD-003877,2024-10-04,368.24,77.16,4,3.17,widgets,north
ORD-003878,2024-10-04,351.16,91.77,2,3.5,widgets,south
ORD-003879,2024-10-04,340.11,19.71,3,2.72,gadgets,west
ORD-003880,2024-10-04,367.52,62.46,3,3.68,widgets,west
ORD-003881,2024-10-04,337.09,69.15,1,3.09,gadgets,north
ORD-003882,2024-10-04,330.06,61.45,4,3.45,gadgets,east
ORD-003883,2024-10-05,565.36,86.29,2,3.44,gadgets,south
ORD-003884,2024-10-05,540.76,87.56,4,2.5,tools,east
ORD-003885,2024-10-05,521.32,75.8,2,1.82,accessories,west
ORD-003886,2024-10-05,527.01,98.64,5,2.42,accessories,south
ORD-003887,2024-10-06,216.22,82.35,1,6.99,widgets,south
ORD-003888,2024-10-06,235.49,69.49,2,5.43,tools,north
ORD-003889,2024-10-06,216.75,26.03,4,2.5,widgets,west
ORD-003890,2024-10-06,224.52,72.98,4,2.08,tools,north
ORD-003891,2024-10-06,235.6,81.28,1,1.55,gadgets,west
ORD-003892,2024-10-06,223.35,54.92,2,3.44,widgets,north
ORD-003893,2024-10-06,228.65,30.77,2,3.44,widgets,north
ORD-003894,2024-10-06,234.72,32.68,2,2.72,accessories,east
ORD-003895,2024-10-06,230.0,55.38,4,1.95,gadgets,east
ORD-003896,2024-10-06,209.78,54.62,4,2.76,accessories,south
ORD-003897,2024-10-07,355.83,35.41,1,1.46,gadgets,west
ORD-003898,2024-10-07,358.5,75.36,3,1.34,gadgets,west
ORD-003899,2024-10-07,343.68,49.23,4,2.65,tools,west
ORD-003900,2024-10-07,369.62,71.76,2,3.15,gadgets,south
ORD-003901,2024-10-07,359.12,65.2,1,3.02,widgets,west
ORD-003902,2024-10-07,343.4,68.21,4,2.26,tools,west
ORD-003903,2024-10-08,720.3,93.7,1,3.2,gadgets,north
ORD-003904,2024-10-08,724.84,124.9,4,4.0,accessories,west
ORD-003905,2024-10-08,750.42,95.07,4,3.36,gadgets,east
ORD-003906,2024-10-09,558.02,100.62,2,1.61,tools,east
ORD-003907,2024-10-09,554.39,102.44,4,2.23,widgets,west
ORD-003908,2024-10-09,533.4,52.86,1,1.95,gadgets,west
ORD-003909,2024-10-09,547.42,96.1,2,2.15,accessories,east
ORD-003910,2024-10-10,532.84,56.82,2,2.71,widgets,south
ORD-003911,2024-10-10,544.86,75.76,4,4.11,widgets,north
ORD-003912,2024-10-10,545.18,92.53,1,2.0,gadgets,south
ORD-003913,2024-10-10,579.35,82.29,3,3.91,tools,west
ORD-003914,2024-10-11,357.67,82.12,5,4.14,tools,north
ORD-003915,2024-10-11,362.8,64.31,2,1.51,gadgets,east
ORD-003916,2024-10-11,372.27,59.03,5,3.87,widgets,west
ORD-003917,2024-10-11,344.18,37.56,2,3.36,accessories,east
ORD-003918,2024-10-11,356.58,65.74,2,1.37,tools,south
ORD-003919,2024-10-11,370.96,53.11,3,4.57,accessories,west
ORD-003920,2024-10-12,308.95,40.79,4,2.9,widgets,west
ORD-003921,2024-10-12,314.42,39.54,4,2.39,gadgets,north
ORD-003922,2024-10-12,308.09,79.98,3,6.3,tools,east
ORD-003923,2024-10-12,310.32,60.7,4,4.19,tools,east
ORD-003924,2024-10-12,304.16,67.62,5,3.85,tools,north
ORD-003925,2024-10-12,310.43,48.77,4,4.19,accessories,north
ORD-003926,2024-10-12,316.57,54.82,3,3.06,gadgets,south
ORD-003927,2024-10-13,421.88,88.0,3,4.85,gadgets,north
ORD-003928,2024-10-13,431.21,98.26,1,3.67,widgets,west
ORD-003929,2024-10-13,427.74,49.27,5,4.31,accessories,west
ORD-003930,2024-10-13,430.88,107.42,4,2.23,accessories,west
ORD-003931,2024-10-13,433.8,78.49,1,2.52,gadgets,south
ORD-003932,2024-10-14,553.09,62.33,1,3.13,tools,north
ORD-003933,2024-10-14,562.62,97.23,2,3.05,tools,west
ORD-003934,2024-10-14,571.68,87.93,3,2.13,widgets,west
ORD-003935,2024-10-14,549.5,77.34,4,4.58,tools,north
ORD-003936,2024-10-15,1090.62,108.35,4,3.05,accessories,west
ORD-003937,2024-10-15,1108.2,139.42,5,1.81,accessories,east
ORD-003938,2024-10-16,376.33,54.6,3,3.66,tools,north
ORD-003939,2024-10-16,372.41,79.12,4,3.1,widgets,north
ORD-003940,2024-10-16,379.89,85.75,1,1.57,gadgets,east
ORD-003941,2024-10-16,371.57,53.49,1,5.49,gadgets,north
ORD-003942,2024-10-16,363.03,67.83,3,5.44,accessories,south
ORD-003943,2024-10-16,375.18,71.14,4,3.54,gadgets,west
ORD-003944,2024-10-17,215.89,71.75,3,2.46,gadgets,east
ORD-003945,2024-10-17,217.56,27.86,3,3.1,tools,west
ORD-003946,2024-10-17,190.92,63.09,3,3.32,widgets,north
ORD-003947,2024-10-17,185.0,48.87,2,5.44,widgets,north
ORD-003948,2024-10-17,182.75,64.08,5,3.5,gadgets,north
ORD-003949,2024-10-17,197.39,61.12,4,4.53,gadgets,east
ORD-003950,2024-10-17,207.73,56.56,4,2.91,accessories,north
ORD-003951,2024-10-17,186.9,21.72,2,2.37,widgets,east
ORD-003952,2024-10-17,194.13,95.27,5,4.92,tools,south
ORD-003953,2024-10-17,190.25,34.61,2,1.84,tools,north
ORD-003954,2024-10-17,205.24,31.26,4,1.36,gadgets,west
ORD-003955,2024-10-18,467.15,32.77,1,2.02,widgets,south
ORD-003956,2024-10-18,443.69,99.42,5,2.4,gadgets,south
ORD-003957,2024-10-18,449.4,71.47,3,2.27,widgets,south
ORD-003958,2024-10-18,442.81,84.9,5,5.47,gadgets,north
ORD-003959,2024-10-18,420.85,55.99,5,3.3,accessories,west
ORD-003960,2024-10-19,360.57,63.51,3,2.69,tools,east
ORD-003961,2024-10-19,360.73,83.89,3,5.01,widgets,north
ORD-003962,2024-10-19,379.43,51.36,2,4.45,accessories,south
ORD-003963,2024-10-19,345.37,29.88,4,3.2,gadgets,north
ORD-003964,2024-10-19,386.02,66.67,1,2.36,widgets,west
ORD-003965,2024-10-19,370.4,68.29,3,2.43,tools,west
ORD-003966,2024-10-20,376.13,113.93,2,4.01,tools,north
ORD-003967,2024-10-20,370.19,71.65,5,1.96,accessories,east
ORD-003968,2024-10-20,352.47,43.7,3,1.78,widgets,east
ORD-003969,2024-10-20,370.06,86.46,5,2.64,gadgets,north
ORD-003970,2024-10-20,378.39,71.39,4,3.84,widgets,east
ORD-003971,2024-10-20,365.81,65.86,3,4.65,accessories,south
ORD-003972,2024-10-21,358.43,84.02,1,3.87,accessories,east
ORD-003973,2024-10-21,379.76,44.48,4,3.25,gadgets,west
ORD-003974,2024-10-21,371.78,45.96,1,1.59,tools,east
ORD-003975,2024-10-21,369.05,88.89,2,4.62,tools,north
ORD-003976,2024-10-21,379.85,72.0,1,2.98,tools,south
ORD-003977,2024-10-21,359.35,67.56,4,2.57,gadgets,north
ORD-003978,2024-10-22,458.33,104.43,4,1.42,tools,south
ORD-003979,2024-10-22,455.59,48.03,4,4.25,accessories,east
ORD-003980,2024-10-22,459.97,94.13,2,1.61,widgets,north
ORD-003981,2024-10-22,446.84,86.78,5,3.65,tools,east
ORD-003982,2024-10-22,408.84,81.27,2,1.72,gadgets,east
ORD-003983,2024-10-23,376.89,95.81,3,1.48,widgets,north
ORD-003984,2024-10-23,369.58,85.16,1,2.2,widgets,west
ORD-003985,2024-10-23,393.27,53.19,5,2.63,widgets,south
ORD-003986,2024-10-23,392.45,62.95,5,2.14,tools,south
ORD-003987,2024-10-23,373.09,68.77,4,6.5,gadgets,east
ORD-003988,2024-10-23,373.62,79.36,4,2.75,tools,north
ORD-003989,2024-10-24,290.42,79.77,5,5.83,accessories,north
ORD-003990,2024-10-24,263.37,64.66,2,1.92,widgets,north
ORD-003991,2024-10-24,289.08,35.14,4,2.73,tools,east
ORD-003992,2024-10-24,279.8,70.36,2,3.83,widgets,north
ORD-003993,2024-10-24,270.45,27.24,4,3.1,accessories,west
ORD-003994,2024-10-24,288.69,74.0,2,3.64,gadgets,south
ORD-003995,2024-10-24,273.06,58.08,5,2.2,tools,east
ORD-003996,2024-10-24,275.28,24.94,3,2.7,widgets,north
ORD-003997,2024-10-25,569.17,76.55,5,2.04,gadgets,south
ORD-003998,2024-10-25,558.53,92.51,1,7.75,tools,east
ORD-003999,2024-10-25,570.91,89.98,1,3.01,tools,north
ORD-004000,2024-10-25,531.96,93.95,5,3.12,accessories,west
ORD-004001,2024-10-26,300.82,60.4,1,1.92,tools,south
ORD-004002,2024-10-26,322.43,50.68,4,4.18,widgets,north
ORD-004003,2024-10-26,330.3,94.79,5,4.24,widgets,south
ORD-004004,2024-10-26,337.83,83.44,1,4.41,accessories,west
ORD-004005,2024-10-26,310.79,63.09,1,3.86,gadgets,south
ORD-004006,2024-10-26,299.48,69.09,3,3.24,widgets,north
ORD-004007,2024-10-26,304.1,92.58,2,2.57,accessories,east
ORD-004008,2024-10-27,371.07,93.4,1,2.35,gadgets,south
ORD-004009,2024-10-27,377.57,59.27,4,4.54,accessories,north
ORD-004010,2024-10-27,392.49,57.8,5,2.33,accessories,east
ORD-004011,2024-10-27,385.17,88.87,3,1.19,tools,north
ORD-004012,2024-10-27,384.33,69.71,3,3.54,widgets,east
ORD-004013,2024-10-27,367.98,77.6,4,1.62,tools,west
ORD-004014,2024-10-28,556.44,66.31,3,3.2,gadgets,east
ORD-004015,2024-10-28,566.95,78.01,2,3.44,widgets,west
ORD-004016,2024-10-28,555.88,74.01,4,1.95,tools,west
ORD-004017,2024-10-28,581.92,92.42,3,1.09,accessories,north
ORD-004018,2024-10-29,564.35,119.62,4,5.34,widgets,west
ORD-004019,2024-10-29,565.59,83.56,1,2.62,accessories,east
ORD-004020,2024-10-29,589.82,66.2,4,2.36,accessories,west
ORD-004021,2024-10-29,573.92,94.26,1,4.45,widgets,west
ORD-004022,2024-10-30,364.48,96.24,1,3.92,accessories,north
ORD-004023,2024-10-30,381.82,66.56,1,1.57,widgets,east
ORD-004024,2024-10-30,376.87,73.69,1,3.72,widgets,east
ORD-004025,2024-10-30,351.1,78.6,3,4.87,widgets,south
ORD-004026,2024-10-30,368.99,45.72,1,3.1,tools,east
ORD-004027,2024-10-30,403.57,45.32,4,4.44,gadgets,north
ORD-004028,2024-10-31,373.42,57.33,1,3.97,tools,west
ORD-004029,2024-10-31,370.48,68.36,1,3.77,widgets,east
ORD-004030,2024-10-31,405.88,62.37,3,2.26,widgets,west
ORD-004031,2024-10-31,364.88,77.97,5,4.92,widgets,south
ORD-004032,2024-10-31,361.3,85.27,5,2.33,gadgets,south
ORD-004033,2024-10-31,369.39,65.18,4,2.75,accessories,south
ORD-004034,2024-11-01,594.49,69.78,4,2.17,accessories,east
ORD-004035,2024-11-01,587.0,94.55,4,3.31,gadgets,east
ORD-004036,2024-11-01,584.82,88.37,4,4.48,tools,north
ORD-004037,2024-11-01,572.71,86.33,3,2.66,accessories,north
ORD-004038,2024-11-02,590.45,114.46,1,3.52,accessories,east
ORD-004039,2024-11-02,600.91,108.82,4,1.53,gadgets,north
ORD-004040,2024-11-02,598.18,87.38,4,2.17,accessories,west
ORD-004041,2024-11-02,603.78,81.55,5,3.02,gadgets,south
ORD-004042,2024-11-03,297.96,37.75,5,2.06,tools,east
ORD-004043,2024-11-03,277.31,30.7,4,3.95,accessories,west
ORD-004044,2024-11-03,318.15,72.71,5,2.68,widgets,east
ORD-004045,2024-11-03,290.86,37.13,2,5.16,accessories,west
ORD-004046,2024-11-03,288.29,56.17,5,2.39,gadgets,south
ORD-004047,2024-11-03,277.94,76.97,1,2.89,tools,north
ORD-004048,2024-11-03,287.73,72.65,4,2.65,widgets,east
ORD-004049,2024-11-03,279.06,46.27,5,2.65,tools,south
ORD-004050,2024-11-04,1218.26,148.15,2,2.0,accessories,east
ORD-004051,2024-11-04,1231.23,151.31,2,3.26,accessories,west
ORD-004052,2024-11-05,358.28,49.45,5,2.93,widgets,west
ORD-004053,2024-11-05,342.09,64.5,4,2.98,gadgets,south
ORD-004054,2024-11-05,335.0,75.73,2,2.22,gadgets,west
ORD-004055,2024-11-05,350.34,79.45,2,1.92,gadgets,north
ORD-004056,2024-11-05,345.12,45.82,1,3.85,widgets,west
ORD-004057,2024-11-05,354.08,90.14,3,3.58,accessories,west
ORD-004058,2024-11-05,330.73,71.43,4,2.54,tools,west
ORD-004059,2024-11-06,342.29,106.19,3,2.42,widgets,north
ORD-004060,2024-11-06,363.76,84.38,4,5.18,accessories,east
ORD-004061,2024-11-06,358.01,49.97,4,3.92,accessories,north
ORD-004062,2024-11-06,353.75,73.77,5,2.68,tools,west
ORD-004063,2024-11-06,334.16,61.89,1,2.11,widgets,north
ORD-004064,2024-11-06,356.07,61.92,1,4.44,gadgets,west
ORD-004065,2024-11-06,332.96,67.26,5,2.05,widgets,west
ORD-004066,2024-11-07,246.93,48.67,2,1.95,tools,south
ORD-004067,2024-11-07,232.47,71.11,5,3.8,widgets,east
ORD-004068,2024-11-07,245.35,66.04,5,2.26,tools,east
ORD-004069,2024-11-07,245.77,24.62,5,2.48,gadgets,north
ORD-004070,2024-11-07,246.46,46.94,3,2.19,gadgets,west
ORD-004071,2024-11-07,222.83,69.92,3,3.06,gadgets,west
ORD-004072,2024-11-07,211.96,85.13,2,6.2,tools,west
ORD-004073,2024-11-07,243.06,46.61,3,4.85,gadgets,west
ORD-004074,2024-11-07,253.84,69.43,4,2.07,gadgets,west
ORD-004075,2024-11-07,250.33,32.86,5,3.3,accessories,south
ORD-004076,2024-11-08,314.71,62.94,3,2.82,accessories,south
ORD-004077,2024-11-08,322.8,79.22,4,1.62,widgets,south
ORD-004078,2024-11-08,269.2,71.13,3,4.67,gadgets,west
ORD-004079,2024-11-08,286.49,59.63,5,4.21,widgets,north
ORD-004080,2024-11-08,287.36,56.55,4,1.78,accessories,north
ORD-004081,2024-11-08,302.63,65.66,5,3.89,accessories,south
ORD-004082,2024-11-08,291.27,41.77,4,2.09,widgets,south
ORD-004083,2024-11-08,319.07,105.34,4,2.87,accessories,north
ORD-004084,2024-11-09,589.82,64.22,3,1.69,widgets,south
ORD-004085,2024-11-09,616.3,88.37,4,2.82,widgets,west
ORD-004086,2024-11-09,604.42,88.58,5,2.73,tools,west
ORD-004087,2024-11-09,595.79,98.79,2,2.12,gadgets,north
ORD-004088,2024-11-10,334.17,80.01,3,1.62,accessories,south
ORD-004089,2024-11-10,348.6,55.33,3,2.26,widgets,north
ORD-004090,2024-11-10,375.97,70.16,5,2.48,accessories,north
ORD-004091,2024-11-10,355.75,58.13,3,1.61,widgets,east
ORD-004092,2024-11-10,356.39,43.51,3,1.35,accessories,west
ORD-004093,2024-11-10,357.3,60.44,5,9.79,tools,west
ORD-004094,2024-11-10,358.03,107.62,2,2.92,tools,west
ORD-004095,2024-11-11,387.15,68.63,5,3.49,accessories,east
ORD-004096,2024-11-11,407.77,75.71,5,6.9,accessories,east
ORD-004097,2024-11-11,391.93,70.9,5,3.03,gadgets,west
ORD-004098,2024-11-11,404.94,104.58,2,3.3,tools,east
ORD-004099,2024-11-11,424.44,92.62,3,2.38,gadgets,west
ORD-004100,2024-11-11,399.64,47.44,2,2.76,accessories,east
ORD-004101,2024-11-12,826.9,100.79,1,4.81,widgets,south
ORD-004102,2024-11-12,841.56,124.11,3,5.35,gadgets,north
ORD-004103,2024-11-12,828.26,141.67,5,2.7,gadgets,west
ORD-004104,2024-11-13,325.72,73.72,3,3.68,tools,south
ORD-004105,2024-11-13,298.34,86.31,4,3.36,accessories,north
ORD-004106,2024-11-13,294.35,81.3,2,1.05,widgets,east
ORD-004107,2024-11-13,301.67,74.97,4,4.61,widgets,east
ORD-004108,2024-11-13,306.63,73.96,3,3.54,gadgets,south
ORD-004109,2024-11-13,295.59,58.47,1,2.93,gadgets,east
ORD-004110,2024-11-13,314.38,74.45,2,4.26,widgets,south
ORD-004111,2024-11-13,312.74,35.91,1,2.75,gadgets,south
ORD-004112,2024-11-14,815.12,122.35,5,5.76,widgets,east
ORD-004113,2024-11-14,818.78,132.52,1,3.62,widgets,north
ORD-004114,2024-11-14,797.83,113.84,4,3.81,tools,west
ORD-004115,2024-11-15,328.15,65.7,5,3.8,tools,north
ORD-004116,2024-11-15,335.44,18.79,1,2.88,tools,west
ORD-004117,2024-11-15,355.13,71.8,5,3.44,tools,east
ORD-004118,2024-11-15,347.48,46.11,1,2.13,tools,west
ORD-004119,2024-11-15,323.21,94.05,2,1.95,widgets,west
ORD-004120,2024-11-15,340.45,54.42,5,3.43,accessories,north
ORD-004121,2024-11-15,347.13,59.18,1,2.65,tools,north
ORD-004122,2024-11-16,301.24,69.91,1,7.16,accessories,west
ORD-004123,2024-11-16,296.74,89.79,1,1.61,widgets,west
ORD-004124,2024-11-16,288.73,83.6,4,3.05,tools,east
ORD-004125,2024-11-16,300.99,48.49,2,5.24,gadgets,north
ORD-004126,2024-11-16,311.94,65.48,3,2.73,gadgets,east
ORD-004127,2024-11-16,291.69,69.91,5,3.33,tools,west
ORD-004128,2024-11-16,305.52,66.69,1,1.87,widgets,west
ORD-004129,2024-11-16,292.74,60.58,1,5.25,gadgets,east
ORD-004130,2024-11-17,275.13,56.92,5,3.85,gadgets,east
ORD-004131,2024-11-17,256.51,68.44,4,5.75,accessories,north
ORD-004132,2024-11-17,256.94,61.9,3,5.75,accessories,west
ORD-004133,2024-11-17,287.6,33.33,5,3.9,accessories,west
ORD-004134,2024-11-17,277.7,44.22,5,4.84,tools,east
ORD-004135,2024-11-17,287.8,26.44,2,2.4,tools,west
ORD-004136,2024-11-17,284.9,46.85,1,5.32,accessories,north
ORD-004137,2024-11-17,249.93,67.28,5,4.15,tools,east
ORD-004138,2024-11-17,243.96,70.76,4,3.29,tools,east
ORD-004139,2024-11-18,605.33,62.44,2,1.65,tools,west
ORD-004140,2024-11-18,639.68,65.77,5,1.36,accessories,south
ORD-004141,2024-11-18,599.73,84.09,5,3.24,widgets,north
ORD-004142,2024-11-18,607.08,96.21,4,1.41,tools,east
ORD-004143,2024-11-19,304.0,56.13,4,3.81,tools,west
ORD-004144,2024-11-19,319.57,76.67,2,1.96,tools,east
ORD-004145,2024-11-19,276.44,46.01,2,1.12,widgets,east
ORD-004146,2024-11-19,292.42,57.85,1,5.61,gadgets,south
ORD-004147,2024-11-19,306.53,66.9,3,4.13,accessories,south
ORD-004148,2024-11-19,303.27,68.87,2,2.23,accessories,east
ORD-004149,2024-11-19,300.69,66.13,3,4.1,gadgets,east
ORD-004150,2024-11-19,307.25,41.5,3,6.51,accessories,north
ORD-004151,2024-11-20,478.7,114.29,4,7.5,tools,east
ORD-004152,2024-11-20,485.66,82.33,2,1.33,accessories,north
ORD-004153,2024-11-20,489.21,90.41,5,1.87,tools,north
ORD-004154,2024-11-20,514.08,84.99,3,2.06,widgets,south
ORD-004155,2024-11-20,474.24,40.5,5,2.87,gadgets,south
ORD-004156,2024-11-21,367.89,89.0,5,6.11,tools,east
ORD-004157,2024-11-21,353.15,41.55,3,5.74,accessories,west
ORD-004158,2024-11-21,339.88,63.3,2,5.63,widgets,north
ORD-004159,2024-11-21,326.31,76.17,3,2.2,widgets,east
ORD-004160,2024-11-21,365.6,92.23,4,5.44,widgets,east
ORD-004161,2024-11-21,368.27,40.27,3,2.51,widgets,east
ORD-004162,2024-11-21,376.19,66.08,2,2.47,gadgets,east
ORD-004163,2024-11-22,345.09,62.24,1,2.01,gadgets,east
ORD-004164,2024-11-22,364.01,44.45,1,1.64,tools,north
ORD-004165,2024-11-22,338.43,82.78,2,2.47,gadgets,south
ORD-004166,2024-11-22,347.35,71.44,1,3.59,widgets,south
ORD-004167,2024-11-22,348.38,45.69,2,2.83,accessories,north
ORD-004168,2024-11-22,327.26,51.26,4,3.21,widgets,east
ORD-004169,2024-11-22,357.46,73.58,1,6.43,accessories,south
ORD-004170,2024-11-23,308.03,67.39,5,1.53,widgets,south
ORD-004171,2024-11-23,304.11,65.24,5,4.09,accessories,north
ORD-004172,2024-11-23,283.46,36.36,4,3.43,gadgets,north
ORD-004173,2024-11-23,319.12,70.5,5,2.55,tools,west
ORD-004174,2024-11-23,294.1,76.95,4,3.77,widgets,west
ORD-004175,2024-11-23,297.36,55.25,3,1.9,widgets,south
ORD-004176,2024-11-23,301.77,44.05,2,3.32,tools,west
ORD-004177,2024-11-23,301.69,58.17,5,2.58,widgets,west
ORD-004178,2024-11-24,506.55,110.09,5,2.16,gadgets,north
ORD-004179,2024-11-24,478.51,86.04,2,2.29,widgets,east
ORD-004180,2024-11-24,468.12,52.85,1,1.45,accessories,west
ORD-004181,2024-11-24,489.91,107.71,1,2.87,gadgets,south
ORD-004182,2024-11-24,477.59,68.86,1,2.68,gadgets,south
ORD-004183,2024-11-25,2446.21,277.04,3,5.15,tools,west
ORD-004184,2024-11-26,596.68,127.76,1,1.86,gadgets,east
ORD-004185,2024-11-26,589.97,69.92,5,3.93,tools,west
ORD-004186,2024-11-26,606.08,80.1,2,1.33,widgets,west
ORD-004187,2024-11-26,645.45,108.05,2,5.04,gadgets,south
ORD-004188,2024-11-27,421.56,68.4,2,3.38,gadgets,south
ORD-004189,2024-11-27,425.04,97.2,5,3.85,accessories,south
ORD-004190,2024-11-27,414.62,35.1,2,2.27,tools,south
ORD-004191,2024-11-27,432.2,40.19,3,3.89,tools,west
ORD-004192,2024-11-27,404.5,51.02,5,4.57,widgets,west
ORD-004193,2024-11-27,407.02,65.38,1,3.81,tools,south
ORD-004194,2024-11-28,824.47,139.49,1,2.48,widgets,east
ORD-004195,2024-11-28,815.81,101.23,2,2.64,widgets,north
ORD-004196,2024-11-28,801.67,82.41,5,3.27,accessories,south
ORD-004197,2024-11-29,339.15,98.54,2,4.07,accessories,west
ORD-004198,2024-11-29,328.69,101.83,1,4.01,widgets,west
ORD-004199,2024-11-29,358.93,57.78,5,1.47,accessories,south
ORD-004200,2024-11-29,354.89,92.05,2,2.52,accessories,east
ORD-004201,2024-11-29,374.58,31.16,4,1.96,tools,south
ORD-004202,2024-11-29,334.11,72.69,1,2.74,gadgets,east
ORD-004203,2024-11-29,324.83,72.45,4,2.15,widgets,east
ORD-004204,2024-11-30,226.61,46.08,5,2.15,accessories,north
ORD-004205,2024-11-30,227.3,18.6,4,2.97,accessories,west
ORD-004206,2024-11-30,233.64,51.25,1,1.24,tools,south
ORD-004207,2024-11-30,251.28,32.03,5,4.51,tools,north
ORD-004208,2024-11-30,240.64,47.72,5,1.66,accessories,east
ORD-004209,2024-11-30,213.22,53.58,3,3.34,gadgets,north
ORD-004210,2024-11-30,234.05,42.17,2,4.62,gadgets,south
ORD-004211,2024-11-30,211.47,81.97,1,3.7,accessories,west
ORD-004212,2024-11-30,221.92,48.41,5,4.58,gadgets,east
ORD-004213,2024-11-30,224.66,43.12,2,2.07,gadgets,west
ORD-004214,2024-11-30,241.18,69.26,2,1.56,gadgets,south
ORD-004215,2024-12-01,335.42,73.99,4,5.97,widgets,south
ORD-004216,2024-12-01,344.88,109.61,1,2.66,gadgets,east
ORD-004217,2024-12-01,349.67,31.74,1,2.87,widgets,east
ORD-004218,2024-12-01,368.33,57.35,2,3.02,accessories,north
ORD-004219,2024-12-01,333.37,76.0,5,2.99,gadgets,east
ORD-004220,2024-12-01,350.17,55.83,3,4.56,accessories,south
ORD-004221,2024-12-01,318.25,85.47,1,2.45,widgets,north
ORD-004222,2024-12-02,636.71,76.37,4,2.05,gadgets,south
ORD-004223,2024-12-02,616.34,74.92,2,3.02,tools,south
ORD-004224,2024-12-02,619.93,35.13,4,2.41,widgets,east
ORD-004225,2024-12-02,623.41,84.91,5,1.95,widgets,east
ORD-004226,2024-12-03,306.63,87.75,3,3.43,accessories,west
ORD-004227,2024-12-03,302.39,48.03,1,6.07,widgets,west
ORD-004228,2024-12-03,333.9,69.03,2,2.16,gadgets,west
ORD-004229,2024-12-03,301.24,46.9,3,2.34,gadgets,south
ORD-004230,2024-12-03,313.84,56.64,1,6.67,accessories,north
ORD-004231,2024-12-03,303.37,58.75,4,2.02,tools,north
ORD-004232,2024-12-03,305.28,64.09,5,1.95,widgets,north
ORD-004233,2024-12-03,315.82,48.81,4,2.77,gadgets,north
ORD-004234,2024-12-04,382.51,50.66,4,6.0,accessories,east
ORD-004235,2024-12-04,343.25,46.93,5,2.55,gadgets,west
ORD-004236,2024-12-04,362.73,87.6,5,1.47,widgets,west
ORD-004237,2024-12-04,369.49,62.68,4,2.58,gadgets,west
ORD-004238,2024-12-04,363.7,61.22,3,2.81,widgets,west
ORD-004239,2024-12-04,351.69,76.18,3,2.07,gadgets,west
ORD-004240,2024-12-04,330.14,55.99,1,3.94,gadgets,east
ORD-004241,2024-12-05,413.35,112.53,2,2.18,accessories,south
ORD-004242,2024-12-05,397.68,65.97,1,3.75,gadgets,west
ORD-004243,2024-12-05,427.48,70.15,4,6.12,widgets,south
ORD-004244,2024-12-05,408.22,55.73,4,2.9,tools,east
ORD-004245,2024-12-05,452.23,60.84,2,2.46,gadgets,south
ORD-004246,2024-12-05,424.69,69.54,5,1.92,tools,east
ORD-004247,2024-12-06,489.63,84.75,2,2.25,widgets,east
ORD-004248,2024-12-06,504.98,76.22,2,2.38,accessories,south
ORD-004249,2024-12-06,497.89,59.17,4,3.05,tools,north
ORD-004250,2024-12-06,494.42,76.51,2,2.22,widgets,east
ORD-004251,2024-12-06,457.14,53.34,1,2.51,gadgets,south
ORD-004252,2024-12-07,303.41,43.56,4,1.86,gadgets,east
ORD-004253,2024-12-07,332.08,77.88,5,4.75,gadgets,east
ORD-004254,2024-12-07,314.28,52.86,4,1.57,accessories,north
ORD-004255,2024-12-07,320.06,63.61,4,2.0,gadgets,west
ORD-004256,2024-12-07,321.94,68.45,2,4.11,accessories,west
ORD-004257,2024-12-07,296.46,54.27,4,5.22,gadgets,south
ORD-004258,2024-12-07,322.13,53.91,3,3.2,widgets,south
ORD-004259,2024-12-07,307.32,31.91,1,1.65,tools,north
ORD-004260,2024-12-08,832.66,116.51,5,3.12,widgets,south
ORD-004261,2024-12-08,828.11,68.73,2,6.82,gadgets,west
ORD-004262,2024-12-08,845.22,127.16,4,4.8,tools,south
ORD-004263,2024-12-09,482.02,79.67,1,3.47,gadgets,west
ORD-004264,2024-12-09,501.14,58.16,1,3.28,widgets,north
ORD-004265,2024-12-09,497.75,103.58,1,3.44,gadgets,north
ORD-004266,2024-12-09,517.23,105.32,5,4.76,widgets,north
ORD-004267,2024-12-09,517.32,65.76,5,1.57,gadgets,north
ORD-004268,2024-12-10,813.64,68.36,1,3.13,gadgets,east
ORD-004269,2024-12-10,845.8,117.69,1,3.03,gadgets,south
ORD-004270,2024-12-10,820.51,110.4,1,4.09,accessories,west
ORD-004271,2024-12-11,452.24,76.83,1,3.11,accessories,south
ORD-004272,2024-12-11,421.0,76.42,2,5.06,tools,north
ORD-004273,2024-12-11,405.17,99.56,5,3.96,gadgets,west
ORD-004274,2024-12-11,408.49,106.5,2,2.89,widgets,north
ORD-004275,2024-12-11,420.9,101.87,5,7.31,gadgets,south
ORD-004276,2024-12-11,415.23,55.29,1,3.51,accessories,south
ORD-004277,2024-12-12,324.45,104.03,5,2.21,tools,north
ORD-004278,2024-12-12,301.15,50.42,5,2.09,gadgets,west
ORD-004279,2024-12-12,315.52,62.03,4,1.43,widgets,south
ORD-004280,2024-12-12,309.31,83.73,3,5.92,accessories,east
ORD-004281,2024-12-12,320.58,88.09,5,1.12,gadgets,west
ORD-004282,2024-12-12,286.6,44.96,4,3.92,widgets,south
ORD-004283,2024-12-12,302.84,58.04,2,3.29,widgets,west
ORD-004284,2024-12-12,297.97,49.99,5,5.48,gadgets,north
ORD-004285,2024-12-13,229.3,54.93,1,4.97,tools,north
ORD-004286,2024-12-13,241.55,29.88,1,2.86,tools,north
ORD-004287,2024-12-13,236.61,31.34,1,5.6,tools,west
ORD-004288,2024-12-13,238.49,50.0,4,3.77,tools,west
ORD-004289,2024-12-13,252.14,16.19,1,3.68,tools,east
ORD-004290,2024-12-13,253.58,77.89,1,2.89,tools,west
ORD-004291,2024-12-13,234.08,49.3,5,3.31,tools,east
ORD-004292,2024-12-13,256.93,49.25,5,4.48,widgets,south
ORD-004293,2024-12-13,251.16,67.42,5,5.97,accessories,south
ORD-004294,2024-12-13,262.63,37.15,3,3.09,accessories,west
ORD-004295,2024-12-14,266.23,74.03,1,3.41,accessories,west
ORD-004296,2024-12-14,262.6,36.49,1,2.69,widgets,south
ORD-004297,2024-12-14,273.88,57.44,2,4.11,accessories,south
ORD-004298,2024-12-14,283.5,36.72,4,2.89,accessories,west
ORD-004299,2024-12-14,301.77,34.25,4,2.53,tools,north
ORD-004300,2024-12-14,272.41,53.95,4,3.26,accessories,east
ORD-004301,2024-12-14,254.32,56.03,5,4.12,tools,east
ORD-004302,2024-12-14,275.87,72.2,2,3.01,accessories,west
ORD-004303,2024-12-14,274.79,94.86,2,3.61,accessories,north
ORD-004304,2024-12-15,628.79,99.41,5,4.42,widgets,south
ORD-004305,2024-12-15,607.48,97.95,5,2.44,tools,south
ORD-004306,2024-12-15,627.03,130.24,2,3.44,gadgets,east
ORD-004307,2024-12-15,637.65,93.0,5,3.02,accessories,east
ORD-004308,2024-12-16,512.19,81.62,2,1.98,accessories,west
ORD-004309,2024-12-16,502.62,89.74,2,4.4,gadgets,west
ORD-004310,2024-12-16,528.28,86.12,4,2.02,widgets,east
ORD-004311,2024-12-16,501.82,100.86,2,2.87,gadgets,north
ORD-004312,2024-12-16,498.18,73.66,3,3.83,widgets,east
ORD-004313,2024-12-17,307.39,40.37,5,3.08,widgets,north
ORD-004314,2024-12-17,315.38,43.57,2,2.68,widgets,north
ORD-004315,2024-12-17,327.19,49.01,3,1.45,accessories,west
ORD-004316,2024-12-17,315.06,57.93,5,3.81,gadgets,south
ORD-004317,2024-12-17,303.67,76.0,4,4.12,widgets,west
ORD-004318,2024-12-17,317.13,50.18,4,6.89,accessories,south
ORD-004319,2024-12-17,311.35,52.86,4,5.15,gadgets,east
ORD-004320,2024-12-17,307.67,54.78,4,3.36,widgets,west
ORD-004321,2024-12-18,504.58,86.53,4,3.02,tools,east
ORD-004322,2024-12-18,508.51,102.12,1,1.86,tools,south
ORD-004323,2024-12-18,491.59,68.58,4,4.38,accessories,south
ORD-004324,2024-12-18,504.83,84.72,4,1.97,gadgets,west
ORD-004325,2024-12-18,513.72,63.95,3,3.52,tools,south
ORD-004326,2024-12-19,494.57,84.73,5,2.71,accessories,east
ORD-004327,2024-12-19,488.51,62.97,3,9.98,gadgets,south
ORD-004328,2024-12-19,497.47,90.77,1,3.73,widgets,north
ORD-004329,2024-12-19,502.93,91.49,5,2.08,accessories,north
ORD-004330,2024-12-19,519.96,95.52,2,4.16,widgets,east
ORD-004331,2024-12-20,834.66,126.3,1,3.71,accessories,north
ORD-004332,2024-12-20,822.8,130.27,5,2.94,widgets,west
ORD-004333,2024-12-20,831.67,101.27,4,1.72,gadgets,north
ORD-004334,2024-12-21,616.71,114.72,1,2.49,widgets,west
ORD-004335,2024-12-21,634.26,110.5,3,5.07,accessories,south
ORD-004336,2024-12-21,619.17,90.95,4,2.8,gadgets,south
ORD-004337,2024-12-21,618.2,128.32,3,3.12,widgets,south
ORD-004338,2024-12-22,341.89,65.69,4,6.77,widgets,west
ORD-004339,2024-12-22,355.51,79.66,2,2.58,tools,north
ORD-004340,2024-12-22,357.02,58.77,4,3.4,tools,west
ORD-004341,2024-12-22,384.69,51.26,2,4.69,tools,north
ORD-004342,2024-12-22,376.26,51.9,2,2.71,widgets,west
ORD-004343,2024-12-22,365.56,53.87,4,2.72,accessories,east
ORD-004344,2024-12-22,357.27,37.64,1,2.41,accessories,west
ORD-004345,2024-12-23,432.75,46.15,5,4.58,accessories,east
ORD-004346,2024-12-23,430.21,92.54,2,1.51,gadgets,west
ORD-004347,2024-12-23,436.12,73.04,5,3.53,tools,north
ORD-004348,2024-12-23,426.36,108.7,2,3.53,widgets,south
ORD-004349,2024-12-23,408.67,65.57,4,2.12,gadgets,south
ORD-004350,2024-12-23,409.82,80.96,3,2.24,gadgets,north
ORD-004351,2024-12-24,419.4,72.55,4,5.36,tools,east
ORD-004352,2024-12-24,423.18,73.04,1,5.16,gadgets,east
ORD-004353,2024-12-24,421.41,58.81,1,3.2,tools,south
ORD-004354,2024-12-24,424.02,104.07,3,3.81,widgets,east
ORD-004355,2024-12-24,418.2,76.7,4,1.78,widgets,east
ORD-004356,2024-12-24,408.91,96.49,1,1.98,accessories,north
ORD-004357,2024-12-25,364.69,54.01,2,1.93,gadgets,south
ORD-004358,2024-12-25,345.63,42.42,2,1.82,tools,south
ORD-004359,2024-12-25,374.38,69.92,3,2.34,widgets,west
ORD-004360,2024-12-25,351.81,71.4,2,3.31,accessories,south
ORD-004361,2024-12-25,355.53,140.37,5,4.44,widgets,south
ORD-004362,2024-12-25,345.83,69.99,2,3.48,accessories,west
ORD-004363,2024-12-25,372.18,96.25,5,2.51,widgets,north
ORD-004364,2024-12-26,432.39,60.95,3,3.45,tools,east
ORD-004365,2024-12-26,450.06,86.59,5,3.52,tools,north
ORD-004366,2024-12-26,419.9,100.85,5,7.77,widgets,north
ORD-004367,2024-12-26,415.94,75.78,3,1.46,gadgets,north
ORD-004368,2024-12-26,425.69,73.18,1,3.76,gadgets,north
ORD-004369,2024-12-26,426.48,62.69,5,3.66,widgets,west
ORD-004370,2024-12-27,1250.01,160.62,5,4.38,gadgets,east
ORD-004371,2024-12-27,1276.86,151.05,5,4.9,tools,west
ORD-004372,2024-12-28,361.76,89.22,3,2.19,accessories,north
ORD-004373,2024-12-28,391.09,110.0,4,2.44,widgets,west
ORD-004374,2024-12-28,342.43,70.85,4,2.1,accessories,east
ORD-004375,2024-12-28,349.3,58.62,1,3.86,tools,west
ORD-004376,2024-12-28,361.36,81.28,3,2.86,gadgets,west
ORD-004377,2024-12-28,394.96,108.66,4,6.91,widgets,west
ORD-004378,2024-12-28,361.53,86.01,4,1.73,tools,north
ORD-004379,2024-12-29,205.49,67.74,3,3.17,widgets,north
ORD-004380,2024-12-29,213.31,51.6,5,4.19,widgets,south
ORD-004381,2024-12-29,206.39,45.96,2,2.44,tools,east
ORD-004382,2024-12-29,203.42,15.1,2,3.61,tools,north
ORD-004383,2024-12-29,201.34,47.74,1,6.57,tools,south
ORD-004384,2024-12-29,189.39,66.57,2,2.14,gadgets,east
ORD-004385,2024-12-29,224.84,52.87,2,4.24,widgets,east
ORD-004386,2024-12-29,222.34,58.29,3,3.16,tools,west
ORD-004387,2024-12-29,199.94,44.96,3,1.41,tools,north
ORD-004388,2024-12-29,208.14,33.35,4,2.66,tools,east
ORD-004389,2024-12-29,224.39,58.33,2,2.85,accessories,east
ORD-004390,2024-12-29,206.99,37.25,4,3.18,tools,north
ORD-004391,2024-12-30,436.31,73.53,4,4.17,widgets,west
ORD-004392,2024-12-30,413.83,103.28,5,4.7,widgets,south
ORD-004393,2024-12-30,383.98,65.02,1,6.48,tools,south
ORD-004394,2024-12-30,400.03,79.95,3,3.94,tools,west
ORD-004395,2024-12-30,420.63,82.11,1,3.9,widgets,west
ORD-004396,2024-12-30,419.45,103.78,4,2.38,accessories,north
ORD-004397,2024-12-31,296.83,50.64,1,2.44,accessories,east
ORD-004398,2024-12-31,316.59,64.31,5,2.57,accessories,west
ORD-004399,2024-12-31,334.28,46.91,5,1.93,gadgets,east
ORD-004400,2024-12-31,315.82,97.94,3,2.43,gadgets,south
ORD-004401,2024-12-31,329.65,42.64,4,2.39,tools,north
ORD-004402,2024-12-31,318.19,85.51,4,3.23,widgets,south
ORD-004403,2024-12-31,312.55,59.95,3,5.28,tools,east
ORD-004404,2024-12-31,301.42,95.0,1,3.95,gadgets,north
ORD-004405,2025-01-01,306.48,83.62,1,2.29,tools,north
ORD-004406,2025-01-01,302.36,95.98,4,4.72,accessories,south
ORD-004407,2025-01-01,290.07,57.61,2,1.75,widgets,north
ORD-004408,2025-01-01,297.41,88.79,3,3.03,gadgets,west
ORD-004409,2025-01-01,306.33,66.43,5,3.48,accessories,east
ORD-004410,2025-01-01,312.68,53.06,2,3.8,gadgets,east
ORD-004411,2025-01-01,317.22,61.4,3,1.65,tools,west
ORD-004412,2025-01-01,296.39,66.82,2,3.32,tools,north
ORD-004413,2025-01-02,278.58,66.67,5,4.15,gadgets,south
ORD-004414,2025-01-02,315.91,54.04,5,3.27,widgets,west
ORD-004415,2025-01-02,321.46,46.11,4,2.29,accessories,south
ORD-004416,2025-01-02,309.66,69.93,5,1.76,widgets,east
ORD-004417,2025-01-02,305.54,96.98,4,3.12,accessories,west
ORD-004418,2025-01-02,291.48,40.63,3,1.84,gadgets,west
ORD-004419,2025-01-02,316.44,74.36,5,3.21,tools,south
ORD-004420,2025-01-02,308.34,65.21,4,2.59,accessories,south
ORD-004421,2025-01-03,605.68,72.58,4,2.28,accessories,south
ORD-004422,2025-01-03,579.46,104.18,3,2.81,gadgets,east
ORD-004423,2025-01-03,608.81,69.66,1,3.24,accessories,south
ORD-004424,2025-01-03,579.12,94.94,5,2.97,gadgets,south
ORD-004425,2025-01-04,483.36,92.46,5,2.01,widgets,north
ORD-004426,2025-01-04,487.24,93.97,3,1.66,tools,south
ORD-004427,2025-01-04,487.99,57.53,2,5.22,tools,east
ORD-004428,2025-01-04,462.96,72.15,4,1.59,tools,east
ORD-004429,2025-01-04,473.97,78.52,3,6.59,accessories,north
ORD-004430,2025-01-05,268.41,19.84,5,3.6,tools,north
ORD-004431,2025-01-05,261.65,37.34,3,3.68,tools,east
ORD-004432,2025-01-05,249.24,78.35,2,2.63,widgets,south
ORD-004433,2025-01-05,259.67,107.66,3,1.61,tools,south
ORD-004434,2025-01-05,271.86,74.6,3,2.4,gadgets,north
ORD-004435,2025-01-05,270.42,45.16,2,2.52,gadgets,west
ORD-004436,2025-01-05,251.76,20.88,4,1.89,accessories,south
ORD-004437,2025-01-05,269.94,60.82,3,3.78,tools,south
ORD-004438,2025-01-05,259.03,85.57,5,3.67,gadgets,south
ORD-004439,2025-01-06,492.05,42.68,3,4.44,gadgets,south
ORD-004440,2025-01-06,504.84,95.88,4,3.79,accessories,west
ORD-004441,2025-01-06,506.6,81.8,4,4.63,widgets,west
ORD-004442,2025-01-06,464.37,79.79,2,5.25,tools,north
ORD-004443,2025-01-06,502.13,82.76,3,5.38,tools,south
ORD-004444,2025-01-07,473.78,46.63,4,3.71,accessories,east
ORD-004445,2025-01-07,484.54,97.13,3,2.01,gadgets,east
ORD-004446,2025-01-07,499.95,81.29,1,5.55,accessories,north
ORD-004447,2025-01-07,481.42,81.21,3,3.65,widgets,north
ORD-004448,2025-01-07,481.94,47.77,3,3.77,tools,east
ORD-004449,2025-01-08,485.22,101.53,2,2.17,accessories,west
ORD-004450,2025-01-08,515.02,67.02,4,2.18,gadgets,south
ORD-004451,2025-01-08,499.01,74.12,1,1.66,widgets,north
ORD-004452,2025-01-08,506.03,96.47,2,4.4,gadgets,east
ORD-004453,2025-01-08,482.56,61.94,1,1.94,accessories,west
ORD-004454,2025-01-09,1222.47,173.56,2,4.33,gadgets,east
ORD-004455,2025-01-09,1211.75,156.49,5,1.94,tools,west
ORD-004456,2025-01-10,406.72,98.36,4,5.97,tools,north
ORD-004457,2025-01-10,399.01,22.24,4,4.23,accessories,north
ORD-004458,2025-01-10,425.11,68.67,4,2.16,tools,south
ORD-004459,2025-01-10,386.88,115.95,4,2.97,tools,north
ORD-004460,2025-01-10,369.14,69.18,1,4.89,widgets,south
ORD-004461,2025-01-10,407.33,59.36,3,4.58,widgets,west
ORD-004462,2025-01-11,305.63,55.11,3,2.0,tools,north
ORD-004463,2025-01-11,281.27,39.29,3,2.36,accessories,west
ORD-004464,2025-01-11,270.31,78.76,1,1.73,widgets,west
ORD-004465,2025-01-11,304.95,63.9,3,5.03,accessories,north
ORD-004466,2025-01-11,295.97,84.66,5,6.09,widgets,south
ORD-004467,2025-01-11,304.21,77.31,5,1.87,accessories,north
ORD-004468,2025-01-11,294.22,50.1,4,2.05,gadgets,east
ORD-004469,2025-01-11,302.46,62.6,1,1.95,tools,east
ORD-004470,2025-01-12,395.44,72.0,3,1.93,gadgets,south
ORD-004471,2025-01-12,398.24,84.22,1,2.41,gadgets,east
ORD-004472,2025-01-12,413.35,45.56,4,1.66,accessories,east
ORD-004473,2025-01-12,416.56,33.55,3,4.64,tools,south
ORD-004474,2025-01-12,416.78,70.9,2,3.14,widgets,west
ORD-004475,2025-01-12,410.79,75.58,5,3.22,tools,south
ORD-004476,2025-01-13,817.11,122.2,1,3.3,gadgets,north
ORD-004477,2025-01-13,809.12,82.6,3,2.98,accessories,east
ORD-004478,2025-01-13,801.17,79.26,1,3.63,widgets,east
ORD-004479,2025-01-14,256.38,64.71,5,2.93,gadgets,west
ORD-004480,2025-01-14,278.18,60.55,4,1.15,widgets,east
ORD-004481,2025-01-14,293.25,57.54,2,2.61,tools,east
ORD-004482,2025-01-14,269.8,85.15,3,3.67,gadgets,west
ORD-004483,2025-01-14,264.38,57.25,1,5.0,gadgets,south
ORD-004484,2025-01-14,274.46,91.19,5,4.53,gadgets,east
ORD-004485,2025-01-14,263.81,72.82,2,1.87,accessories,north
ORD-004486,2025-01-14,295.32,60.14,2,8.06,gadgets,south
ORD-004487,2025-01-14,275.33,75.37,3,2.75,accessories,south
ORD-004488,2025-01-15,495.38,86.82,4,5.69,widgets,north
ORD-004489,2025-01-15,499.43,54.13,2,4.14,tools,north
ORD-004490,2025-01-15,468.2,94.33,2,4.46,tools,east
ORD-004491,2025-01-15,480.92,78.99,1,1.98,tools,south
ORD-004492,2025-01-15,497.69,83.38,5,3.08,tools,west
ORD-004493,2025-01-16,289.57,62.62,2,4.5,gadgets,south
ORD-004494,2025-01-16,281.5,13.23,4,2.29,gadgets,west
ORD-004495,2025-01-16,299.44,67.31,5,3.76,accessories,south
ORD-004496,2025-01-16,305.79,73.13,3,2.77,accessories,south
ORD-004497,2025-01-16,308.43,91.07,1,3.33,tools,west
ORD-004498,2025-01-16,304.08,37.2,1,5.98,widgets,west
ORD-004499,2025-01-16,310.79,60.24,4,2.53,tools,south
ORD-004500,2025-01-16,316.3,47.08,2,2.19,accessories,north
ORD-004501,2025-01-17,389.31,78.27,4,3.59,tools,east
ORD-004502,2025-01-17,400.33,98.41,2,2.03,gadgets,west
ORD-004503,2025-01-17,404.72,59.41,4,5.06,accessories,south
ORD-004504,2025-01-17,431.74,52.04,2,2.06,accessories,east
ORD-004505,2025-01-17,429.15,71.74,1,2.85,accessories,east
ORD-004506,2025-01-17,395.76,65.41,4,2.14,tools,east
ORD-004507,2025-01-18,417.04,99.45,4,3.17,widgets,west
ORD-004508,2025-01-18,390.73,73.92,4,2.71,tools,west
ORD-004509,2025-01-18,397.83,50.15,3,3.51,widgets,west
ORD-004510,2025-01-18,417.38,63.39,3,2.41,widgets,east
ORD-004511,2025-01-18,395.25,63.43,1,3.73,widgets,north
ORD-004512,2025-01-18,425.26,74.33,2,1.76,tools,east
ORD-004513,2025-01-19,483.94,51.72,1,2.8,widgets,east
ORD-004514,2025-01-19,495.88,70.62,3,2.57,gadgets,east
ORD-004515,2025-01-19,492.79,78.52,2,3.24,gadgets,east
ORD-004516,2025-01-19,501.54,74.51,5,2.49,accessories,south
ORD-004517,2025-01-19,480.08,84.32,4,3.82,tools,west
ORD-004518,2025-01-20,345.69,51.52,5,5.38,tools,south
ORD-004519,2025-01-20,355.16,79.62,5,1.57,tools,west
ORD-004520,2025-01-20,357.25,74.02,5,3.29,widgets,east
ORD-004521,2025-01-20,359.53,63.24,3,3.49,widgets,south
ORD-004522,2025-01-20,371.35,68.28,4,2.07,gadgets,west
ORD-004523,2025-01-20,376.06,72.79,5,3.0,gadgets,west
ORD-004524,2025-01-20,345.84,79.68,1,2.53,accessories,north
ORD-004525,2025-01-21,450.0,85.96,5,1.93,accessories,west
ORD-004526,2025-01-21,506.95,93.9,3,2.51,accessories,west
ORD-004527,2025-01-21,500.97,90.27,1,4.47,accessories,north
ORD-004528,2025-01-21,493.54,78.84,5,3.12,accessories,south
ORD-004529,2025-01-21,482.08,17.65,4,3.91,accessories,south
ORD-004530,2025-01-22,347.17,87.25,5,2.56,tools,north
ORD-004531,2025-01-22,340.53,94.95,2,2.55,gadgets,east
ORD-004532,2025-01-22,367.14,67.47,5,3.51,accessories,west
ORD-004533,2025-01-22,380.99,35.09,3,2.66,tools,south
ORD-004534,2025-01-22,357.6,77.85,2,2.13,gadgets,south
ORD-004535,2025-01-22,349.57,63.71,2,3.31,gadgets,south
ORD-004536,2025-01-22,356.23,70.84,5,2.97,tools,north
ORD-004537,2025-01-23,481.33,85.66,2,2.28,tools,south
ORD-004538,2025-01-23,495.09,85.15,2,4.52,accessories,west
ORD-004539,2025-01-23,496.35,77.89,5,2.18,gadgets,east
ORD-004540,2025-01-23,501.34,84.28,2,6.76,tools,south
ORD-004541,2025-01-23,516.26,120.59,2,3.48,tools,east
ORD-004542,2025-01-24,809.87,129.78,5,1.46,widgets,east
ORD-004543,2025-01-24,800.85,94.03,5,3.18,tools,east
ORD-004544,2025-01-24,824.67,101.69,4,3.69,widgets,north
ORD-004545,2025-01-25,794.03,110.74,4,1.87,widgets,south
ORD-004546,2025-01-25,817.46,101.04,5,3.55,accessories,east
ORD-004547,2025-01-25,798.68,101.27,3,2.83,gadgets,south
ORD-004548,2025-01-26,263.11,55.82,2,3.81,widgets,west
ORD-004549,2025-01-26,272.68,84.25,3,6.71,accessories,east
ORD-004550,2025-01-26,295.25,76.46,4,2.63,gadgets,south
ORD-004551,2025-01-26,285.61,12.9,3,2.65,widgets,south
ORD-004552,2025-01-26,278.71,77.29,3,2.13,widgets,west
ORD-004553,2025-01-26,248.65,45.43,2,2.35,accessories,north
ORD-004554,2025-01-26,253.82,75.27,1,2.07,tools,north
ORD-004555,2025-01-26,300.43,56.55,1,5.7,widgets,north
ORD-004556,2025-01-26,267.94,80.43,5,3.4,tools,north
ORD-004557,2025-01-27,813.9,126.88,5,4.3,tools,east
ORD-004558,2025-01-27,833.87,138.94,2,3.42,tools,north
ORD-004559,2025-01-27,824.08,120.77,5,4.5,accessories,south
ORD-004560,2025-01-28,327.96,31.42,5,2.2,accessories,east
ORD-004561,2025-01-28,344.17,84.55,3,4.85,widgets,north
ORD-004562,2025-01-28,342.66,74.13,2,3.45,tools,north
ORD-004563,2025-01-28,334.65,70.78,1,2.83,widgets,east
ORD-004564,2025-01-28,353.24,60.98,3,3.77,widgets,east
ORD-004565,2025-01-28,346.17,65.91,2,4.48,widgets,north
ORD-004566,2025-01-28,350.15,63.91,4,5.04,gadgets,west
ORD-004567,2025-01-29,362.21,66.8,1,2.53,widgets,north
ORD-004568,2025-01-29,354.74,59.27,5,2.46,tools,south
ORD-004569,2025-01-29,338.89,88.54,4,4.43,widgets,east
ORD-004570,2025-01-29,329.72,48.84,2,2.47,tools,west
ORD-004571,2025-01-29,325.91,48.44,2,7.38,gadgets,north
ORD-004572,2025-01-29,360.83,49.0,1,3.5,gadgets,west
ORD-004573,2025-01-29,361.7,33.53,5,4.81,tools,south
ORD-004574,2025-01-30,262.96,63.46,2,7.24,accessories,north
ORD-004575,2025-01-30,279.34,37.46,4,2.34,widgets,north
ORD-004576,2025-01-30,283.52,47.62,4,1.88,accessories,south
ORD-004577,2025-01-30,274.54,78.67,1,3.06,tools,north
ORD-004578,2025-01-30,282.07,74.92,4,1.0,accessories,north
ORD-004579,2025-01-30,273.09,37.28,3,1.57,tools,west
ORD-004580,2025-01-30,255.06,28.67,1,2.69,gadgets,west
ORD-004581,2025-01-30,303.92,31.52,2,3.52,widgets,east
ORD-004582,2025-01-30,283.22,45.87,1,2.61,widgets,south
ORD-004583,2025-01-31,303.7,79.82,5,1.09,gadgets,east
ORD-004584,2025-01-31,314.58,105.54,4,1.45,accessories,east
ORD-004585,2025-01-31,293.46,68.07,3,2.34,widgets,north
ORD-004586,2025-01-31,348.11,84.74,4,3.72,accessories,west
ORD-004587,2025-01-31,294.58,62.02,5,3.0,widgets,north
ORD-004588,2025-01-31,313.96,67.91,2,4.87,tools,north
ORD-004589,2025-01-31,283.12,50.5,2,2.76,accessories,south
ORD-004590,2025-01-31,315.1,66.97,4,3.74,accessories,south
ORD-004591,2025-02-01,435.31,70.94,4,4.1,gadgets,west
ORD-004592,2025-02-01,410.08,86.89,5,5.6,accessories,north
ORD-004593,2025-02-01,425.04,81.3,1,2.73,gadgets,east
ORD-004594,2025-02-01,396.75,72.98,3,5.68,accessories,west
ORD-004595,2025-02-01,409.19,74.18,2,1.81,widgets,north
ORD-004596,2025-02-01,378.83,38.1,2,2.07,gadgets,north
ORD-004597,2025-02-02,397.88,67.48,1,2.23,accessories,east
ORD-004598,2025-02-02,401.59,88.51,5,2.42,accessories,north
ORD-004599,2025-02-02,421.88,67.65,4,2.75,gadgets,west
ORD-004600,2025-02-02,401.92,73.75,3,1.63,gadgets,south
ORD-004601,2025-02-02,401.49,86.89,5,1.81,tools,north
ORD-004602,2025-02-02,422.94,103.29,1,2.79,widgets,west
ORD-004603,2025-02-03,613.83,81.33,1,3.57,widgets,west
ORD-004604,2025-02-03,647.1,103.45,5,3.08,widgets,south
ORD-004605,2025-02-03,656.9,122.41,4,3.64,tools,east
ORD-004606,2025-02-03,649.24,89.98,4,3.0,widgets,west
ORD-004607,2025-02-04,295.94,44.05,2,3.82,gadgets,west
ORD-004608,2025-02-04,330.91,61.25,2,4.24,tools,south
ORD-004609,2025-02-04,313.26,54.54,4,2.78,gadgets,east
ORD-004610,2025-02-04,310.71,53.59,2,3.93,widgets,north
ORD-004611,2025-02-04,305.2,55.39,4,1.86,widgets,south
ORD-004612,2025-02-04,308.98,42.81,3,2.34,tools,east
ORD-004613,2025-02-04,304.28,47.85,1,2.78,accessories,south
ORD-004614,2025-02-04,327.28,57.77,2,2.43,gadgets,west
ORD-004615,2025-02-05,179.31,29.97,3,2.46,gadgets,east
ORD-004616,2025-02-05,204.32,38.19,5,2.96,accessories,east
ORD-004617,2025-02-05,198.05,42.08,5,5.59,tools,west
ORD-004618,2025-02-05,198.12,37.6,4,1.76,gadgets,south
ORD-004619,2025-02-05,159.12,25.23,5,10.39,widgets,north
ORD-004620,2025-02-05,216.0,58.5,1,2.26,widgets,north
ORD-004621,2025-02-05,189.28,16.72,3,4.29,gadgets,east
ORD-004622,2025-02-05,164.79,50.56,4,2.73,tools,west
ORD-004623,2025-02-05,179.6,49.45,1,4.9,accessories,east
ORD-004624,2025-02-05,206.39,50.15,4,4.3,widgets,south
ORD-004625,2025-02-05,173.49,27.31,2,2.8,gadgets,east
ORD-004626,2025-02-05,216.41,57.37,5,2.25,accessories,south
ORD-004627,2025-02-05,173.74,57.55,1,1.63,gadgets,south
ORD-004628,2025-02-06,214.12,65.06,5,3.29,tools,east
ORD-004629,2025-02-06,207.38,48.51,1,3.31,tools,north
ORD-004630,2025-02-06,219.91,40.87,3,5.06,gadgets,east
ORD-004631,2025-02-06,219.13,85.51,2,3.77,gadgets,east
ORD-004632,2025-02-06,229.73,54.39,2,5.1,accessories,north
ORD-004633,2025-02-06,202.68,26.33,2,2.56,tools,west
ORD-004634,2025-02-06,233.17,53.57,2,6.68,widgets,north
ORD-004635,2025-02-06,236.33,78.06,4,2.59,gadgets,east
ORD-004636,2025-02-06,226.93,54.48,2,6.07,gadgets,east
ORD-004637,2025-02-06,218.54,60.83,1,2.14,tools,south
ORD-004638,2025-02-06,196.21,15.94,2,1.94,tools,north
ORD-004639,2025-02-07,477.87,69.18,3,1.38,tools,south
ORD-004640,2025-02-07,484.57,75.05,5,2.55,gadgets,west
ORD-004641,2025-02-07,497.1,54.04,3,3.6,accessories,south
ORD-004642,2025-02-07,512.06,53.19,2,2.38,tools,west
ORD-004643,2025-02-07,503.68,80.39,3,2.52,gadgets,west
ORD-004644,2025-02-08,610.61,99.68,5,4.13,gadgets,north
ORD-004645,2025-02-08,613.83,74.74,5,3.13,tools,south
ORD-004646,2025-02-08,588.26,88.95,1,3.03,widgets,east
ORD-004647,2025-02-08,586.38,88.34,3,3.8,gadgets,south
ORD-004648,2025-02-09,226.95,64.97,4,2.19,widgets,south
ORD-004649,2025-02-09,249.64,73.36,1,1.7,widgets,south
ORD-004650,2025-02-09,254.14,42.88,4,2.95,widgets,west
ORD-004651,2025-02-09,266.03,72.82,2,3.12,tools,south
ORD-004652,2025-02-09,294.77,61.89,5,5.79,gadgets,east
ORD-004653,2025-02-09,245.6,44.29,4,4.05,accessories,east
ORD-004654,2025-02-09,240.03,53.21,3,2.41,widgets,east
ORD-004655,2025-02-09,266.75,43.79,4,2.36,accessories,west
ORD-004656,2025-02-09,271.77,73.78,2,1.97,widgets,north
ORD-004657,2025-02-09,243.83,61.68,5,2.66,gadgets,west
ORD-004658,2025-02-10,501.85,80.5,2,2.4,accessories,north
ORD-004659,2025-02-10,519.29,107.9,1,3.48,gadgets,south
ORD-004660,2025-02-10,530.03,61.94,2,4.76,tools,north
ORD-004661,2025-02-10,529.21,100.66,3,4.27,widgets,south
ORD-004662,2025-02-10,511.26,93.71,1,3.27,tools,east
ORD-004663,2025-02-11,528.67,90.94,2,3.29,accessories,west
ORD-004664,2025-02-11,517.13,86.0,4,2.95,widgets,west
ORD-004665,2025-02-11,506.59,92.73,5,2.07,accessories,east
ORD-004666,2025-02-11,521.25,103.56,5,1.89,tools,north
ORD-004667,2025-02-11,509.04,114.06,5,3.08,accessories,west
ORD-004668,2025-02-12,517.03,80.32,2,3.89,widgets,south
ORD-004669,2025-02-12,496.37,52.36,3,1.66,accessories,west
ORD-004670,2025-02-12,501.56,54.56,1,2.83,gadgets,north
ORD-004671,2025-02-12,475.83,90.57,5,3.74,tools,west
ORD-004672,2025-02-12,507.31,104.24,1,3.06,gadgets,north
ORD-004673,2025-02-13,1232.63,194.94,3,3.8,accessories,west
ORD-004674,2025-02-13,1247.6,166.81,2,2.39,gadgets,east
ORD-004675,2025-02-14,492.08,98.88,1,5.55,accessories,east
ORD-004676,2025-02-14,481.12,79.75,5,3.18,gadgets,north
ORD-004677,2025-02-14,520.52,68.54,5,2.6,gadgets,west
ORD-004678,2025-02-14,480.67,78.2,1,2.99,widgets,south
ORD-004679,2025-02-14,489.32,49.58,5,6.97,widgets,east
ORD-004680,2025-02-15,363.63,62.33,2,6.62,tools,east
ORD-004681,2025-02-15,363.5,60.49,1,1.89,accessories,west
ORD-004682,2025-02-15,347.18,59.81,4,3.17,widgets,east
ORD-004683,2025-02-15,367.06,59.06,1,6.02,gadgets,east
ORD-004684,2025-02-15,346.89,59.39,5,3.75,widgets,east
ORD-004685,2025-02-15,371.17,79.27,2,2.5,widgets,west
ORD-004686,2025-02-15,363.31,85.37,5,4.18,accessories,north
ORD-004687,2025-02-16,349.74,78.56,3,4.72,widgets,west
ORD-004688,2025-02-16,349.72,74.1,3,2.07,gadgets,north
ORD-004689,2025-02-16,353.77,100.24,4,2.13,accessories,west
ORD-004690,2025-02-16,354.28,19.27,3,2.19,tools,south
ORD-004691,2025-02-16,329.25,79.05,1,4.11,accessories,west
ORD-004692,2025-02-16,371.87,54.48,1,2.22,tools,west
ORD-004693,2025-02-16,349.33,72.64,3,1.89,accessories,west
ORD-004694,2025-02-17,814.2,82.53,1,2.45,accessories,east
ORD-004695,2025-02-17,849.73,118.09,1,5.37,gadgets,west
ORD-004696,2025-02-17,824.36,140.33,4,3.64,accessories,south
ORD-004697,2025-02-18,343.55,71.27,3,2.78,accessories,north
ORD-004698,2025-02-18,350.77,81.7,3,3.46,gadgets,north
ORD-004699,2025-02-18,369.03,74.75,4,3.78,accessories,south
ORD-004700,2025-02-18,380.06,49.36,3,2.06,gadgets,south
ORD-004701,2025-02-18,342.43,49.79,5,1.46,tools,south
ORD-004702,2025-02-18,367.34,89.87,2,2.47,gadgets,north
ORD-004703,2025-02-18,359.54,48.22,3,3.59,tools,east
ORD-004704,2025-02-19,317.3,65.82,2,2.82,accessories,south
ORD-004705,2025-02-19,314.0,29.17,5,1.69,gadgets,south
ORD-004706,2025-02-19,298.87,45.92,5,2.59,widgets,east
ORD-004707,2025-02-19,350.4,86.99,4,2.24,widgets,east
ORD-004708,2025-02-19,325.48,39.34,5,4.29,widgets,north
ORD-004709,2025-02-19,297.57,54.48,3,5.17,widgets,north
ORD-004710,2025-02-19,309.48,68.69,5,2.83,accessories,north
ORD-004711,2025-02-19,329.84,79.23,5,1.94,widgets,east
ORD-004712,2025-02-20,418.28,50.87,4,4.49,widgets,north
ORD-004713,2025-02-20,400.09,81.17,5,3.04,widgets,north
ORD-004714,2025-02-20,449.72,73.83,2,2.37,gadgets,west
ORD-004715,2025-02-20,414.51,77.9,5,3.3,tools,south
ORD-004716,2025-02-20,412.53,69.09,1,2.2,tools,west
ORD-004717,2025-02-20,443.42,60.01,3,2.26,gadgets,south
ORD-004718,2025-02-21,405.58,77.81,2,2.11,widgets,south
ORD-004719,2025-02-21,426.34,121.58,2,5.45,gadgets,north
ORD-004720,2025-02-21,427.96,67.85,1,2.85,widgets,west
ORD-004721,2025-02-21,426.93,34.47,4,4.56,widgets,south
ORD-004722,2025-02-21,424.43,68.02,1,5.63,gadgets,north
ORD-004723,2025-02-21,417.93,49.75,5,5.77,tools,east
ORD-004724,2025-02-22,268.89,44.94,1,4.69,accessories,south
ORD-004725,2025-02-22,269.33,53.03,5,2.26,accessories,north
ORD-004726,2025-02-22,290.97,79.33,3,1.5,widgets,south
ORD-004727,2025-02-22,257.41,87.43,5,4.25,tools,north
ORD-004728,2025-02-22,287.69,58.48,5,2.54,gadgets,south
ORD-004729,2025-02-22,284.42,48.93,4,3.09,accessories,east
ORD-004730,2025-02-22,275.0,53.22,3,1.78,gadgets,north
ORD-004731,2025-02-22,278.71,37.33,2,2.68,tools,north
ORD-004732,2025-02-22,295.79,42.17,2,5.38,tools,north
ORD-004733,2025-02-23,422.67,85.63,1,5.69,widgets,east
ORD-004734,2025-02-23,425.91,73.72,4,3.78,tools,west
ORD-004735,2025-02-23,410.43,87.2,1,3.66,tools,east
ORD-004736,2025-02-23,454.24,113.28,3,1.17,gadgets,east
ORD-004737,2025-02-23,444.5,69.07,2,3.17,widgets,east
ORD-004738,2025-02-23,412.13,72.26,3,5.07,accessories,north
ORD-004739,2025-02-24,354.11,66.05,1,3.06,gadgets,east
ORD-004740,2025-02-24,350.6,74.14,3,3.3,accessories,east
ORD-004741,2025-02-24,360.32,66.47,1,2.67,widgets,west
ORD-004742,2025-02-24,403.21,71.09,5,1.94,accessories,west
ORD-004743,2025-02-24,351.62,49.27,5,3.62,gadgets,west
ORD-004744,2025-02-24,370.53,33.93,4,1.89,tools,south
ORD-004745,2025-02-24,355.13,72.22,5,6.49,tools,east
ORD-004746,2025-02-25,504.78,71.2,4,4.51,gadgets,west
ORD-004747,2025-02-25,511.77,131.78,3,4.14,gadgets,south
ORD-004748,2025-02-25,515.39,93.78,5,5.91,tools,east
ORD-004749,2025-02-25,499.39,64.99,2,1.82,accessories,east
ORD-004750,2025-02-25,516.21,69.77,2,5.47,gadgets,east
ORD-004751,2025-02-26,1278.16,158.76,2,3.29,tools,west
ORD-004752,2025-02-26,1272.05,193.0,2,2.25,widgets,east
ORD-004753,2025-02-27,426.33,50.24,1,4.12,widgets,east
ORD-004754,2025-02-27,416.55,65.86,4,2.45,widgets,east
ORD-004755,2025-02-27,424.08,65.93,1,4.59,widgets,west
ORD-004756,2025-02-27,423.61,79.82,5,1.86,tools,west
ORD-004757,2025-02-27,415.23,79.65,3,4.06,gadgets,west
ORD-004758,2025-02-27,422.77,78.44,3,2.96,widgets,south
ORD-004759,2025-02-28,433.72,106.81,1,4.56,accessories,east
ORD-004760,2025-02-28,456.7,80.55,1,1.71,widgets,east
ORD-004761,2025-02-28,440.25,67.15,3,1.86,widgets,north
ORD-004762,2025-02-28,414.36,63.16,3,3.56,gadgets,east
ORD-004763,2025-02-28,405.52,96.93,5,3.4,widgets,east
ORD-004764,2025-02-28,449.61,95.71,5,2.49,widgets,west
ORD-004765,2025-03-01,498.14,107.47,3,4.74,gadgets,south
ORD-004766,2025-03-01,509.74,68.88,2,3.08,tools,south
ORD-004767,2025-03-01,507.48,84.88,4,2.89,widgets,west
ORD-004768,2025-03-01,527.97,95.09,5,2.55,widgets,east
ORD-004769,2025-03-01,511.87,48.68,4,8.21,tools,east
ORD-004770,2025-03-02,654.78,81.33,1,3.13,gadgets,north
ORD-004771,2025-03-02,646.28,95.61,1,2.91,tools,south
ORD-004772,2025-03-02,637.64,90.46,3,5.61,accessories,south
ORD-004773,2025-03-02,646.89,94.22,3,1.39,accessories,north
ORD-004774,2025-03-03,300.06,72.76,4,2.3,accessories,east
ORD-004775,2025-03-03,285.62,45.32,2,4.26,tools,south
ORD-004776,2025-03-03,284.49,55.24,5,3.54,widgets,west
ORD-004777,2025-03-03,266.0,53.0,5,3.27,widgets,north
ORD-004778,2025-03-03,298.81,107.33,2,4.54,widgets,west
ORD-004779,2025-03-03,276.84,15.5,1,2.24,widgets,west
ORD-004780,2025-03-03,286.38,106.81,5,1.39,accessories,west
ORD-004781,2025-03-03,282.56,52.63,1,3.46,widgets,west
ORD-004782,2025-03-03,299.85,100.77,2,4.21,accessories,south
ORD-004783,2025-03-04,306.98,48.4,5,1.85,tools,west
ORD-004784,2025-03-04,334.75,64.53,3,3.95,tools,east
ORD-004785,2025-03-04,327.97,79.57,5,6.37,accessories,west
ORD-004786,2025-03-04,313.58,27.48,3,2.67,gadgets,east
ORD-004787,2025-03-04,344.55,68.54,5,3.24,accessories,south
ORD-004788,2025-03-04,333.21,67.84,1,4.4,gadgets,west
ORD-004789,2025-03-04,343.09,77.93,4,1.65,widgets,west
ORD-004790,2025-03-04,313.39,50.46,4,6.88,gadgets,west
ORD-004791,2025-03-05,517.72,83.51,4,5.83,widgets,north
ORD-004792,2025-03-05,501.69,60.93,2,3.84,gadgets,west
ORD-004793,2025-03-05,523.58,54.49,2,2.47,gadgets,south
ORD-004794,2025-03-05,496.64,90.58,5,3.5,accessories,east
ORD-004795,2025-03-05,502.74,78.87,4,1.32,widgets,north
ORD-004796,2025-03-06,244.91,59.68,3,2.02,accessories,east
ORD-004797,2025-03-06,263.85,68.0,1,2.8,gadgets,north
ORD-004798,2025-03-06,240.74,43.32,5,3.13,widgets,south
ORD-004799,2025-03-06,229.73,63.65,2,1.95,accessories,west
ORD-004800,2025-03-06,262.34,61.49,5,1.75,gadgets,south
ORD-004801,2025-03-06,252.84,46.79,3,2.12,gadgets,north
ORD-004802,2025-03-06,256.74,74.44,2,2.82,tools,north
ORD-004803,2025-03-06,258.15,41.06,4,3.52,accessories,east
ORD-004804,2025-03-06,286.76,42.03,2,4.82,accessories,east
ORD-004805,2025-03-06,235.64,41.74,2,3.94,widgets,east
ORD-004806,2025-03-07,342.32,83.18,4,5.0,widgets,south
ORD-004807,2025-03-07,367.94,60.76,1,2.04,accessories,east
ORD-004808,2025-03-07,376.84,87.68,1,2.63,accessories,east
ORD-004809,2025-03-07,359.67,81.3,5,3.88,gadgets,east
ORD-004810,2025-03-07,369.52,60.18,5,3.52,accessories,south
ORD-004811,2025-03-07,357.08,122.23,3,9.69,gadgets,west
ORD-004812,2025-03-07,369.2,72.62,5,5.12,widgets,west
ORD-004813,2025-03-08,437.24,59.86,5,4.1,tools,west
ORD-004814,2025-03-08,402.52,84.19,4,4.17,widgets,north
ORD-004815,2025-03-08,434.32,85.41,2,2.8,accessories,south
ORD-004816,2025-03-08,422.93,94.54,2,1.53,gadgets,north
ORD-004817,2025-03-08,410.66,58.88,1,2.6,tools,west
ORD-004818,2025-03-08,406.78,71.29,1,2.16,widgets,east
ORD-004819,2025-03-09,435.43,45.84,5,3.52,accessories,north
ORD-004820,2025-03-09,425.83,96.75,2,2.32,accessories,south
ORD-004821,2025-03-09,425.17,62.3,3,6.56,gadgets,east
ORD-004822,2025-03-09,435.34,60.88,2,3.17,accessories,south
ORD-004823,2025-03-09,455.55,55.17,5,3.06,gadgets,south
ORD-004824,2025-03-09,448.51,80.94,2,3.77,tools,south
ORD-004825,2025-03-10,449.86,64.27,2,1.73,widgets,west
ORD-004826,2025-03-10,425.2,43.12,5,3.59,widgets,east
ORD-004827,2025-03-10,424.93,61.82,4,2.88,gadgets,west
ORD-004828,2025-03-10,421.74,108.65,3,4.07,accessories,north
ORD-004829,2025-03-10,448.43,70.66,3,3.71,tools,south
ORD-004830,2025-03-10,432.5,72.1,4,1.63,accessories,west
ORD-004831,2025-03-11,642.96,126.51,5,3.69,gadgets,north
ORD-004832,2025-03-11,629.74,82.47,1,2.56,gadgets,east
ORD-004833,2025-03-11,621.69,73.85,3,1.97,accessories,east
ORD-004834,2025-03-11,658.11,82.13,3,3.35,widgets,west
ORD-004835,2025-03-12,639.33,104.16,4,3.49,gadgets,south
ORD-004836,2025-03-12,641.16,138.49,4,3.16,accessories,east
ORD-004837,2025-03-12,661.91,90.92,4,1.94,gadgets,west
ORD-004838,2025-03-12,641.3,95.99,2,2.76,accessories,west
ORD-004839,2025-03-13,283.24,60.09,5,3.92,widgets,north
ORD-004840,2025-03-13,321.14,66.48,2,3.08,accessories,west
ORD-004841,2025-03-13,330.57,69.71,2,3.93,gadgets,east
ORD-004842,2025-03-13,328.2,105.02,1,2.33,tools,east
ORD-004843,2025-03-13,304.99,70.17,2,1.84,widgets,east
ORD-004844,2025-03-13,312.98,48.26,2,2.67,accessories,north
ORD-004845,2025-03-13,324.21,58.0,4,5.55,accessories,north
ORD-004846,2025-03-13,305.82,90.34,5,2.17,accessories,south
ORD-004847,2025-03-14,360.21,95.22,3,3.91,tools,south
ORD-004848,2025-03-14,371.77,53.97,1,1.04,widgets,west
ORD-004849,2025-03-14,367.88,61.84,1,3.38,tools,south
ORD-004850,2025-03-14,346.26,46.25,4,3.77,tools,south
ORD-004851,2025-03-14,368.65,70.77,2,3.34,gadgets,west
ORD-004852,2025-03-14,353.18,72.61,2,2.66,widgets,east
ORD-004853,2025-03-14,370.59,70.27,3,4.23,gadgets,west
ORD-004854,2025-03-15,282.77,64.96,4,3.65,gadgets,north
ORD-004855,2025-03-15,319.23,52.89,5,2.69,gadgets,east
ORD-004856,2025-03-15,285.98,57.44,2,3.53,accessories,east
ORD-004857,2025-03-15,316.35,50.54,3,3.34,gadgets,south
ORD-004858,2025-03-15,292.58,45.94,1,4.28,tools,west
ORD-004859,2025-03-15,281.9,70.9,2,4.44,gadgets,north
ORD-004860,2025-03-15,293.76,65.97,1,3.2,widgets,east
ORD-004861,2025-03-15,304.93,72.04,5,2.95,tools,west
ORD-004862,2025-03-15,289.58,61.01,2,3.08,accessories,north
ORD-004863,2025-03-16,515.02,90.87,4,10.57,tools,east
ORD-004864,2025-03-16,537.41,91.7,4,3.13,tools,west
ORD-004865,2025-03-16,498.46,107.95,4,2.48,accessories,north
ORD-004866,2025-03-16,510.95,97.21,1,3.3,tools,north
ORD-004867,2025-03-16,509.98,106.68,2,2.79,widgets,north
ORD-004868,2025-03-17,1320.21,164.64,5,3.11,tools,east
ORD-004869,2025-03-17,1283.74,192.39,1,2.55,tools,south
ORD-004870,2025-03-18,514.59,95.19,1,2.14,widgets,north
ORD-004871,2025-03-18,544.08,82.65,2,3.52,accessories,west
ORD-004872,2025-03-18,522.51,108.52,1,2.04,widgets,east
ORD-004873,2025-03-18,532.6,108.95,5,3.15,accessories,north
ORD-004874,2025-03-18,512.68,59.39,3,5.18,gadgets,north
ORD-004875,2025-03-19,392.74,45.34,5,5.4,tools,east
ORD-004876,2025-03-19,387.47,74.19,4,3.74,widgets,west
ORD-004877,2025-03-19,392.58,93.15,1,1.53,accessories,east
ORD-004878,2025-03-19,371.47,62.26,1,3.34,gadgets,west
ORD-004879,2025-03-19,363.13,80.55,2,2.63,tools,east
ORD-004880,2025-03-19,411.46,82.41,2,2.07,gadgets,east
ORD-004881,2025-03-19,387.47,75.96,3,3.4,widgets,south
ORD-004882,2025-03-20,419.64,41.17,4,2.85,tools,east
ORD-004883,2025-03-20,411.58,96.91,3,2.59,gadgets,north
ORD-004884,2025-03-20,440.82,80.81,5,3.11,tools,west
ORD-004885,2025-03-20,444.58,86.23,5,3.43,gadgets,west
ORD-004886,2025-03-20,457.09,76.64,1,3.84,widgets,north
ORD-004887,2025-03-20,447.89,72.75,4,6.26,accessories,east
ORD-004888,2025-03-21,294.92,73.99,4,1.82,accessories,west
ORD-004889,2025-03-21,325.48,46.2,4,2.78,widgets,north
ORD-004890,2025-03-21,318.56,46.21,1,1.69,gadgets,north
ORD-004891,2025-03-21,311.89,95.12,4,3.69,gadgets,east
ORD-004892,2025-03-21,324.9,58.92,3,2.69,accessories,north
ORD-004893,2025-03-21,320.61,101.96,3,2.69,accessories,south
ORD-004894,2025-03-21,329.75,78.25,4,2.34,accessories,east
ORD-004895,2025-03-21,305.76,44.12,5,4.68,widgets,east
ORD-004896,2025-03-22,431.91,94.4,3,4.7,tools,east
ORD-004897,2025-03-22,422.71,99.51,4,2.94,widgets,north
ORD-004898,2025-03-22,417.94,59.73,1,1.56,tools,east
ORD-004899,2025-03-22,440.96,94.63,1,2.96,gadgets,north
ORD-004900,2025-03-22,452.16,44.42,5,4.26,tools,west
ORD-004901,2025-03-22,413.06,79.98,1,4.84,widgets,west
ORD-004902,2025-03-23,643.83,94.05,4,2.56,gadgets,east
ORD-004903,2025-03-23,657.39,51.57,4,3.62,accessories,north
ORD-004904,2025-03-23,634.85,114.01,2,2.35,tools,south
ORD-004905,2025-03-23,656.97,113.58,4,4.37,gadgets,west
ORD-004906,2025-03-24,513.36,81.02,5,3.13,accessories,south
ORD-004907,2025-03-24,529.07,71.17,5,3.78,gadgets,south
ORD-004908,2025-03-24,526.49,62.9,1,2.7,gadgets,north
ORD-004909,2025-03-24,504.75,80.26,5,3.35,widgets,north
ORD-004910,2025-03-24,513.57,97.58,3,5.98,gadgets,south
ORD-004911,2025-03-25,894.37,109.52,5,1.81,accessories,south
ORD-004912,2025-03-25,902.34,113.66,1,4.9,tools,south
ORD-004913,2025-03-25,871.89,114.75,5,3.6,tools,west
ORD-004914,2025-03-26,368.34,59.67,3,1.38,accessories,north
ORD-004915,2025-03-26,401.12,58.15,3,3.18,accessories,west
ORD-004916,2025-03-26,365.79,77.32,2,3.14,accessories,east
ORD-004917,2025-03-26,378.35,63.16,5,3.41,widgets,east
ORD-004918,2025-03-26,374.61,33.46,4,2.05,accessories,west
ORD-004919,2025-03-26,377.44,75.32,3,2.16,widgets,south
ORD-004920,2025-03-26,382.29,102.87,2,2.17,tools,west
ORD-004921,2025-03-27,331.18,92.81,2,5.78,gadgets,south
ORD-004922,2025-03-27,323.18,56.71,5,2.19,widgets,west
ORD-004923,2025-03-27,322.9,45.48,5,3.44,gadgets,north
ORD-004924,2025-03-27,330.27,82.54,1,5.72,accessories,south
ORD-004925,2025-03-27,322.88,75.14,2,2.21,gadgets,west
ORD-004926,2025-03-27,308.12,66.21,1,4.16,tools,east
ORD-004927,2025-03-27,295.65,40.96,3,1.4,widgets,west
ORD-004928,2025-03-27,324.01,40.52,3,2.34,accessories,north
ORD-004929,2025-03-28,353.86,58.61,3,1.81,widgets,west
ORD-004930,2025-03-28,342.77,26.36,5,5.88,tools,south
ORD-004931,2025-03-28,403.92,74.1,1,5.19,tools,south
ORD-004932,2025-03-28,378.89,61.05,2,2.05,tools,west
ORD-004933,2025-03-28,350.27,108.66,2,7.31,tools,north
ORD-004934,2025-03-28,394.15,60.12,3,5.24,accessories,east
ORD-004935,2025-03-28,361.41,44.12,5,4.41,accessories,north
ORD-004936,2025-03-29,304.76,62.31,5,6.07,gadgets,south
ORD-004937,2025-03-29,328.36,66.49,2,3.16,gadgets,west
ORD-004938,2025-03-29,322.42,78.01,2,2.36,gadgets,west
ORD-004939,2025-03-29,307.56,59.03,2,1.53,accessories,west
ORD-004940,2025-03-29,325.94,100.11,4,1.63,accessories,south
ORD-004941,2025-03-29,315.08,56.56,5,1.81,gadgets,west
ORD-004942,2025-03-29,347.01,33.6,1,1.78,gadgets,north
ORD-004943,2025-03-29,339.63,49.83,1,1.23,accessories,south
ORD-004944,2025-03-30,515.7,65.31,3,1.68,gadgets,west
ORD-004945,2025-03-30,530.72,91.73,5,4.58,accessories,west
ORD-004946,2025-03-30,523.9,92.11,2,3.21,accessories,south
ORD-004947,2025-03-30,508.39,87.75,4,3.45,widgets,north
ORD-004948,2025-03-30,551.81,64.82,1,2.1,widgets,east
ORD-004949,2025-03-31,522.28,77.7,5,1.84,gadgets,south
ORD-004950,2025-03-31,520.0,78.96,2,5.5,tools,north
ORD-004951,2025-03-31,532.36,86.18,5,3.82,widgets,north
ORD-004952,2025-03-31,540.12,80.04,1,1.64,accessories,east
ORD-004953,2025-03-31,542.49,98.03,3,1.62,widgets,west
ORD-004954,2025-04-01,324.8,51.44,4,2.38,tools,west
ORD-004955,2025-04-01,335.66,50.1,1,2.9,gadgets,south
ORD-004956,2025-04-01,333.29,51.32,3,3.16,accessories,east
ORD-004957,2025-04-01,337.64,95.26,1,3.09,gadgets,north
ORD-004958,2025-04-01,333.9,72.96,5,2.74,tools,west
ORD-004959,2025-04-01,311.43,51.22,1,2.28,accessories,east
ORD-004960,2025-04-01,315.9,79.13,1,1.92,accessories,west
ORD-004961,2025-04-01,314.84,85.34,4,4.56,tools,east
ORD-004962,2025-04-02,541.23,77.76,5,1.86,gadgets,west
ORD-004963,2025-04-02,517.79,81.1,3,2.65,gadgets,south
ORD-004964,2025-04-02,538.44,89.25,3,3.61,accessories,north
ORD-004965,2025-04-02,523.35,98.8,5,1.91,accessories,south
ORD-004966,2025-04-02,523.4,128.57,2,7.19,accessories,east
ORD-004967,2025-04-03,424.33,36.38,3,3.18,accessories,north
ORD-004968,2025-04-03,445.79,59.43,1,3.38,accessories,south
ORD-004969,2025-04-03,456.82,41.02,4,1.5,accessories,south
ORD-004970,2025-04-03,443.84,71.81,3,7.73,gadgets,west
ORD-004971,2025-04-03,431.2,63.52,4,2.66,widgets,east
ORD-004972,2025-04-03,443.01,87.37,4,2.93,tools,south
ORD-004973,2025-04-04,201.09,49.6,2,2.55,widgets,south
ORD-004974,2025-04-04,178.3,11.37,4,3.99,tools,east
ORD-004975,2025-04-04,197.89,58.25,3,10.18,widgets,east
ORD-004976,2025-04-04,198.13,56.89,3,4.43,widgets,south
ORD-004977,2025-04-04,177.0,55.02,2,2.38,gadgets,south
ORD-004978,2025-04-04,200.04,45.1,1,2.88,tools,south
ORD-004979,2025-04-04,196.89,64.38,3,1.83,gadgets,east
ORD-004980,2025-04-04,194.27,57.85,5,6.1,widgets,west
ORD-004981,2025-04-04,177.52,5.0,1,3.79,gadgets,south
ORD-004982,2025-04-04,193.24,60.71,1,1.83,gadgets,north
ORD-004983,2025-04-04,201.12,44.02,2,4.23,accessories,west
ORD-004984,2025-04-04,215.54,88.93,3,2.64,accessories,east
ORD-004985,2025-04-04,195.1,37.02,1,3.69,widgets,east
ORD-004986,2025-04-05,517.5,73.78,4,5.19,widgets,north
ORD-004987,2025-04-05,514.31,84.34,5,2.25,accessories,west
ORD-004988,2025-04-05,519.56,96.96,3,2.84,tools,west
ORD-004989,2025-04-05,532.84,58.3,1,2.6,accessories,east
ORD-004990,2025-04-05,524.82,74.6,5,1.46,tools,north
ORD-004991,2025-04-06,557.82,81.49,5,5.2,widgets,north
ORD-004992,2025-04-06,505.86,84.65,3,3.04,gadgets,north
ORD-004993,2025-04-06,512.25,112.52,1,1.42,gadgets,north
ORD-004994,2025-04-06,543.46,95.77,1,2.39,accessories,north
ORD-004995,2025-04-06,538.93,80.77,2,3.23,accessories,south
ORD-004996,2025-04-07,224.28,53.24,3,3.11,tools,north
ORD-004997,2025-04-07,195.75,86.74,4,4.19,tools,south
ORD-004998,2025-04-07,217.15,32.61,5,2.8,accessories,north
ORD-004999,2025-04-07,172.9,35.05,5,5.17,tools,east
ORD-005000,2025-04-07,190.84,36.29,4,2.92,gadgets,north
ORD-005001,2025-04-07,183.63,76.95,2,1.99,accessories,east
ORD-005002,2025-04-07,183.27,80.33,5,2.9,tools,north
ORD-005003,2025-04-07,195.03,40.07,4,2.82,gadgets,south
ORD-005004,2025-04-07,183.44,31.47,4,3.59,widgets,west
ORD-005005,2025-04-07,189.26,39.47,5,4.7,accessories,west
ORD-005006,2025-04-07,197.34,59.52,5,4.69,widgets,east
ORD-005007,2025-04-07,200.44,73.3,1,1.65,tools,east
ORD-005008,2025-04-07,190.36,31.26,2,3.33,tools,south
ORD-005009,2025-04-07,193.31,62.62,2,4.83,accessories,east
ORD-005010,2025-04-08,529.42,67.09,1,2.1,accessories,south
ORD-005011,2025-04-08,553.56,62.15,1,3.31,widgets,east
ORD-005012,2025-04-08,531.22,82.87,1,1.41,gadgets,east
ORD-005013,2025-04-08,532.38,97.75,5,3.74,tools,north
ORD-005014,2025-04-08,494.43,95.51,2,2.82,tools,east
ORD-005015,2025-04-09,654.04,107.81,1,4.76,widgets,west
ORD-005016,2025-04-09,667.34,117.87,2,2.5,widgets,north
ORD-005017,2025-04-09,661.32,50.61,5,3.47,widgets,south
ORD-005018,2025-04-09,666.48,105.21,3,3.33,accessories,south
ORD-005019,2025-04-10,274.41,54.55,2,2.31,tools,north
ORD-005020,2025-04-10,273.56,56.53,3,2.39,tools,north
ORD-005021,2025-04-10,277.09,87.51,2,1.71,gadgets,west
ORD-005022,2025-04-10,295.52,32.59,2,10.46,widgets,east
ORD-005023,2025-04-10,239.99,38.74,5,3.82,gadgets,east
ORD-005024,2025-04-10,269.91,33.3,1,3.75,gadgets,north
ORD-005025,2025-04-10,257.9,77.01,3,1.74,widgets,west
ORD-005026,2025-04-10,256.87,36.44,5,3.05,widgets,north
ORD-005027,2025-04-10,268.7,92.37,2,2.64,accessories,west
ORD-005028,2025-04-10,257.13,63.41,4,3.09,accessories,east
ORD-005029,2025-04-11,450.81,83.52,2,3.97,tools,north
ORD-005030,2025-04-11,424.1,67.55,4,4.24,gadgets,west
ORD-005031,2025-04-11,458.73,79.97,4,2.32,gadgets,south
ORD-005032,2025-04-11,465.07,60.94,1,1.58,widgets,south
ORD-005033,2025-04-11,450.11,81.84,2,3.28,gadgets,north
ORD-005034,2025-04-11,435.57,66.03,4,3.22,widgets,west
ORD-005035,2025-04-12,678.01,86.13,2,1.97,widgets,north
ORD-005036,2025-04-12,667.91,73.08,5,4.11,widgets,east
ORD-005037,2025-04-12,657.13,145.93,3,2.92,gadgets,east
ORD-005038,2025-04-12,697.93,86.64,5,2.11,gadgets,south
ORD-005039,2025-04-13,672.58,103.07,4,3.78,accessories,north
ORD-005040,2025-04-13,645.82,104.55,3,2.04,accessories,north
ORD-005041,2025-04-13,672.28,69.49,4,1.41,widgets,west
ORD-005042,2025-04-13,664.62,115.9,4,3.01,accessories,west
ORD-005043,2025-04-14,476.58,86.56,1,7.21,widgets,north
ORD-005044,2025-04-14,470.92,101.72,1,6.64,gadgets,north
ORD-005045,2025-04-14,444.02,46.23,2,2.59,tools,west
ORD-005046,2025-04-14,442.94,52.6,2,1.91,gadgets,south
ORD-005047,2025-04-14,435.22,64.51,5,3.9,tools,east
ORD-005048,2025-04-14,450.05,60.09,2,2.53,tools,south
ORD-005049,2025-04-15,670.38,107.41,5,7.84,gadgets,west
ORD-005050,2025-04-15,692.93,118.62,4,5.26,tools,east
ORD-005051,2025-04-15,668.9,57.05,5,2.71,widgets,north
ORD-005052,2025-04-15,670.66,106.04,5,2.7,accessories,west
ORD-005053,2025-04-16,456.78,68.85,1,4.66,widgets,north
ORD-005054,2025-04-16,431.65,42.69,3,2.73,gadgets,north
ORD-005055,2025-04-16,471.52,49.92,1,2.18,widgets,south
ORD-005056,2025-04-16,448.61,80.65,4,2.47,widgets,east
ORD-005057,2025-04-16,448.23,106.18,4,5.49,tools,west
ORD-005058,2025-04-16,461.71,113.16,1,4.08,accessories,south
ORD-005059,2025-04-17,462.98,85.4,1,2.35,accessories,east
ORD-005060,2025-04-17,437.4,60.65,2,2.3,widgets,south
ORD-005061,2025-04-17,447.67,84.62,5,4.4,widgets,south
ORD-005062,2025-04-17,450.77,69.01,2,2.83,tools,north
ORD-005063,2025-04-17,437.57,58.08,3,3.84,accessories,north
ORD-005064,2025-04-17,436.61,101.42,5,2.57,tools,north
ORD-005065,2025-04-18,357.87,61.55,2,1.32,gadgets,west
ORD-005066,2025-04-18,378.65,64.23,2,3.09,accessories,south
ORD-005067,2025-04-18,391.47,98.62,2,1.94,tools,south
ORD-005068,2025-04-18,385.38,61.95,1,2.54,accessories,south
ORD-005069,2025-04-18,341.03,75.52,3,1.59,accessories,east
ORD-005070,2025-04-18,373.2,64.72,4,2.36,tools,south
ORD-005071,2025-04-18,393.88,88.55,1,1.58,widgets,east
ORD-005072,2025-04-19,651.64,117.3,1,3.0,tools,west
ORD-005073,2025-04-19,675.67,121.18,3,3.15,widgets,south
ORD-005074,2025-04-19,657.09,98.66,2,4.32,tools,east
ORD-005075,2025-04-19,665.94,87.89,2,2.02,gadgets,west
ORD-005076,2025-04-20,444.95,92.92,3,3.99,accessories,north
ORD-005077,2025-04-20,425.38,94.37,5,1.63,widgets,north
ORD-005078,2025-04-20,450.43,102.71,2,2.26,accessories,north
ORD-005079,2025-04-20,454.73,48.44,1,2.95,gadgets,north
ORD-005080,2025-04-20,435.06,64.02,3,2.7,gadgets,north
ORD-005081,2025-04-20,423.9,91.95,2,1.53,tools,east
ORD-005082,2025-04-21,452.37,49.43,5,4.59,widgets,west
ORD-005083,2025-04-21,451.85,69.31,2,4.33,tools,south
ORD-005084,2025-04-21,468.28,84.09,2,6.65,accessories,north
ORD-005085,2025-04-21,459.86,40.7,4,1.56,accessories,east
ORD-005086,2025-04-21,461.09,58.72,4,2.46,gadgets,west
ORD-005087,2025-04-21,456.44,81.7,1,2.76,widgets,west
ORD-005088,2025-04-22,529.97,107.58,5,4.34,gadgets,north
ORD-005089,2025-04-22,566.48,68.72,1,5.77,tools,north
ORD-005090,2025-04-22,522.86,85.36,4,3.05,gadgets,south
ORD-005091,2025-04-22,544.63,88.66,5,4.83,tools,south
ORD-005092,2025-04-22,507.97,132.5,2,1.51,accessories,east
ORD-005093,2025-04-23,557.99,64.14,3,2.33,gadgets,north
ORD-005094,2025-04-23,525.45,61.26,3,4.26,widgets,north
ORD-005095,2025-04-23,545.61,88.99,1,3.17,accessories,east
ORD-005096,2025-04-23,548.05,91.07,2,5.5,tools,east
ORD-005097,2025-04-23,535.93,70.46,2,3.22,gadgets,south
ORD-005098,2025-04-24,275.12,93.85,4,5.59,accessories,east
ORD-005099,2025-04-24,308.1,92.62,4,2.11,gadgets,north
ORD-005100,2025-04-24,304.36,42.52,5,4.59,accessories,south
ORD-005101,2025-04-24,306.68,76.62,1,7.29,widgets,east
ORD-005102,2025-04-24,278.44,32.31,4,5.86,accessories,west
ORD-005103,2025-04-24,306.39,40.01,5,2.05,gadgets,east
ORD-005104,2025-04-24,291.83,50.51,5,4.61,accessories,south
ORD-005105,2025-04-24,316.84,57.54,5,3.04,tools,south
ORD-005106,2025-04-24,315.8,71.73,5,2.29,gadgets,north
ORD-005107,2025-04-25,682.52,110.45,2,3.63,accessories,north
ORD-005108,2025-04-25,664.2,108.99,1,3.15,accessories,south
ORD-005109,2025-04-25,661.86,89.8,1,3.01,widgets,south
ORD-005110,2025-04-25,684.31,106.18,4,3.37,gadgets,west
ORD-005111,2025-04-26,530.4,91.65,1,3.28,widgets,west
ORD-005112,2025-04-26,533.04,80.17,4,3.43,gadgets,north
ORD-005113,2025-04-26,526.93,69.9,3,1.28,accessories,east
ORD-005114,2025-04-26,561.07,71.96,2,2.76,tools,north
ORD-005115,2025-04-26,531.48,62.3,3,1.61,widgets,south
ORD-005116,2025-04-27,901.38,122.84,1,5.9,accessories,west
ORD-005117,2025-04-27,906.26,131.7,3,2.66,gadgets,east
ORD-005118,2025-04-27,887.42,143.45,2,2.36,gadgets,west
ORD-005119,2025-04-28,374.41,63.86,5,1.65,widgets,south
ORD-005120,2025-04-28,391.89,35.68,3,2.92,accessories,east
ORD-005121,2025-04-28,383.37,58.68,4,3.07,tools,east
ORD-005122,2025-04-28,382.8,62.88,3,3.15,gadgets,west
ORD-005123,2025-04-28,407.7,40.2,5,2.99,widgets,north
ORD-005124,2025-04-28,372.91,37.51,3,5.11,gadgets,west
ORD-005125,2025-04-28,380.84,57.16,4,4.07,gadgets,south
ORD-005126,2025-04-29,545.95,73.6,2,4.17,accessories,east
ORD-005127,2025-04-29,512.97,74.22,5,4.59,tools,south
ORD-005128,2025-04-29,556.07,113.25,1,3.09,accessories,east
ORD-005129,2025-04-29,535.1,94.79,4,5.23,accessories,north
ORD-005130,2025-04-29,571.21,90.2,2,1.91,gadgets,east
ORD-005131,2025-04-30,391.12,57.38,2,2.92,tools,west
ORD-005132,2025-04-30,385.28,77.03,4,2.17,gadgets,east
ORD-005133,2025-04-30,376.6,44.98,5,3.03,gadgets,east
ORD-005134,2025-04-30,391.4,77.27,1,2.49,widgets,west
ORD-005135,2025-04-30,379.61,39.03,5,5.99,tools,east
ORD-005136,2025-04-30,387.69,85.83,2,6.31,accessories,west
ORD-005137,2025-04-30,384.12,37.29,4,2.39,gadgets,south
ORD-005138,2025-05-01,470.16,86.37,4,4.17,gadgets,north
ORD-005139,2025-05-01,483.51,82.27,5,3.42,gadgets,south
ORD-005140,2025-05-01,438.66,94.33,1,4.64,tools,south
ORD-005141,2025-05-01,448.95,47.54,1,3.86,gadgets,west
ORD-005142,2025-05-01,457.74,57.84,3,2.32,tools,west
ORD-005143,2025-05-01,448.04,102.33,3,5.09,gadgets,east
ORD-005144,2025-05-02,552.57,34.05,2,2.44,gadgets,south
ORD-005145,2025-05-02,552.13,88.34,3,1.9,widgets,south
ORD-005146,2025-05-02,547.87,59.14,1,3.98,accessories,south
ORD-005147,2025-05-02,540.85,81.29,3,1.8,accessories,north
ORD-005148,2025-05-02,534.12,94.08,4,2.5,accessories,east
ORD-005149,2025-05-03,388.44,57.33,5,3.93,widgets,south
ORD-005150,2025-05-03,379.86,78.35,5,2.06,tools,south
ORD-005151,2025-05-03,388.72,82.63,1,6.82,widgets,south
ORD-005152,2025-05-03,402.87,51.05,5,4.45,widgets,west
ORD-005153,2025-05-03,396.59,54.21,2,2.54,gadgets,west
ORD-005154,2025-05-03,380.01,5.0,1,4.21,tools,west
ORD-005155,2025-05-03,386.16,37.76,3,1.82,gadgets,north
ORD-005156,2025-05-04,518.13,86.04,4,2.7,gadgets,east
ORD-005157,2025-05-04,552.32,78.1,3,2.23,tools,north
ORD-005158,2025-05-04,525.73,65.93,2,3.87,widgets,west
ORD-005159,2025-05-04,522.77,100.07,2,2.44,gadgets,south
ORD-005160,2025-05-04,522.56,66.8,5,2.08,accessories,north
ORD-005161,2025-05-05,393.56,63.32,5,2.53,accessories,south
ORD-005162,2025-05-05,396.61,87.29,5,3.22,gadgets,south
ORD-005163,2025-05-05,373.08,79.13,4,4.39,tools,south
ORD-005164,2025-05-05,396.7,23.47,1,2.8,widgets,east
ORD-005165,2025-05-05,362.21,64.84,5,3.0,accessories,north
ORD-005166,2025-05-05,399.92,78.67,4,3.34,tools,west
ORD-005167,2025-05-05,383.45,62.99,3,1.91,accessories,south
ORD-005168,2025-05-06,708.34,119.23,3,2.93,gadgets,east
ORD-005169,2025-05-06,690.06,118.28,3,3.28,gadgets,east
ORD-005170,2025-05-06,696.86,90.22,4,3.42,tools,east
ORD-005171,2025-05-06,670.19,85.58,4,2.72,gadgets,north
ORD-005172,2025-05-07,657.54,70.0,2,1.7,gadgets,south
ORD-005173,2025-05-07,676.05,115.54,2,3.26,tools,north
ORD-005174,2025-05-07,691.49,125.19,2,2.56,widgets,west
ORD-005175,2025-05-07,672.01,117.87,4,3.03,accessories,west
ORD-005176,2025-05-08,235.64,62.35,4,2.51,accessories,south
ORD-005177,2025-05-08,238.57,71.78,3,2.77,gadgets,south
ORD-005178,2025-05-08,254.02,49.21,1,4.02,gadgets,south
ORD-005179,2025-05-08,260.93,60.33,1,1.0,tools,south
ORD-005180,2025-05-08,256.93,47.09,2,2.09,tools,east
ORD-005181,2025-05-08,218.92,12.88,1,4.13,accessories,south
ORD-005182,2025-05-08,255.09,62.98,4,5.92,accessories,east
ORD-005183,2025-05-08,267.63,55.54,4,2.72,tools,east
ORD-005184,2025-05-08,245.87,92.77,4,3.37,widgets,west
ORD-005185,2025-05-08,214.49,77.81,5,3.25,widgets,west
ORD-005186,2025-05-08,237.94,80.74,5,2.71,accessories,south
ORD-005187,2025-05-09,556.59,72.92,4,1.79,gadgets,north
ORD-005188,2025-05-09,557.7,77.02,1,3.79,accessories,south
ORD-005189,2025-05-09,529.36,85.15,1,3.25,accessories,east
ORD-005190,2025-05-09,550.01,79.21,2,1.54,accessories,west
ORD-005191,2025-05-09,527.46,77.66,1,4.96,accessories,west
ORD-005192,2025-05-10,679.03,123.85,1,3.68,gadgets,east
ORD-005193,2025-05-10,712.76,102.37,3,2.59,tools,west
ORD-005194,2025-05-10,659.63,103.07,1,4.01,gadgets,south
ORD-005195,2025-05-10,663.44,98.5,5,4.77,accessories,north
ORD-005196,2025-05-11,387.48,43.35,3,2.78,gadgets,east
ORD-005197,2025-05-11,368.26,49.37,3,5.83,accessories,north
ORD-005198,2025-05-11,392.37,62.12,5,3.63,gadgets,west
ORD-005199,2025-05-11,370.61,41.58,5,4.56,accessories,east
ORD-005200,2025-05-11,382.3,73.47,3,2.25,gadgets,west
ORD-005201,2025-05-11,403.33,75.64,5,4.72,accessories,south
ORD-005202,2025-05-11,386.13,100.31,1,0.98,gadgets,west
ORD-005203,2025-05-12,469.16,79.83,3,2.3,accessories,east
ORD-005204,2025-05-12,458.13,89.68,5,3.38,gadgets,south
ORD-005205,2025-05-12,452.08,96.65,4,5.9,tools,south
ORD-005206,2025-05-12,452.07,101.98,5,1.43,widgets,east
ORD-005207,2025-05-12,468.71,77.51,2,1.95,widgets,east
ORD-005208,2025-05-12,464.85,79.81,4,3.22,tools,north
ORD-005209,2025-05-13,584.68,87.77,3,7.28,tools,south
ORD-005210,2025-05-13,553.78,90.12,5,7.88,widgets,west
ORD-005211,2025-05-13,562.11,95.34,3,4.52,gadgets,south
ORD-005212,2025-05-13,547.55,95.66,3,2.61,tools,west
ORD-005213,2025-05-13,540.05,77.56,4,1.74,tools,north
ORD-005214,2025-05-14,561.23,98.91,2,2.52,accessories,south
ORD-005215,2025-05-14,572.79,101.75,4,2.28,widgets,north
ORD-005216,2025-05-14,532.91,58.08,5,3.16,widgets,west
ORD-005217,2025-05-14,554.56,72.07,5,4.66,widgets,south
ORD-005218,2025-05-14,543.94,70.69,4,1.48,widgets,north
ORD-005219,2025-05-15,906.35,114.37,5,4.95,gadgets,north
ORD-005220,2025-05-15,916.35,124.36,2,2.32,accessories,east
ORD-005221,2025-05-15,921.96,142.83,2,2.14,gadgets,west
ORD-005222,2025-05-16,897.68,111.35,1,4.81,gadgets,west
ORD-005223,2025-05-16,904.27,103.19,1,1.89,widgets,east
ORD-005224,2025-05-16,915.53,127.98,4,2.35,gadgets,east
ORD-005225,2025-05-17,331.8,62.85,4,3.46,tools,east
ORD-005226,2025-05-17,366.62,60.92,2,2.64,widgets,south
ORD-005227,2025-05-17,325.18,35.06,3,6.18,accessories,east
ORD-005228,2025-05-17,371.16,70.51,3,3.42,accessories,north
ORD-005229,2025-05-17,343.96,37.55,5,6.06,accessories,east
ORD-005230,2025-05-17,349.6,65.09,5,3.16,gadgets,north
ORD-005231,2025-05-17,360.35,78.96,3,2.52,tools,east
ORD-005232,2025-05-17,356.28,76.57,4,1.79,widgets,south
ORD-005233,2025-05-18,563.29,74.43,4,4.0,gadgets,east
ORD-005234,2025-05-18,549.64,76.62,2,3.25,widgets,east
ORD-005235,2025-05-18,554.35,115.93,1,1.84,accessories,north
ORD-005236,2025-05-18,553.83,84.2,2,2.56,gadgets,west
ORD-005237,2025-05-18,545.81,96.31,1,1.6,widgets,north
ORD-005238,2025-05-19,696.31,106.61,4,8.36,tools,north
ORD-005239,2025-05-19,706.98,103.97,2,4.13,accessories,south
ORD-005240,2025-05-19,703.07,93.42,1,3.74,widgets,west
ORD-005241,2025-05-19,696.25,108.96,1,3.09,accessories,north
ORD-005242,2025-05-20,703.56,113.39,4,2.98,widgets,east
ORD-005243,2025-05-20,684.4,124.6,1,2.57,gadgets,west
ORD-005244,2025-05-20,697.67,103.75,1,2.63,tools,north
ORD-005245,2025-05-20,711.8,112.65,1,5.53,tools,north
ORD-005246,2025-05-21,389.15,46.52,1,3.3,tools,east
ORD-005247,2025-05-21,400.92,54.62,4,5.22,gadgets,east
ORD-005248,2025-05-21,399.98,86.08,3,2.63,gadgets,east
ORD-005249,2025-05-21,413.07,77.11,3,2.42,gadgets,east
ORD-005250,2025-05-21,398.25,73.27,1,3.48,accessories,south
ORD-005251,2025-05-21,416.05,73.99,5,5.82,accessories,south
ORD-005252,2025-05-21,380.51,49.07,5,3.21,tools,east
ORD-005253,2025-05-22,394.72,93.95,3,3.28,accessories,west
ORD-005254,2025-05-22,381.77,76.29,3,1.28,gadgets,east
ORD-005255,2025-05-22,380.53,5.0,5,2.54,widgets,south
ORD-005256,2025-05-22,390.04,52.13,1,3.27,widgets,west
ORD-005257,2025-05-22,397.39,57.17,2,2.26,widgets,south
ORD-005258,2025-05-22,374.13,48.74,2,4.95,accessories,east
ORD-005259,2025-05-22,408.32,51.78,2,2.87,accessories,south
ORD-005260,2025-05-23,361.36,91.85,5,1.87,widgets,north
ORD-005261,2025-05-23,362.22,80.76,4,2.81,accessories,south
ORD-005262,2025-05-23,379.82,46.77,1,2.89,tools,east
ORD-005263,2025-05-23,367.04,65.04,5,2.53,gadgets,east
ORD-005264,2025-05-23,391.26,78.89,4,1.99,tools,west
ORD-005265,2025-05-23,399.86,27.21,3,2.91,accessories,south
ORD-005266,2025-05-23,404.76,86.72,2,1.47,gadgets,east
ORD-005267,2025-05-24,556.37,106.08,2,3.62,gadgets,west
ORD-005268,2025-05-24,529.96,49.96,2,2.12,accessories,west
ORD-005269,2025-05-24,557.07,64.19,2,2.94,accessories,west
ORD-005270,2025-05-24,556.84,115.39,4,2.56,widgets,north
ORD-005271,2025-05-24,556.15,74.65,5,2.82,tools,south
ORD-005272,2025-05-25,473.19,68.86,3,3.72,tools,west
ORD-005273,2025-05-25,454.04,63.19,5,4.4,gadgets,north
ORD-005274,2025-05-25,421.28,60.34,4,2.32,widgets,south
ORD-005275,2025-05-25,478.71,86.5,1,2.14,widgets,west
ORD-005276,2025-05-25,476.99,103.02,4,1.44,widgets,west
ORD-005277,2025-05-25,466.82,96.91,5,2.41,widgets,south
ORD-005278,2025-05-26,388.58,64.18,1,2.91,accessories,south
ORD-005279,2025-05-26,409.49,93.13,4,3.16,tools,north
ORD-005280,2025-05-26,392.02,50.79,1,3.05,gadgets,west
ORD-005281,2025-05-26,412.53,58.56,5,2.4,tools,east
ORD-005282,2025-05-26,385.52,97.73,3,3.48,tools,south
ORD-005283,2025-05-26,388.61,48.66,4,1.77,accessories,east
ORD-005284,2025-05-26,412.03,67.45,1,1.52,accessories,south
ORD-005285,2025-05-27,693.95,84.92,2,5.67,gadgets,north
ORD-005286,2025-05-27,707.48,90.34,5,3.38,accessories,east
ORD-005287,2025-05-27,676.11,82.59,1,3.46,tools,east
ORD-005288,2025-05-27,688.3,100.5,2,2.47,widgets,east
ORD-005289,2025-05-28,557.81,93.09,4,3.51,tools,west
ORD-005290,2025-05-28,544.67,91.71,1,1.88,widgets,east
ORD-005291,2025-05-28,566.31,85.47,4,2.56,tools,east
ORD-005292,2025-05-28,589.22,65.74,2,5.32,tools,south
ORD-005293,2025-05-28,547.59,71.42,5,2.25,accessories,south
ORD-005294,2025-05-29,449.55,85.94,2,3.66,tools,north
ORD-005295,2025-05-29,462.28,37.99,1,2.07,accessories,south
ORD-005296,2025-05-29,442.44,78.21,1,3.93,tools,west
ORD-005297,2025-05-29,458.44,54.24,5,1.87,accessories,west
ORD-005298,2025-05-29,483.09,75.62,4,3.43,widgets,east
ORD-005299,2025-05-29,448.87,97.35,3,1.81,tools,south
ORD-005300,2025-05-30,402.48,92.0,2,3.65,tools,south
ORD-005301,2025-05-30,413.51,69.54,3,2.04,widgets,north
ORD-005302,2025-05-30,381.0,66.09,1,4.27,accessories,west
ORD-005303,2025-05-30,393.28,68.72,1,5.93,tools,east
ORD-005304,2025-05-30,392.66,59.36,5,9.99,gadgets,south
ORD-005305,2025-05-30,390.27,66.65,4,3.04,gadgets,north
ORD-005306,2025-05-30,406.14,64.59,2,2.31,accessories,south
ORD-005307,2025-05-31,550.33,68.14,5,2.44,accessories,east
ORD-005308,2025-05-31,534.42,112.89,5,2.27,accessories,east
ORD-005309,2025-05-31,539.3,82.58,5,2.38,gadgets,east
ORD-005310,2025-05-31,545.84,50.77,2,6.85,widgets,east
ORD-005311,2025-05-31,549.01,85.72,5,4.47,gadgets,east
ORD-005312,2025-06-01,360.47,74.64,4,3.43,widgets,west
ORD-005313,2025-06-01,344.45,82.01,2,2.67,accessories,north
ORD-005314,2025-06-01,367.8,52.26,4,2.08,tools,east
ORD-005315,2025-06-01,348.74,75.1,5,3.39,gadgets,south
ORD-005316,2025-06-01,329.92,75.22,1,2.2,accessories,north
ORD-005317,2025-06-01,353.29,52.67,2,2.16,accessories,south
ORD-005318,2025-06-01,367.57,86.82,4,6.32,tools,west
ORD-005319,2025-06-01,357.02,72.93,2,3.4,widgets,west
ORD-005320,2025-06-02,548.64,74.42,1,3.07,accessories,north
ORD-005321,2025-06-02,585.34,70.11,4,2.7,tools,west
ORD-005322,2025-06-02,579.99,89.65,5,3.64,gadgets,south
ORD-005323,2025-06-02,584.98,103.57,4,1.93,widgets,south
ORD-005324,2025-06-02,555.59,89.12,3,2.82,accessories,south
ORD-005325,2025-06-03,476.59,58.74,5,4.9,tools,west
ORD-005326,2025-06-03,474.99,96.04,4,5.79,widgets,south
ORD-005327,2025-06-03,462.35,56.78,4,3.23,gadgets,east
ORD-005328,2025-06-03,480.78,66.93,1,2.74,accessories,west
ORD-005329,2025-06-03,459.66,56.47,1,1.7,widgets,south
ORD-005330,2025-06-03,506.2,55.22,4,2.68,tools,south
ORD-005331,2025-06-04,475.73,94.55,5,3.62,widgets,north
ORD-005332,2025-06-04,470.04,93.27,4,3.19,gadgets,north
ORD-005333,2025-06-04,457.65,85.46,5,6.47,accessories,west
ORD-005334,2025-06-04,471.47,96.6,2,2.93,tools,north
ORD-005335,2025-06-04,467.62,80.11,2,4.64,tools,south
ORD-005336,2025-06-04,453.03,80.36,4,3.41,gadgets,west
ORD-005337,2025-06-05,967.6,174.11,3,2.07,tools,north
ORD-005338,2025-06-05,936.53,142.06,3,5.2,accessories,east
ORD-005339,2025-06-05,931.48,106.7,2,1.3,accessories,west
ORD-005340,2025-06-06,939.68,145.67,4,1.84,tools,north
ORD-005341,2025-06-06,913.26,145.2,1,3.19,tools,west
ORD-005342,2025-06-06,926.07,117.56,2,2.66,gadgets,south
ORD-005343,2025-06-07,897.67,121.49,2,2.74,gadgets,west
ORD-005344,2025-06-07,944.25,118.45,3,2.45,gadgets,east
ORD-005345,2025-06-07,917.89,119.45,3,3.86,gadgets,east
ORD-005346,2025-06-08,470.0,67.66,3,6.8,tools,east
ORD-005347,2025-06-08,479.67,80.35,2,2.91,widgets,east
ORD-005348,2025-06-08,465.32,62.09,4,4.41,tools,north
ORD-005349,2025-06-08,453.24,71.1,5,2.34,accessories,north
ORD-005350,2025-06-08,459.34,67.37,5,1.95,tools,south
ORD-005351,2025-06-08,480.56,51.32,5,5.27,widgets,north
ORD-005352,2025-06-09,397.79,58.47,4,1.18,gadgets,east
ORD-005353,2025-06-09,433.66,64.34,1,2.94,tools,east
ORD-005354,2025-06-09,396.44,65.83,2,3.52,gadgets,west
ORD-005355,2025-06-09,390.7,54.26,4,2.23,tools,east
ORD-005356,2025-06-09,423.38,59.0,2,3.55,accessories,south
ORD-005357,2025-06-09,411.93,50.08,5,3.88,tools,east
ORD-005358,2025-06-09,387.7,60.18,2,3.3,gadgets,east
ORD-005359,2025-06-10,492.78,77.26,2,4.45,gadgets,east
ORD-005360,2025-06-10,485.04,95.77,3,5.23,gadgets,north
ORD-005361,2025-06-10,494.17,78.89,5,3.97,tools,west
ORD-005362,2025-06-10,474.44,105.49,5,5.75,gadgets,north
ORD-005363,2025-06-10,457.33,64.82,5,2.07,gadgets,north
ORD-005364,2025-06-10,497.23,98.9,1,2.2,gadgets,south
ORD-005365,2025-06-11,410.14,69.17,1,5.56,tools,south
ORD-005366,2025-06-11,406.85,64.69,4,2.07,gadgets,east
ORD-005367,2025-06-11,381.29,40.4,2,2.56,tools,north
ORD-005368,2025-06-11,410.66,93.02,3,1.37,tools,west
ORD-005369,2025-06-11,410.48,53.89,2,3.6,gadgets,east
ORD-005370,2025-06-11,402.34,73.22,3,2.36,gadgets,south
ORD-005371,2025-06-11,415.99,62.3,1,6.01,accessories,south
ORD-005372,2025-06-12,910.1,127.2,2,2.02,accessories,north
ORD-005373,2025-06-12,953.22,139.23,1,4.5,gadgets,south
ORD-005374,2025-06-12,908.57,135.99,2,2.88,accessories,north
ORD-005375,2025-06-13,717.88,88.4,2,3.47,accessories,north
ORD-005376,2025-06-13,699.55,79.47,1,4.06,tools,north
ORD-005377,2025-06-13,725.5,94.94,5,1.52,accessories,north
ORD-005378,2025-06-13,701.58,90.18,2,1.88,accessories,north
ORD-005379,2025-06-14,376.33,102.82,5,2.12,gadgets,north
ORD-005380,2025-06-14,406.64,61.74,4,2.71,tools,west
ORD-005381,2025-06-14,402.05,56.87,1,2.28,tools,east
ORD-005382,2025-06-14,408.14,76.34,3,5.55,tools,south
ORD-005383,2025-06-14,396.94,54.76,4,2.8,accessories,west
ORD-005384,2025-06-14,389.0,80.46,3,2.05,widgets,north
ORD-005385,2025-06-14,424.63,65.77,1,2.61,accessories,east
ORD-005386,2025-06-15,271.53,58.93,3,3.0,gadgets,north
ORD-005387,2025-06-15,265.56,44.12,2,3.2,accessories,north
ORD-005388,2025-06-15,238.56,73.54,4,2.73,widgets,east
ORD-005389,2025-06-15,257.71,71.54,3,3.22,widgets,east
ORD-005390,2025-06-15,234.36,39.29,4,2.51,widgets,south
ORD-005391,2025-06-15,259.95,61.04,2,2.1,tools,south
ORD-005392,2025-06-15,245.24,40.62,4,3.04,tools,north
ORD-005393,2025-06-15,275.74,74.23,4,3.14,accessories,south
ORD-005394,2025-06-15,252.38,56.78,3,1.96,accessories,north
ORD-005395,2025-06-15,258.48,51.9,3,5.26,accessories,west
ORD-005396,2025-06-15,260.19,48.19,3,3.24,tools,south
ORD-005397,2025-06-16,363.95,35.94,1,1.87,tools,west
ORD-005398,2025-06-16,337.1,53.29,1,2.85,gadgets,west
ORD-005399,2025-06-16,375.66,75.69,5,4.01,gadgets,east
ORD-005400,2025-06-16,382.4,84.41,3,2.37,gadgets,south
ORD-005401,2025-06-16,362.26,104.87,3,6.56,tools,south
ORD-005402,2025-06-16,327.58,47.87,4,2.09,gadgets,west
ORD-005403,2025-06-16,345.45,47.16,3,3.08,tools,north
ORD-005404,2025-06-16,341.05,41.39,4,2.17,gadgets,west
ORD-005405,2025-06-17,575.22,82.66,4,4.58,widgets,west
ORD-005406,2025-06-17,591.41,73.14,5,3.45,gadgets,north
ORD-005407,2025-06-17,577.55,77.76,1,2.82,accessories,north
ORD-005408,2025-06-17,572.13,112.75,4,3.57,widgets,north
ORD-005409,2025-06-17,574.72,122.49,3,2.29,tools,east
ORD-005410,2025-06-18,402.02,63.27,1,1.96,tools,north
ORD-005411,2025-06-18,398.88,70.01,3,2.55,tools,south
ORD-005412,2025-06-18,394.27,71.99,4,2.68,gadgets,east
ORD-005413,2025-06-18,414.09,73.69,4,6.68,gadgets,north
ORD-005414,2025-06-18,413.42,69.94,1,3.8,widgets,south
ORD-005415,2025-06-18,427.55,53.05,5,1.97,accessories,north
ORD-005416,2025-06-18,395.98,72.06,1,1.51,widgets,east
ORD-005417,2025-06-19,565.54,89.79,1,2.95,gadgets,east
ORD-005418,2025-06-19,575.95,88.02,1,3.2,tools,north
ORD-005419,2025-06-19,553.86,57.05,5,2.64,gadgets,west
ORD-005420,2025-06-19,567.57,77.39,3,2.58,accessories,west
ORD-005421,2025-06-19,582.29,92.6,3,2.63,gadgets,south
ORD-005422,2025-06-20,408.45,87.28,5,2.83,tools,east
ORD-005423,2025-06-20,379.93,58.78,4,1.68,tools,west
ORD-005424,2025-06-20,420.64,71.6,2,2.09,tools,west
ORD-005425,2025-06-20,400.8,51.24,1,3.5,accessories,west
ORD-005426,2025-06-20,387.76,81.45,3,2.93,widgets,west
ORD-005427,2025-06-20,385.36,78.9,5,1.69,accessories,west
ORD-005428,2025-06-20,410.18,62.55,1,2.37,tools,west
ORD-005429,2025-06-21,560.5,58.44,3,1.49,widgets,south
ORD-005430,2025-06-21,581.65,100.65,3,1.04,accessories,west
ORD-005431,2025-06-21,569.24,85.77,5,3.24,tools,east
ORD-005432,2025-06-21,560.43,48.51,5,3.35,gadgets,south
ORD-005433,2025-06-21,579.49,63.14,1,1.84,tools,east
ORD-005434,2025-06-22,397.22,84.25,2,8.19,widgets,north
ORD-005435,2025-06-22,404.52,89.59,5,4.62,tools,east
ORD-005436,2025-06-22,415.27,61.04,5,2.9,tools,east
ORD-005437,2025-06-22,367.08,52.75,2,2.65,gadgets,north
ORD-005438,2025-06-22,392.57,74.54,5,2.82,accessories,north
ORD-005439,2025-06-22,389.69,50.82,1,2.66,widgets,north
ORD-005440,2025-06-22,413.64,45.93,3,3.86,gadgets,south
ORD-005441,2025-06-23,714.54,106.91,1,3.66,widgets,south
ORD-005442,2025-06-23,721.09,96.84,3,1.77,tools,east
ORD-005443,2025-06-23,722.42,148.5,3,2.93,widgets,south
ORD-005444,2025-06-23,723.66,100.87,2,1.96,tools,south
ORD-005445,2025-06-24,951.08,85.95,4,2.62,gadgets,north
ORD-005446,2025-06-24,981.49,110.37,1,4.2,widgets,north
ORD-005447,2025-06-24,957.94,133.99,2,5.64,widgets,east
ORD-005448,2025-06-25,581.47,70.52,2,1.62,tools,west
ORD-005449,2025-06-25,612.48,113.92,1,2.94,tools,east
ORD-005450,2025-06-25,578.69,60.57,4,2.09,widgets,west
ORD-005451,2025-06-25,593.03,99.92,5,3.16,gadgets,east
ORD-005452,2025-06-25,565.93,42.42,2,4.3,accessories,east
ORD-005453,2025-06-26,274.61,20.38,1,2.32,tools,east
ORD-005454,2025-06-26,247.02,37.14,2,2.08,tools,south
ORD-005455,2025-06-26,232.99,50.48,4,4.77,widgets,north
ORD-005456,2025-06-26,242.82,65.81,3,2.57,accessories,east
ORD-005457,2025-06-26,267.39,63.77,3,2.96,gadgets,west
ORD-005458,2025-06-26,261.57,49.19,4,2.82,gadgets,west
ORD-005459,2025-06-26,269.32,34.42,5,2.88,gadgets,west
ORD-005460,2025-06-26,251.0,88.92,4,3.1,tools,west
ORD-005461,2025-06-26,248.44,58.66,2,2.29,accessories,south
ORD-005462,2025-06-26,255.78,23.3,5,2.23,widgets,east
ORD-005463,2025-06-26,254.89,43.05,1,5.07,tools,west
ORD-005464,2025-06-27,574.58,90.09,1,3.8,widgets,north
ORD-005465,2025-06-27,558.48,52.41,1,2.37,accessories,east
ORD-005466,2025-06-27,559.27,91.18,5,3.96,accessories,east
ORD-005467,2025-06-27,546.24,109.0,5,2.45,widgets,north
ORD-005468,2025-06-27,582.65,62.63,4,2.0,tools,north
ORD-005469,2025-06-28,471.88,74.29,2,7.56,tools,east
ORD-005470,2025-06-28,475.27,80.36,3,6.31,widgets,east
ORD-005471,2025-06-28,489.45,93.37,2,3.01,widgets,east
ORD-005472,2025-06-28,470.85,90.51,5,4.1,tools,west
ORD-005473,2025-06-28,487.83,86.5,2,4.91,gadgets,east
ORD-005474,2025-06-28,462.77,92.92,5,2.39,tools,north
ORD-005475,2025-06-29,329.63,104.1,2,6.13,accessories,east
ORD-005476,2025-06-29,347.34,79.88,2,3.8,accessories,south
ORD-005477,2025-06-29,343.25,51.52,3,1.25,tools,east
ORD-005478,2025-06-29,351.31,61.69,4,1.71,widgets,south
ORD-005479,2025-06-29,352.33,54.52,1,4.55,accessories,east
ORD-005480,2025-06-29,373.76,61.47,2,2.1,gadgets,west
ORD-005481,2025-06-29,373.31,78.0,2,5.08,widgets,north
ORD-005482,2025-06-29,382.11,84.41,4,2.87,widgets,north
ORD-005483,2025-06-30,344.91,80.22,2,4.98,accessories,west
ORD-005484,2025-06-30,367.76,66.44,3,1.93,tools,east
ORD-005485,2025-06-30,323.43,59.55,2,1.93,gadgets,south
ORD-005486,2025-06-30,358.59,82.63,5,3.77,tools,south
ORD-005487,2025-06-30,351.37,65.25,4,5.46,widgets,north
ORD-005488,2025-06-30,356.51,78.37,2,4.59,widgets,north
ORD-005489,2025-06-30,340.22,60.43,2,3.73,tools,south
ORD-005490,2025-06-30,358.44,66.5,4,4.33,widgets,north
ORD-005491,2025-07-01,476.23,73.13,2,2.33,accessories,west
ORD-005492,2025-07-01,476.41,105.19,5,2.93,widgets,east
ORD-005493,2025-07-01,511.06,93.22,1,3.39,widgets,west
ORD-005494,2025-07-01,497.12,73.88,3,5.04,accessories,east
ORD-005495,2025-07-01,519.01,60.23,1,2.42,accessories,east
ORD-005496,2025-07-01,514.37,70.4,1,3.55,tools,north
